direction,entry_time,entry_price,exit_time,exit_price,exit_reason,sl_dist_pct,gross_pnl_pct,net_pnl_pct,r_multiple
short,2025-01-02 01:30:00,1.03616,2025-01-02 02:00:00,1.0367673891780524,SL,0.0005861924587442601,-0.0005861924587442822,-0.0008861924587442822,-1.5117773105486232
long,2025-01-02 16:30:00,1.02648,2025-01-03 00:30:00,1.02718,TECH,0.0012804038229713877,0.0006819421713037982,0.00038194217130379826,0.2982982122135801
long,2025-01-03 01:30:00,1.02732,2025-01-03 02:30:00,1.0283528663231407,TP,0.0005026994135910468,0.0010053988271820874,0.0007053988271820875,1.40322190181813
short,2025-01-03 10:30:00,1.02751,2025-01-03 10:45:00,1.0286976469421503,SL,0.0011558495218054923,-0.0011558495218054758,-0.0014558495218054757,-1.2595493568499896
long,2025-01-03 12:45:00,1.02997,2025-01-05 19:15:00,1.02965,TECH,0.0012195635063911136,-0.0003106886608348767,-0.0006106886608348767,-0.5007436329757059
long,2025-01-05 21:30:00,1.03133,2025-01-06 01:30:00,1.0309,TECH,0.0007841648844412804,-0.00041693735273884446,-0.0007169373527388444,-0.914268627636475
long,2025-01-06 03:00:00,1.03274,2025-01-06 03:30:00,1.0343317783358834,TP,0.0007706578305688681,0.0015413156611377697,0.0012413156611377697,1.610722180324154
short,2025-01-06 10:45:00,1.03753,2025-01-06 16:15:00,1.03878,TECH,0.002687766763485836,-0.0012047844399679752,-0.0015047844399679751,-0.5598642190278372
short,2025-01-06 19:00:00,1.03831,2025-01-06 22:30:00,1.0391532964155308,SL,0.0008121817333270352,-0.0008121817333269585,-0.0011121817333269585,-1.369375458336151
long,2025-01-06 22:45:00,1.03924,2025-01-07 02:00:00,1.0406611455259722,TP,0.0006837426994593779,0.0013674853989187083,0.0010674853989187084,1.5612384596760571
short,2025-01-07 07:30:00,1.04053,2025-01-07 10:00:00,1.0381077550988507,TP,0.0011639476522297256,0.002327895304459539,0.0020278953044595392,1.7422564499140365
long,2025-01-07 20:00:00,1.03468,2025-01-08 00:15:00,1.03502,TECH,0.0007278340634681511,0.00032860401283489284,2.860401283489287e-05,0.03930018430106705
long,2025-01-08 01:00:00,1.03549,2025-01-08 01:45:00,1.0349446727280114,SL,0.0005266369274340205,-0.0005266369274340053,-0.0008266369274340052,-1.5696524196692798
short,2025-01-08 02:45:00,1.03356,2025-01-08 03:45:00,1.0320729499878507,TP,0.0007193825284208061,0.0014387650568417187,0.0011387650568417187,1.5829756935319854
long,2025-01-08 10:45:00,1.02989,2025-01-08 19:45:00,1.03083,TECH,0.0015515877035394763,0.000912718834050181,0.0006127188340501811,0.3948979697715115
long,2025-01-08 22:00:00,1.03165,2025-01-08 23:00:00,1.0310718810367545,SL,0.0005603828461643806,-0.0005603828461643428,-0.0008603828461643428,-1.5353482927847533
short,2025-01-09 00:00:00,1.03089,2025-01-09 02:30:00,1.0296993285490632,TP,0.0005774968478386466,0.0011549936956774004,0.0008549936956774005,1.480516645029874
long,2025-01-09 05:15:00,1.03063,2025-01-09 07:30:00,1.03011,TECH,0.0010655229970062492,-0.0005045457632708673,-0.0008045457632708673,-0.7550712331234168
long,2025-01-09 09:15:00,1.03123,2025-01-09 10:00:00,1.030230148529543,SL,0.0009695717448647727,-0.0009695717448648727,-0.0012695717448648726,-1.3094149572623337
short,2025-01-09 11:30:00,1.02951,2025-01-09 15:15:00,1.03003,TECH,0.0009575907164820041,-0.0005050946566814077,-0.0008050946566814077,-0.840750273393589
short,2025-01-09 18:00:00,1.03007,2025-01-09 21:45:00,1.02992,TECH,0.0004853283265210095,0.0001456211713767943,-0.0001543788286232057,-0.3180915272962596
short,2025-01-10 00:00:00,1.0295,2025-01-10 00:45:00,1.0285040343283132,TP,0.00048371329367986594,0.0009674265873598016,0.0006674265873598017,1.379797901112724
long,2025-01-10 04:00:00,1.03027,2025-01-10 08:30:00,1.0294609704294495,SL,0.0007852597576853973,-0.0007852597576853761,-0.0010852597576853761,-1.3820391877513851
short,2025-01-10 08:45:00,1.02505,2025-01-10 09:15:00,1.0267821589685602,SL,0.001689828758167954,-0.0016898287581680505,-0.0019898287581680504,-1.1775327816798105
long,2025-01-10 15:45:00,1.0243,2025-01-12 19:00:00,1.0243,TECH,0.0013498716985744295,0.0,-0.0003,-0.22224334380580282
long,2025-01-12 19:15:00,1.02421,2025-01-12 19:30:00,1.02403,TECH,0.0009183115603810452,-0.00017574520850222999,-0.00047574520850223,-0.5180651415352147
long,2025-01-12 20:00:00,1.02424,2025-01-12 20:15:00,1.02452,TECH,0.0008601396149741103,0.000273373428102845,-2.6626571897154984e-05,-0.030956104606292816
long,2025-01-12 20:30:00,1.02449,2025-01-12 20:45:00,1.02419,TECH,0.0008432877228099492,-0.0002928286269265361,-0.0005928286269265361,-0.7029968667765618
long,2025-01-12 22:00:00,1.02402,2025-01-12 22:15:00,1.02338,TECH,0.0008142467682619171,-0.0006249877932071385,-0.0009249877932071384,-1.1360042548054663
long,2025-01-13 03:15:00,1.02289,2025-01-13 03:30:00,1.0217619856397668,SL,0.001102771911186198,-0.0011027719111861907,-0.0014027719111861907,-1.2720417494831704
short,2025-01-13 04:30:00,1.01868,2025-01-13 05:00:00,1.0202344113424728,SL,0.0015259073923830908,-0.0015259073923830895,-0.0018259073923830894,-1.1966043296582192
long,2025-01-13 09:15:00,1.02064,2025-01-13 11:00:00,1.0191685841068316,SL,0.001441660030146115,-0.0014416600301461323,-0.0017416600301461322,-1.2080934434796058
short,2025-01-13 16:15:00,1.0219,2025-01-13 16:30:00,1.02224,TECH,0.0009026404042407429,-0.0003327135727566366,-0.0006327135727566366,-0.7009586207132446
short,2025-01-13 21:15:00,1.0242,2025-01-13 22:00:00,1.025392384855826,SL,0.001164210950816171,-0.0011642109508162044,-0.0014642109508162043,-1.2576852586635765
long,2025-01-14 00:00:00,1.02501,2025-01-14 03:15:00,1.026848368708322,TP,0.0008967564747281064,0.0017935129494562028,0.001493512949456203,1.6654610159453056
short,2025-01-14 07:00:00,1.0254,2025-01-14 08:30:00,1.0265224090686105,SL,0.001094606074322581,-0.001094606074322592,-0.001394606074322592,-1.2740711997105187
long,2025-01-14 10:15:00,1.02745,2025-01-14 15:15:00,1.030806957439719,TP,0.0016336354273779122,0.003267270854755927,0.002967270854755927,1.816360495755521
short,2025-01-14 20:00:00,1.03012,2025-01-15 00:15:00,1.03011,TECH,0.0006534498672347183,9.707606880599802e-06,-0.0002902923931194002,-0.44424585216898904
short,2025-01-15 01:00:00,1.0293,2025-01-15 02:30:00,1.0298803941304433,SL,0.0005638726614624369,-0.000563872661462349,-0.000863872661462349,-1.5320350151785058
long,2025-01-15 03:30:00,1.03015,2025-01-15 08:00:00,1.02996,TECH,0.0009264917220567376,-0.0001844391593456414,-0.00048443915934564137,-0.5228747843210354
long,2025-01-15 09:00:00,1.03444,2025-01-15 09:00:00,1.0328521856784751,SL,0.001534950622099774,-0.001534950622099767,-0.001834950622099767,-1.1954460265240328
short,2025-01-15 11:45:00,1.02768,2025-01-15 15:30:00,1.0298003516909044,SL,0.0020632411751757497,-0.0020632411751756586,-0.0023632411751756586,-1.1454022940262203
long,2025-01-15 15:45:00,1.02958,2025-01-15 18:00:00,1.02923,TECH,0.0011355730635937429,-0.0003399444433651105,-0.0006399444433651104,-0.5635431694195714
long,2025-01-15 19:30:00,1.02948,2025-01-15 19:45:00,1.0288069389802057,SL,0.000653787368180381,-0.000653787368180297,-0.000953787368180297,-1.458864784792149
short,2025-01-15 22:00:00,1.02869,2025-01-16 02:00:00,1.0295249913699362,SL,0.0008117035938291951,-0.000811703593829185,-0.001111703593829185,-1.369593041450939
long,2025-01-16 02:45:00,1.02961,2025-01-16 03:30:00,1.0288511555746713,SL,0.0007370212268029322,-0.0007370212268029511,-0.0010370212268029512,-1.4070439074073429
short,2025-01-16 06:00:00,1.02854,2025-01-16 07:30:00,1.0266058665708124,TP,0.0009402324796252799,0.0018804649592505677,0.0015804649592505678,1.6809299758294312
long,2025-01-16 10:45:00,1.03013,2025-01-16 15:15:00,1.02981,TECH,0.001525531919356109,-0.00031064040460922215,-0.0006106404046092222,-0.40028031984211715
long,2025-01-16 18:00:00,1.03012,2025-01-16 23:30:00,1.0298,TECH,0.0008034087627821953,-0.0003106434201839358,-0.0006106434201839357,-0.7600656707667521
long,2025-01-17 04:30:00,1.02986,2025-01-17 04:45:00,1.0290634931648197,SL,0.0007734127310316507,-0.0007734127310316824,-0.0010734127310316824,-1.387891209910475
short,2025-01-17 08:45:00,1.02954,2025-01-17 09:00:00,1.0273677428650196,TP,0.0010549649042195012,0.002109929808438973,0.001809929808438973,1.7156303505451875
long,2025-01-17 11:30:00,1.02938,2025-01-17 12:45:00,1.0282,TECH,0.0017732745350917262,-0.0011463210864792,-0.0014463210864791999,-0.8156216411264181
long,2025-01-19 19:15:00,1.02898,2025-01-19 20:30:00,1.0279446262633276,SL,0.0010062136646702361,-0.001006213664670252,-0.0013062136646702519,-1.2981474119597989
short,2025-01-20 13:30:00,1.03861,2025-01-20 14:45:00,1.0410601886218482,SL,0.0023591036306680273,-0.002359103630668108,-0.002659103630668108,-1.1271669443004204
long,2025-01-20 15:15:00,1.04289,2025-01-20 19:45:00,1.0407372334056344,SL,0.0020642316968863287,-0.0020642316968862446,-0.0023642316968862445,-1.1453325227262199
short,2025-01-20 20:00:00,1.0362,2025-01-20 20:15:00,1.0383454406299104,SL,0.002070488930621975,-0.002070488930621888,-0.0023704889306218877,-1.1448933126678407
long,2025-01-21 00:00:00,1.03897,2025-01-21 01:30:00,1.0372843202075595,SL,0.0016224528065684285,-0.0016224528065685224,-0.0019224528065685223,-1.1849052242293625
short,2025-01-21 01:45:00,1.03721,2025-01-21 02:30:00,1.038526897447622,SL,0.0012696536358327438,-0.001269653635832753,-0.0015696536358327528,-1.2362849138798742
long,2025-01-21 08:30:00,1.03628,2025-01-21 09:15:00,1.038964579638608,TP,0.0012952964636043973,0.0025905929272087747,0.0022905929272087748,1.768392790044979
short,2025-01-21 16:15:00,1.04237,2025-01-21 17:45:00,1.04276,TECH,0.001006094149366784,-0.0003741473756918277,-0.0006741473756918276,-0.6700639061623833
short,2025-01-21 18:15:00,1.03955,2025-01-21 18:15:00,1.0407395329850535,SL,0.001144276836182516,-0.0011442768361825135,-0.0014442768361825134,-1.2621743187608723
long,2025-01-21 23:15:00,1.04169,2025-01-21 23:30:00,1.04193,TECH,0.0009045879456972083,0.00023039483915562016,-6.960516084437982e-05,-0.07694681448660236
long,2025-01-21 23:45:00,1.04176,2025-01-22 00:15:00,1.0415,TECH,0.0008524317202349772,-0.0002495776378435791,-0.000549577637843579,-0.6447174885656357
long,2025-01-22 00:30:00,1.04116,2025-01-22 01:30:00,1.0402959710992306,SL,0.0008298713941849353,-0.0008298713941848814,-0.0011298713941848813,-1.3615017966664502
short,2025-01-22 01:45:00,1.0403,2025-01-22 02:00:00,1.041214810017131,SL,0.0008793713516590924,-0.0008793713516591434,-0.0011793713516591434,-1.3411528012983902
long,2025-01-22 04:00:00,1.04232,2025-01-22 04:45:00,1.0444223694578438,TP,0.0010085048055510878,0.0020170096111020823,0.0017170096111020824,1.7025299251438262
short,2025-01-22 08:45:00,1.04285,2025-01-22 14:45:00,1.04196,TECH,0.0012580304873932918,0.0008534305029487053,0.0005534305029487054,0.439918196335165
short,2025-01-22 16:30:00,1.04104,2025-01-22 20:45:00,1.04094,TECH,0.0007819914214246356,9.605778836547009e-05,-0.00020394221163452987,-0.260798528023475
short,2025-01-22 21:30:00,1.04054,2025-01-22 23:30:00,1.0412395911900438,SL,0.0006723347396966072,-0.0006723347396965166,-0.0009723347396965165,-1.4462063051141536
long,2025-01-23 00:00:00,1.04107,2025-01-23 00:45:00,1.040514018258973,SL,0.000534048374294659,-0.0005340483742947167,-0.0008340483742947167,-1.561746864965708
short,2025-01-23 02:15:00,1.03961,2025-01-23 04:00:00,1.040327871744815,SL,0.0006905202381806691,-0.0006905202381807405,-0.0009905202381807405,-1.434455043331516
long,2025-01-23 05:30:00,1.04178,2025-01-23 06:00:00,1.0408632765621373,SL,0.000879958760835065,-0.0008799587608349587,-0.0011799587608349587,-1.3409250675738476
short,2025-01-23 08:15:00,1.03984,2025-01-23 08:15:00,1.0408633140422754,SL,0.0009841072109895562,-0.0009841072109894712,-0.0012841072109894712,-1.3048448346377362
long,2025-01-23 10:30:00,1.0395,2025-01-23 10:45:00,1.03955,TECH,0.0011661129858018045,4.8100048099936e-05,-0.00025189995190006396,-0.21601676249824175
long,2025-01-23 12:15:00,1.04209,2025-01-23 16:15:00,1.04144,TECH,0.0016504111655793012,-0.0006237465094186102,-0.0009237465094186102,-0.5597068952780451
long,2025-01-23 20:15:00,1.0419,2025-01-23 20:45:00,1.0411666192274545,SL,0.0007038878707608185,-0.0007038878707607148,-0.0010038878707607148,-1.4262042470992322
short,2025-01-24 08:00:00,1.04737,2025-01-24 09:45:00,1.0486727782884158,SL,0.0012438567921706303,-0.0012438567921707242,-0.0015438567921707241,-1.2411853212431068
long,2025-01-24 10:45:00,1.05102,2025-01-24 13:45:00,1.0494975375864424,SL,0.001448557033698501,-0.0014485570336983979,-0.0017485570336983978,-1.207102649754789
short,2025-01-24 14:30:00,1.0495,2025-01-26 18:15:00,1.0472270167854576,TP,0.0010828886205538743,0.002165777241107671,0.001865777241107671,1.722963198332776
long,2025-01-27 03:45:00,1.04785,2025-01-27 05:00:00,1.0501109246704072,TP,0.001078839848455031,0.002157679696910133,0.001857679696910133,1.7219235084525768
short,2025-01-27 10:45:00,1.04954,2025-01-27 16:30:00,1.04898,TECH,0.001344022787806306,0.0005335670865330468,0.0002335670865330468,0.1737820881104788
short,2025-01-27 18:30:00,1.04454,2025-01-28 01:45:00,1.04377,TECH,0.001119865638946165,0.0007371665996514613,0.00043716659965146136,0.3903741524410476
short,2025-01-28 04:00:00,1.04254,2025-01-28 04:15:00,1.0437042640980219,SL,0.001116757244826914,-0.0011167572448269024,-0.0014167572448269023,-1.2686349261575511
long,2025-01-28 10:15:00,1.04374,2025-01-28 10:45:00,1.0426483534903304,SL,0.0010458988921277983,-0.001045898892127858,-0.001345898892127858,-1.2868346092132612
short,2025-01-28 12:45:00,1.04307,2025-01-28 15:15:00,1.04326,TECH,0.0010064478536455203,-0.00018215460132122918,-0.0004821546013212292,-0.4790656560842031
short,2025-01-28 18:00:00,1.04283,2025-01-28 20:30:00,1.04325,TECH,0.0006078127464161512,-0.00040275020856715574,-0.0007027502085671558,-1.1561952471559451
short,2025-01-29 02:45:00,1.04183,2025-01-29 03:00:00,1.0425762470378053,SL,0.0007162848428296163,-0.0007162848428296714,-0.0010162848428296714,-1.4188277931652624
long,2025-01-29 10:45:00,1.04252,2025-01-29 11:00:00,1.041193788075545,SL,0.0012721213256865383,-0.0012721213256866172,-0.001572121325686617,-1.2358265630349172
short,2025-01-29 15:15:00,1.04193,2025-01-29 18:00:00,1.04211,TECH,0.0017421281988171293,-0.00017275632720054992,-0.0004727563272005499,-0.27136712873458
short,2025-01-29 22:15:00,1.0424,2025-01-29 23:00:00,1.04251,TECH,0.0007073527882714404,-0.00010552570990028252,-0.0004055257099002825,-0.5733005038281769
short,2025-01-29 23:45:00,1.04193,2025-01-30 03:00:00,1.0426004961173063,SL,0.000643513592377986,-0.0006435135923778912,-0.0009435135923778911,-1.466190619053298
long,2025-01-30 04:30:00,1.04085,2025-01-30 05:00:00,1.0407,TECH,0.0009675645413500684,-0.00014411298458000144,-0.0004441129845800014,-0.4590008889332786
long,2025-01-30 09:00:00,1.0456,2025-01-30 09:00:00,1.0439880301450026,SL,0.0015416697159500985,-0.0015416697159501267,-0.0018416697159501266,-1.1945942097040834
short,2025-01-30 12:45:00,1.04156,2025-01-30 15:15:00,1.04275,TECH,0.0015649760753428034,-0.0011425169937401823,-0.0014425169937401822,-0.921750189327465
short,2025-01-30 16:00:00,1.04071,2025-01-30 20:45:00,1.03879,TECH,0.0015389717626476168,0.0018448943509718574,0.0015448943509718575,1.0038484061033397
short,2025-01-30 21:00:00,1.03885,2025-01-31 01:45:00,1.03939,TECH,0.0010746566126941454,-0.0005198055542185926,-0.0008198055542185925,-0.7628534962096909
short,2025-01-31 04:45:00,1.03775,2025-01-31 08:00:00,1.0389849005080307,SL,0.0011899788080277998,-0.0011899788080277209,-0.0014899788080277208,-1.2521053299235834
long,2025-01-31 08:30:00,1.03882,2025-01-31 09:00:00,1.0375972612775917,SL,0.0011770458042859992,-0.0011770458042860282,-0.0014770458042860281,-1.2548753828505512
short,2025-01-31 10:15:00,1.03704,2025-01-31 10:45:00,1.0383816920706344,SL,0.0012937708001952446,-0.001293770800195164,-0.0015937708001951638,-1.231880329927562
long,2025-01-31 11:45:00,1.04053,2025-01-31 13:15:00,1.0389633884469418,SL,0.0015055899907336914,-0.001505589990733713,-0.001805589990733713,-1.19925743518913
short,2025-01-31 14:45:00,1.03685,2025-02-02 17:00:00,1.0325798399703068,TP,0.0020591985483402677,0.004118397096680591,0.003818397096680591,1.8543122516079147
long,2025-02-03 01:00:00,1.024,2025-02-03 02:45:00,1.0222245837357986,SL,0.0017338049455091654,-0.001733804945509192,-0.002033804945509192,-1.173029844433813
short,2025-02-03 14:00:00,1.02782,2025-02-03 16:15:00,1.02936,TECH,0.002377874456151935,-0.0014983168259034626,-0.0017983168259034625,-0.7562707195289197
short,2025-02-03 20:45:00,1.03168,2025-02-04 00:00:00,1.0287784329404712,TP,0.001406234035519116,0.0028124680710382185,0.0025124680710382186,1.7866642447682848
long,2025-02-04 03:15:00,1.03197,2025-02-04 04:00:00,1.0344124798831038,TP,0.001183406437737455,0.002366812875474824,0.002066812875474824,1.7464945343937344
short,2025-02-04 07:30:00,1.03249,2025-02-04 08:00:00,1.0336110427100087,SL,0.0010857661672352605,-0.0010857661672353152,-0.001385766167235315,-1.2763025861857156
long,2025-02-04 09:30:00,1.03494,2025-02-04 10:00:00,1.0375446322501896,TP,0.001258349397158083,0.0025166987943161796,0.0022166987943161797,1.7615924474732367
short,2025-02-04 17:45:00,1.03768,2025-02-04 20:15:00,1.038585858685741,SL,0.0008729653513039681,-0.0008729653513039783,-0.0011729653513039783,-1.3436562511351606
long,2025-02-04 21:15:00,1.03829,2025-02-05 00:30:00,1.03745,TECH,0.0009253133951187076,-0.0008090225274248543,-0.0011090225274248543,-1.198537201855355
long,2025-02-05 02:15:00,1.03903,2025-02-05 02:15:00,1.0407367001034893,TP,0.0008212949113545321,0.0016425898227090548,0.001342589822709055,1.634723172087807
short,2025-02-05 10:30:00,1.04202,2025-02-05 10:45:00,1.04173,TECH,0.0014280814133664488,0.00027830559874081253,-2.1694401259187443e-05,-0.01519129165615757
short,2025-02-05 12:45:00,1.04177,2025-02-05 22:45:00,1.0390138245648932,TP,0.0013228329838193263,0.0026456659676386022,0.0023456659676386023,1.7732140008076602
long,2025-02-06 09:30:00,1.03671,2025-02-06 13:30:00,1.0387230556980844,TP,0.0009708866018869487,0.0019417732037738705,0.0016417732037738706,1.6910040787286926
short,2025-02-06 18:00:00,1.03822,2025-02-06 19:00:00,1.0389168142917384,SL,0.0006711624624246437,-0.0006711624624246425,-0.0009711624624246424,-1.4469856656110023
long,2025-02-06 22:45:00,1.03784,2025-02-06 23:15:00,1.03767,TECH,0.0005992388683932015,-0.00016380174207970735,-0.0004638017420797073,-0.7739847438857643
long,2025-02-07 03:15:00,1.03919,2025-02-07 05:30:00,1.0384851402234092,SL,0.0006782780594412841,-0.0006782780594413431,-0.000978278059441343,-1.4422964827244702
short,2025-02-07 06:45:00,1.03814,2025-02-07 08:30:00,1.0388504675874994,SL,0.0006843658730992798,-0.0006843658730993651,-0.000984365873099365,-1.4383620104279582
long,2025-02-07 16:15:00,1.03305,2025-02-09 17:00:00,1.0314145974217162,SL,0.001583081727199938,-0.001583081727199916,-0.001883081727199916,-1.1895037980955034
short,2025-02-09 17:15:00,1.02958,2025-02-09 19:00:00,1.0313655491992493,SL,0.0017342500818289166,-0.0017342500818288396,-0.0020342500818288397,-1.172985432229905
long,2025-02-09 23:45:00,1.03145,2025-02-10 04:00:00,1.03315165458534,TP,0.0008248846698046742,0.0016497693396093913,0.0013497693396093914,1.6363127950104899
short,2025-02-10 08:00:00,1.03137,2025-02-10 08:15:00,1.0323662831955462,SL,0.0009659803906903215,-0.0009659803906903863,-0.0012659803906903862,-1.3105653105294144
long,2025-02-11 00:30:00,1.03039,2025-02-11 03:30:00,1.0313564847666938,TP,0.00046898978381676774,0.0009379795676335371,0.0006379795676335371,1.3603272174534038
short,2025-02-11 20:00:00,1.03571,2025-02-11 20:45:00,1.0363857437163058,SL,0.0006524449086190219,-0.0006524449086190675,-0.0009524449086190676,-1.4598089371791279
long,2025-02-11 22:15:00,1.03638,2025-02-11 23:45:00,1.0357348923104948,SL,0.0006224625036235801,-0.0006224625036234969,-0.0009224625036234968,-1.481956741576413
short,2025-02-12 00:15:00,1.03556,2025-02-12 02:00:00,1.0361497161151452,SL,0.0005694659074752347,-0.0005694659074753115,-0.0008694659074753115,-1.5268094122265314
long,2025-02-12 03:00:00,1.03758,2025-02-12 03:45:00,1.036902280888934,SL,0.0006531728744442495,-0.0006531728744442302,-0.0009531728744442301,-1.4592964768404304
short,2025-02-12 08:45:00,1.03279,2025-02-12 09:00:00,1.0341258484332942,SL,0.0012934366456822605,-0.0012934366456822306,-0.0015934366456822305,-1.2319402353423552
long,2025-02-12 12:00:00,1.0391,2025-02-12 15:45:00,1.03938,TECH,0.001999498151669609,0.00026946395919551344,-3.053604080448653e-05,-0.015271852479077568
long,2025-02-12 19:45:00,1.03994,2025-02-12 19:45:00,1.0389357677413984,SL,0.0009656636523277671,-0.0009656636523277202,-0.0012656636523277203,-1.3106671761713227
short,2025-02-13 03:30:00,1.04191,2025-02-13 06:45:00,1.0398501713951616,TP,0.0009884868198013342,0.001976973639602588,0.001676973639602588,1.6965058167792522
long,2025-02-13 11:00:00,1.04332,2025-02-13 13:30:00,1.0414760621614965,SL,0.0017673751471299498,-0.001767375147129895,-0.002067375147129895,-1.1697432491834667
short,2025-02-13 14:45:00,1.04341,2025-02-13 15:15:00,1.045653816681328,SL,0.0021504649958578605,-0.0021504649958579225,-0.0024504649958579225,-1.1395047120403772
long,2025-02-13 15:30:00,1.04573,2025-02-13 20:30:00,1.04629,TECH,0.0020723768010448233,0.0005355110783853326,0.00023551107838533266,0.11364298146292501
long,2025-02-14 02:30:00,1.04678,2025-02-14 03:30:00,1.0483042610039697,TP,0.0007280713253833973,0.00145614265076676,0.0011561426507667601,1.587952458034168
short,2025-02-14 07:00:00,1.04674,2025-02-14 08:00:00,1.047671776304045,SL,0.0008901697690401841,-0.0008901697690401266,-0.0011901697690401265,-1.33701436561187
long,2025-02-14 09:00:00,1.04882,2025-02-14 09:45:00,1.0511936513451072,TP,0.0011315818467931306,0.0022631636935862604,0.0019631636935862604,1.734884400231241
short,2025-02-14 14:15:00,1.05001,2025-02-14 14:30:00,1.04997,TECH,0.0009786941822358633,3.809487528694012e-05,-0.00026190512471305986,-0.26760670438923817
short,2025-02-14 15:15:00,1.04948,2025-02-16 20:45:00,1.05029,TECH,0.0008736724542141794,-0.0007718108015397887,-0.0010718108015397886,-1.2267879070352787
short,2025-02-17 00:15:00,1.04954,2025-02-17 02:45:00,1.048225066051962,TP,0.0006264334603911212,0.001252866920782279,0.0009528669207822791,1.521098378409329
long,2025-02-17 07:00:00,1.04819,2025-02-17 07:30:00,1.0473380568226884,SL,0.0008127755247728084,-0.000812775524772723,-0.001112775524772723,-1.3691056027846955
short,2025-02-17 08:15:00,1.04715,2025-02-17 10:00:00,1.0480461401092804,SL,0.0008557896283056934,-0.0008557896283057898,-0.0011557896283057897,-1.3505534421982204
long,2025-02-17 11:15:00,1.04787,2025-02-17 17:00:00,1.0470294977647212,SL,0.0008021054475067943,-0.0008021054475067257,-0.0011021054475067256,-1.3740156620709025
short,2025-02-17 18:30:00,1.04786,2025-02-17 18:45:00,1.0484476655882924,SL,0.0005608245264561436,-0.0005608245264561814,-0.0008608245264561814,-1.5349266764343228
long,2025-02-18 03:00:00,1.04634,2025-02-18 03:00:00,1.045533667229165,SL,0.0007706221408290201,-0.0007706221408289582,-0.0010706221408289581,-1.3892958482573625
short,2025-02-18 06:00:00,1.0462,2025-02-18 06:45:00,1.04634,TECH,0.0008138106869399523,-0.00013381762569301183,-0.0004338176256930118,-0.533069462781608
short,2025-02-18 07:15:00,1.04585,2025-02-18 08:45:00,1.0443078576800142,TP,0.000737267447523937,0.0014745348950477876,0.0011745348950477877,1.5930920305682612
long,2025-02-18 11:30:00,1.04627,2025-02-18 12:00:00,1.045288433190958,SL,0.0009381582278399204,-0.0009381582278398929,-0.0012381582278398928,-1.3197754825331682
short,2025-02-18 13:15:00,1.0437,2025-02-18 14:30:00,1.0447630291850352,SL,0.0010185198668535898,-0.0010185198668535896,-0.0013185198668535895,-1.2945450646208396
long,2025-02-18 16:45:00,1.04455,2025-02-18 20:15:00,1.04464,TECH,0.0007591565165131698,8.616150495421327e-05,-0.0002138384950457867,-0.28167906142458443
long,2025-02-18 22:00:00,1.04517,2025-02-19 03:45:00,1.04475,TECH,0.0005695301503692017,-0.0004018485031141967,-0.0007018485031141967,-1.232328969167337
long,2025-02-19 09:15:00,1.04321,2025-02-19 10:45:00,1.0423177378893418,SL,0.0008553044072221874,-0.0008553044072221143,-0.0011553044072221143,-1.3507523139910516
short,2025-02-19 11:30:00,1.04066,2025-02-19 13:30:00,1.041807498638745,SL,0.0011026643079826992,-0.0011026643079826192,-0.001402664307982619,-1.272068296604942
long,2025-02-19 15:00:00,1.04255,2025-02-19 18:45:00,1.04209,TECH,0.000989981213864489,-0.00044122584048738857,-0.0007412258404873885,-0.7487271779571862
long,2025-02-19 20:15:00,1.04317,2025-02-19 20:30:00,1.0425262312482242,SL,0.0006171273634938052,-0.0006171273634937181,-0.000917127363493718,-1.486123315455488
short,2025-02-20 02:15:00,1.0427,2025-02-20 03:00:00,1.0434329225000392,SL,0.0007029083149892467,-0.0007029083149891641,-0.0010029083149891641,-1.4267981948748278
long,2025-02-20 03:15:00,1.04401,2025-02-20 03:30:00,1.0432220047760408,SL,0.000754777467609832,-0.0007547774676098282,-0.0010547774676098283,-1.3974681450812407
short,2025-02-20 19:45:00,1.04891,2025-02-20 21:00:00,1.0496289686241886,SL,0.0006854435787519372,-0.0006854435787518774,-0.0009854435787518773,-1.4376727848938102
long,2025-02-20 22:45:00,1.05013,2025-02-21 00:30:00,1.0494179046372938,SL,0.0006781021042216327,-0.0006781021042215936,-0.0009781021042215936,-1.442411250654235
short,2025-02-21 01:30:00,1.049,2025-02-21 02:00:00,1.0496360602532033,SL,0.0006063491450938784,-0.0006063491450938003,-0.0009063491450938003,-1.4947644478883109
long,2025-02-21 09:30:00,1.0477,2025-02-21 10:00:00,1.046715804959065,SL,0.0009393863137683266,-0.0009393863137683059,-0.001239386313768306,-1.3193574311260041
short,2025-02-21 11:15:00,1.04538,2025-02-21 13:00:00,1.0466309635642832,SL,0.0011966591710988095,-0.0011966591710987633,-0.0014966591710987632,-1.2506979491282255
long,2025-02-21 14:45:00,1.04625,2025-02-23 17:30:00,1.04636,TECH,0.001013311990491862,0.0001051373954600282,-0.00019486260453997176,-0.19230267318300004
long,2025-02-23 17:45:00,1.04723,2025-02-23 19:15:00,1.0490643069747263,TP,0.0008757899290157258,0.0017515798580313743,0.0014515798580313744,1.6574521011708387
short,2025-02-24 01:00:00,1.05162,2025-02-24 02:30:00,1.049729489090479,TP,0.0008988564831028111,0.001797712966205551,0.0014977129662055511,1.6662426030855506
long,2025-02-24 12:00:00,1.04777,2025-02-24 15:30:00,1.0467468374439781,SL,0.0009765144602555182,-0.0009765144602555642,-0.0012765144602555642,-1.3072151127404166
short,2025-02-24 16:00:00,1.04651,2025-02-24 21:45:00,1.04716,TECH,0.000977087215159059,-0.0006211120772854912,-0.0009211120772854911,-0.9427122400077094
short,2025-02-25 03:00:00,1.04642,2025-02-25 03:00:00,1.047140088581293,SL,0.0006881448952553776,-0.0006881448952552717,-0.0009881448952552717,-1.435954698012489
long,2025-02-25 06:30:00,1.04774,2025-02-25 07:00:00,1.0495552226943294,TP,0.0008662562727057752,0.0017325125454115942,0.0014325125454115943,1.6536821614429436
short,2025-02-25 12:45:00,1.04966,2025-02-25 13:30:00,1.0509330318345858,SL,0.0012128039885160125,-0.0012128039885160088,-0.0015128039885160087,-1.2473606640814865
long,2025-02-25 14:30:00,1.05062,2025-02-25 21:45:00,1.05063,TECH,0.0011285886638977894,9.518189259526248e-06,-0.0002904818107404737,-0.25738501549115433
long,2025-02-26 03:45:00,1.04999,2025-02-26 06:15:00,1.05007,TECH,0.0008922104170134728,7.619120182104592e-05,-0.00022380879817895407,-0.2508475511058446
long,2025-02-26 11:00:00,1.05061,2025-02-26 12:30:00,1.0494046114798827,SL,0.0011473225270246053,-0.001147322527024597,-0.001447322527024597,-1.26147834888067
short,2025-02-26 14:30:00,1.04859,2025-02-26 19:00:00,1.04877,TECH,0.0013959573682041156,-0.00017165908505714246,-0.00047165908505714246,-0.33787499231722734
short,2025-02-26 20:30:00,1.04767,2025-02-26 23:30:00,1.0461243106511413,TP,0.0007376794929981435,0.001475358985996346,0.001175358985996346,1.5933193170645779
long,2025-02-27 02:45:00,1.04763,2025-02-27 08:30:00,1.04819,TECH,0.0006199893037677624,0.0005345398661740251,0.0002345398661740251,0.37829663310107653
long,2025-02-28 02:15:00,1.03904,2025-02-28 04:00:00,1.0404320505917357,TP,0.0006698734368915731,0.0013397468737832514,0.0010397468737832515,1.5521542078276895
short,2025-02-28 12:15:00,1.04093,2025-02-28 13:15:00,1.0382413618297281,TP,0.001291459641989263,0.0025829192839785216,0.0022829192839785217,1.767704703851289
long,2025-03-02 17:45:00,1.04017,2025-03-03 01:15:00,1.04132,TECH,0.0012187135962482465,0.001105588509570536,0.000805588509570536,0.6610154445232277
long,2025-03-03 05:15:00,1.04369,2025-03-03 07:00:00,1.0461543768558836,TP,0.0011806076784695153,0.0023612153569389687,0.0020612153569389688,1.7458935720382847
short,2025-03-03 14:15:00,1.04886,2025-03-03 18:00:00,1.04865,TECH,0.0012169790559381744,0.00020021737886831556,-9.978262113168442e-05,-0.08199206111625443
short,2025-03-03 22:30:00,1.04805,2025-03-04 02:00:00,1.0486,TECH,0.0009592187980301772,-0.0005247841228949483,-0.0008247841228949482,-0.8598498325811588
short,2025-03-04 10:30:00,1.0515,2025-03-04 11:15:00,1.0532581068794307,SL,0.0016719989343134986,-0.001671998934313424,-0.001971998934313424,-1.1794259516816628
long,2025-03-04 13:00:00,1.05414,2025-03-04 13:30:00,1.0574336049165531,TP,0.0015622236688452903,0.0031244473376904973,0.0028244473376904974,1.807966038421485
short,2025-03-04 20:45:00,1.06123,2025-03-05 00:15:00,1.06238,TECH,0.001372057222619402,-0.0010836482195190548,-0.0013836482195190548,-1.0084478961289416
short,2025-03-05 07:30:00,1.0703,2025-03-05 08:45:00,1.07053,TECH,0.0018044779600433164,-0.00021489302064837192,-0.0005148930206483719,-0.28534181743955017
short,2025-03-05 23:30:00,1.07891,2025-03-05 23:45:00,1.080046903947791,SL,0.0010537523498631955,-0.0010537523498631658,-0.0013537523498631657,-1.284696874022552
long,2025-03-06 01:30:00,1.08102,2025-03-06 02:15:00,1.0798591753551572,SL,0.0010738234675055787,-0.0010738234675056022,-0.001373823467505602,-1.279375529664018
short,2025-03-06 04:30:00,1.07923,2025-03-06 08:00:00,1.08,TECH,0.001656170412621011,-0.0007134716418188519,-0.001013471641818852,-0.6119368116321792
short,2025-03-06 12:45:00,1.07985,2025-03-06 19:45:00,1.07908,TECH,0.0021044545578478456,0.0007130619993517039,0.0004130619993517039,0.19627983783794717
short,2025-03-07 07:45:00,1.08506,2025-03-07 08:30:00,1.0864363272715643,SL,0.001268434253925417,-0.0012684342539254394,-0.0015684342539254393,-1.236512061284701
long,2025-03-07 09:45:00,1.08687,2025-03-07 10:00:00,1.0847820936894927,SL,0.0019210267193936236,-0.0019210267193935423,-0.002221026719393542,-1.1561664900187407
short,2025-03-07 12:00:00,1.08583,2025-03-07 16:30:00,1.08406,TECH,0.0022736736696936377,0.0016300894246797835,0.0013300894246797835,0.5849957460513691
short,2025-03-09 17:00:00,1.08388,2025-03-09 17:00:00,1.0852446857158524,SL,0.001259074543171331,-0.0012590745431712597,-0.0015590745431712596,-1.2382702450994638
long,2025-03-09 18:15:00,1.08609,2025-03-09 21:15:00,1.0845739102039031,SL,0.0013959154361949163,-0.0013959154361948395,-0.0016959154361948395,-1.2149127319758595
short,2025-03-09 22:00:00,1.08368,2025-03-10 02:30:00,1.08335,TECH,0.001103217349729382,0.0003045179388748906,4.517938874890645e-06,0.0040952391439446545
short,2025-03-10 03:15:00,1.08112,2025-03-10 04:15:00,1.0824384720372062,SL,0.0012195427308773021,-0.0012195427308773698,-0.0015195427308773697,-1.2459938404817161
long,2025-03-10 05:30:00,1.08668,2025-03-10 06:00:00,1.084960158368412,SL,0.001582656928983675,-0.0015826569289836968,-0.0018826569289836967,-1.1895546624830884
short,2025-03-10 09:15:00,1.08386,2025-03-10 16:45:00,1.08345,TECH,0.0016828580753921255,0.0003782776373332547,7.827763733325472e-05,0.04651469929513522
short,2025-03-11 00:30:00,1.08449,2025-03-11 01:15:00,1.0854141114133447,SL,0.0008521161221814869,-0.0008521161221815757,-0.0011521161221815757,-1.3520646918779853
long,2025-03-11 02:30:00,1.08754,2025-03-11 03:15:00,1.0904339539459587,TP,0.0013305046002715787,0.002661009200543157,0.002361009200543157,1.7745216364236807
short,2025-03-11 07:15:00,1.0909,2025-03-11 08:00:00,1.09179,TECH,0.0015823812167185048,-0.0008158401320011526,-0.0011158401320011525,-0.705165177778809
short,2025-03-11 15:30:00,1.09121,2025-03-12 03:00:00,1.09012,TECH,0.0011660249245202872,0.000998891139194138,0.0006988911391941381,0.5993792452435508
short,2025-03-12 07:15:00,1.08942,2025-03-12 07:30:00,1.0905959659183009,SL,0.0010794421970414072,-0.0010794421970413846,-0.0013794421970413845,-1.2779213197540669
long,2025-03-12 10:45:00,1.09124,2025-03-12 13:30:00,1.08936855808055,SL,0.0017149682191359126,-0.0017149682191359176,-0.0020149682191359175,-1.174930355357349
short,2025-03-12 13:45:00,1.08836,2025-03-12 21:00:00,1.08888,TECH,0.0014451923884070802,-0.00047778308647880845,-0.0007777830864788085,-0.5381865367669812
short,2025-03-13 00:00:00,1.08933,2025-03-13 00:30:00,1.0879921019607526,TP,0.0006140921663992152,0.0012281843327984466,0.0009281843327984467,1.511473983198547
long,2025-03-13 05:15:00,1.08739,2025-03-13 05:45:00,1.08701,TECH,0.0012648041102674955,-0.0003494606350987658,-0.0006494606350987658,-0.5134871319807858
long,2025-03-13 10:45:00,1.08611,2025-03-13 14:00:00,1.08536,TECH,0.0016264468749064107,-0.0006905377908313214,-0.0009905377908313213,-0.6090194559157175
long,2025-03-13 18:30:00,1.08522,2025-03-13 20:00:00,1.0844034470029709,SL,0.0007524308407780261,-0.0007524308407780979,-0.0010524308407780978,-1.3987077399563614
short,2025-03-13 20:30:00,1.08428,2025-03-14 00:45:00,1.08434,TECH,0.0007519962242954083,-5.533626000679809e-05,-0.00035533626000679803,-0.47252399483752
short,2025-03-14 03:00:00,1.0839,2025-03-14 03:00:00,1.0849427020168347,SL,0.0009619909741069969,-0.0009619909741070681,-0.0012619909741070682,-1.31185323779005
long,2025-03-14 03:45:00,1.085,2025-03-14 05:15:00,1.0872894907660244,TP,0.0010550648691356797,0.002110129738271402,0.001810129738271402,1.7156572939010655
short,2025-03-14 10:00:00,1.08776,2025-03-14 13:15:00,1.0879,TECH,0.0015856971042782953,-0.00012870486136650454,-0.0004287048613665045,-0.27035734643762416
short,2025-03-16 17:15:00,1.08787,2025-03-16 18:30:00,1.08828,TECH,0.0007884491225651527,-0.00037688326730217904,-0.000676883267302179,-0.8584996139002558
short,2025-03-16 20:00:00,1.08793,2025-03-16 20:45:00,1.0886974847645814,SL,0.0007054541786524104,-0.0007054541786524203,-0.0010054541786524204,-1.4252579530722793
long,2025-03-16 21:30:00,1.08826,2025-03-17 00:30:00,1.0874246995672716,SL,0.0007675559450208366,-0.0007675559450208516,-0.0010675559450208515,-1.3908509887078926
short,2025-03-17 00:45:00,1.0877,2025-03-17 03:15:00,1.088527642688368,SL,0.0007609108103045865,-0.0007609108103045078,-0.0010609108103045077,-1.3942643420716203
long,2025-03-17 04:45:00,1.08944,2025-03-17 09:45:00,1.0917780867814972,TP,0.001073068173326348,0.002146136346652659,0.0018461363466526592,1.7204278279262701
short,2025-03-17 14:30:00,1.09206,2025-03-17 14:45:00,1.09195,TECH,0.0008561492067718765,0.00010072706627845951,-0.00019927293372154047,-0.23275491251449276
short,2025-03-17 18:00:00,1.09209,2025-03-17 21:15:00,1.0908241589411933,TP,0.0005795497893061752,0.0011590995786122677,0.0008590995786122678,1.482356812933646
long,2025-03-18 02:00:00,1.09206,2025-03-18 02:45:00,1.0932788194169867,TP,0.0005580368372555752,0.0011160736745111529,0.0008160736745111529,1.4624010818436337
short,2025-03-18 07:00:00,1.09162,2025-03-18 07:30:00,1.0893962851761612,TP,0.0010185388797562163,0.002037077759512352,0.001737077759512352,1.7054604336047687
long,2025-03-18 11:15:00,1.09294,2025-03-18 17:00:00,1.09437,TECH,0.001548537028951776,0.001308397533258955,0.001008397533258955,0.6511936843651404
long,2025-03-18 22:45:00,1.09365,2025-03-18 23:45:00,1.0929905559815212,SL,0.0006029753746435618,-0.000602975374643477,-0.0009029753746434769,-1.4975327560885132
short,2025-03-19 00:00:00,1.09296,2025-03-19 00:15:00,1.0935843110440462,SL,0.0005712112465654525,-0.000571211246565524,-0.0008712112465655241,-1.525199743184146
long,2025-03-19 07:15:00,1.09147,2025-03-19 07:45:00,1.0901665880685294,SL,0.001194180262829568,-0.0011941802628295272,-0.0014941802628295271,-1.2512183539938264
short,2025-03-19 09:30:00,1.08975,2025-03-19 12:15:00,1.0871868989052824,TP,0.001176004172845854,0.0023520083456917452,0.0020520083456917453,1.7448988643688381
long,2025-03-19 14:30:00,1.08886,2025-03-19 23:45:00,1.09045,TECH,0.0016377928017134783,0.0014602428227687494,0.0011602428227687495,0.7084185628089766
long,2025-03-20 11:30:00,1.08482,2025-03-20 20:15:00,1.0851,TECH,0.00137877080139084,0.0002581073357792611,-4.1892664220738874e-05,-0.03038406686483315
long,2025-03-21 03:00:00,1.08386,2025-03-21 03:00:00,1.0829597739297188,SL,0.0008305741242237795,-0.0008305741242238709,-0.0011305741242238708,-1.3611959381475542
short,2025-03-21 05:30:00,1.08281,2025-03-21 06:00:00,1.0839506298303907,SL,0.0010533979464454266,-0.0010533979464454975,-0.0013533979464454974,-1.2847926569558894
long,2025-03-21 06:15:00,1.08421,2025-03-21 06:30:00,1.08395,TECH,0.0010285124160105137,-0.0002398059416533024,-0.0005398059416533024,-0.5248414440606854
long,2025-03-21 07:00:00,1.08505,2025-03-21 07:30:00,1.0839393964241624,SL,0.0010235505975186641,-0.0010235505975187305,-0.0013235505975187304,-1.2930973815337896
short,2025-03-21 09:30:00,1.08251,2025-03-21 10:45:00,1.0800235740783792,TP,0.0011484540196492223,0.002296908039298343,0.001996908039298343,1.7387792677222447
long,2025-03-21 14:30:00,1.08197,2025-03-23 16:15:00,1.08128,TECH,0.0011273630016085136,-0.0006377256301007231,-0.000937725630100723,-0.8317867703328765
long,2025-03-23 18:30:00,1.0824,2025-03-23 22:15:00,1.08279,TECH,0.0007619021010282116,0.00036031042128592983,6.031042128592986e-05,0.07915770438818713
long,2025-03-24 01:30:00,1.08381,2025-03-24 03:15:00,1.0852672650397666,TP,0.0006722880577622063,0.0013445761155245106,0.0010445761155245107,1.5537627114804198
short,2025-03-24 07:45:00,1.08258,2025-03-24 08:45:00,1.0802596864553926,TP,0.0010716591589571144,0.0021433183179141386,0.0018433183179141386,1.7200602472412634
long,2025-03-24 14:45:00,1.08003,2025-03-24 17:45:00,1.08007,TECH,0.0012726188873960073,3.703600825906688e-05,-0.0002629639917409331,-0.20663216171418117
long,2025-03-24 19:30:00,1.0796,2025-03-24 23:00:00,1.08031,TECH,0.0006647749621571867,0.0006576509818453228,0.0003576509818453228,0.538003087066862
long,2025-03-24 23:45:00,1.08034,2025-03-25 01:15:00,1.0796586953471399,SL,0.0006306391070035574,-0.0006306391070035396,-0.0009306391070035395,-1.4757078916742312
short,2025-03-25 01:45:00,1.07954,2025-03-25 03:00:00,1.078207062402293,TP,0.0006173636908807671,0.0012347273817616003,0.0009347273817616004,1.5140627729953857
long,2025-03-25 05:30:00,1.08167,2025-03-25 09:00:00,1.0805932557766973,SL,0.0009954461372715612,-0.000995446137271642,-0.001295446137271642,-1.301372408578888
short,2025-03-25 10:00:00,1.08125,2025-03-25 18:00:00,1.0786667133188002,TP,0.0011945834363929705,0.0023891668727860273,0.0020891668727860274,1.7488664325484373
long,2025-03-25 22:00:00,1.0795,2025-03-25 22:30:00,1.0788673376384363,SL,0.00058606981154569,-0.0005860698115456813,-0.0008860698115456813,-1.5118844105086675
short,2025-03-25 23:45:00,1.07815,2025-03-26 01:00:00,1.0787810019236703,SL,0.0005852635752634935,-0.0005852635752635369,-0.000885263575263537,-1.5125895625145978
long,2025-03-26 03:00:00,1.07859,2025-03-26 04:30:00,1.0801312495022328,TP,0.0007144742220087469,0.0014289484440175495,0.0011289484440175496,1.5801108132963941
short,2025-03-26 07:30:00,1.07913,2025-03-26 08:15:00,1.0772261196364965,TP,0.0008821367043374668,0.0017642734086749684,0.0014642734086749685,1.6599166563131713
long,2025-03-26 11:15:00,1.07808,2025-03-26 12:15:00,1.07801,TECH,0.001157376923824877,-6.493024636391965e-05,-0.0003649302463639196,-0.3153080373832798
long,2025-03-26 20:15:00,1.0759,2025-03-26 21:30:00,1.0778858648358156,TP,0.0009228854149156788,0.0018457708298313335,0.0015457708298313336,1.6749325591764455
short,2025-03-27 02:00:00,1.07729,2025-03-27 02:30:00,1.0754142047768165,TP,0.0008706082963657353,0.001741216592731387,0.0014412165927313871,1.6554133457579
long,2025-03-27 05:45:00,1.07768,2025-03-27 10:30:00,1.0800787110301056,TP,0.0011129050507133337,0.0022258101014267524,0.0019258101014267524,1.7304352246333816
short,2025-03-27 14:30:00,1.07978,2025-03-27 16:00:00,1.08004,TECH,0.001195906391827434,-0.00024078979051281462,-0.0005407897905128146,-0.452200769398387
short,2025-03-27 19:30:00,1.07942,2025-03-28 03:15:00,1.0780892327780351,TP,0.0006164269802138297,0.001232853960427731,0.000932853960427731,1.5133243520654098
long,2025-03-28 08:30:00,1.08038,2025-03-28 09:15:00,1.083106162269611,TP,0.001261668241549756,0.002523336483099546,0.0022233364830995463,1.7622195834687382
short,2025-03-28 13:45:00,1.08233,2025-03-28 15:30:00,1.08323,TECH,0.0013388790094544638,-0.0008315393641494746,-0.0011315393641494747,-0.8451393711897305
short,2025-03-30 18:30:00,1.08136,2025-03-30 20:00:00,1.0824904350284559,SL,0.0010453826925870067,-0.0010453826925869076,-0.0013453826925869075,-1.2869762452805598
long,2025-03-30 21:15:00,1.08421,2025-03-30 21:45:00,1.0831659040794672,SL,0.0009630015592299436,-0.0009630015592299212,-0.0012630015592299212,-1.3115259753471948
short,2025-03-31 01:00:00,1.08341,2025-03-31 01:30:00,1.084246238980836,SL,0.0007718582815703723,-0.0007718582815702902,-0.0010718582815702903,-1.3886723860623191
long,2025-03-31 13:45:00,1.08155,2025-04-01 01:45:00,1.08159,TECH,0.0014719677416162526,3.698395820816421e-05,-0.00026301604179183576,-0.17868329200138477
long,2025-04-01 05:45:00,1.08164,2025-04-01 06:00:00,1.0805483902495172,SL,0.0010092172538763257,-0.0010092172538762666,-0.0013092172538762665,-1.2972600783901225
short,2025-04-01 07:30:00,1.07871,2025-04-01 10:00:00,1.0800356467058578,SL,0.001228918528481116,-0.0012289185284810327,-0.0015289185284810326,-1.2441170777778916
long,2025-04-01 11:00:00,1.08074,2025-04-01 13:45:00,1.079105250902521,SL,0.0015126201468244067,-0.001512620146824464,-0.0018126201468244639,-1.1983313528051818
short,2025-04-01 14:00:00,1.07928,2025-04-01 18:15:00,1.07953,TECH,0.0011678440008926116,-0.00023163590541850444,-0.0005316359054185044,-0.45522852796449026
short,2025-04-01 21:15:00,1.07889,2025-04-01 22:00:00,1.079676446873371,SL,0.0007289407385100719,-0.0007289407385100886,-0.0010289407385100885,-1.4115560897490866
long,2025-04-01 23:30:00,1.07979,2025-04-02 01:00:00,1.0790653375480215,SL,0.0006711142462687775,-0.0006711142462687677,-0.0009711142462687677,-1.4470177792647272
short,2025-04-02 01:45:00,1.07885,2025-04-02 02:15:00,1.0794585460707937,SL,0.0005640692133232003,-0.0005640692133231091,-0.000864069213323109,-1.531849625744447
long,2025-04-02 05:15:00,1.07982,2025-04-02 06:15:00,1.0789933711693027,SL,0.000765524652902652,-0.0007655246529025992,-0.0010655246529025992,-1.3918880977411143
short,2025-04-02 15:45:00,1.08519,2025-04-02 16:00:00,1.0862443911228228,SL,0.0009716189080462484,-0.0009716189080462263,-0.0012716189080462263,-1.3087630320031793
long,2025-04-02 16:15:00,1.08857,2025-04-02 16:15:00,1.086862183164505,SL,0.0015688626689097506,-0.0015688626689098048,-0.0018688626689098047,-1.1912213260887474
short,2025-04-02 16:45:00,1.0818,2025-04-02 16:45:00,1.084857352271422,SL,0.0028261714470528693,-0.002826171447052965,-0.003126171447052965,-1.1061506726044295
long,2025-04-02 20:00:00,1.09038,2025-04-03 02:30:00,1.0967876194241202,TP,0.0029382506209396394,0.005876501241879226,0.005576501241879226,1.8978984304939535
short,2025-04-03 12:15:00,1.10486,2025-04-03 17:30:00,1.10495,TECH,0.003301571019551808,-8.145828430764579e-05,-0.0003814582843076458,-0.11553841551451137
short,2025-04-03 21:30:00,1.10608,2025-04-03 21:45:00,1.10622,TECH,0.001453686843700513,-0.00012657312310142938,-0.00042657312310142936,-0.2934422396061194
short,2025-04-04 03:15:00,1.10639,2025-04-04 03:30:00,1.1026248628900122,TP,0.0017015415495385577,0.0034030830990770216,0.0031030830990770217,1.823689289232196
long,2025-04-04 07:45:00,1.10696,2025-04-04 08:30:00,1.103666187488478,SL,0.002975547907351677,-0.002975547907351715,-0.0032755479073517148,-1.1008217677352223
short,2025-04-04 10:30:00,1.09987,2025-04-06 17:00:00,1.0919270393624538,TP,0.0036108633918309338,0.00722172678366177,0.0069217267836617705,1.9169173775228372
long,2025-04-06 19:30:00,1.09871,2025-04-06 20:00:00,1.0952266146380618,SL,0.0031704320174916712,-0.0031704320174916604,-0.0034704320174916603,-1.0946243282760366
short,2025-04-06 22:30:00,1.09362,2025-04-07 00:15:00,1.0966326416158187,SL,0.002754742612441897,-0.002754742612441901,-0.003054742612441901,-1.1089030962983777
long,2025-04-07 01:15:00,1.09827,2025-04-07 03:00:00,1.1028391738366783,TP,0.0020801687365939758,0.004160337473188022,0.003860337473188022,1.8557809303051331
short,2025-04-07 05:30:00,1.09592,2025-04-07 14:45:00,1.09328,TECH,0.0029317753348054045,0.0024089349587560916,0.0021089349587560917,0.7193371653411742
short,2025-04-07 16:30:00,1.09079,2025-04-07 20:15:00,1.09252,TECH,0.0022835860229787996,-0.0015860064723732428,-0.0018860064723732427,-0.8258968365523018
short,2025-04-08 04:00:00,1.09233,2025-04-08 04:15:00,1.0944417148543266,SL,0.0019332205966389798,-0.0019332205966389243,-0.002233220596638924,-1.1551814627474548
long,2025-04-08 08:30:00,1.09473,2025-04-08 09:30:00,1.0926791619477103,SL,0.0018733733909636224,-0.0018733733909636822,-0.002173373390963682,-1.1601389244915805
short,2025-04-08 11:00:00,1.091,2025-04-08 13:00:00,1.0935878625665783,SL,0.0023720096852229717,-0.0023720096852229886,-0.0026720096852229885,-1.1264750316446606
long,2025-04-08 14:00:00,1.09335,2025-04-08 19:30:00,1.0980066923157235,TP,0.0021295524377936406,0.004259104875587332,0.003959104875587332,1.859125328554591
short,2025-04-09 04:30:00,1.10208,2025-04-09 06:00:00,1.105004798736893,SL,0.0026538896785106075,-0.002653889678510632,-0.002953889678510632,-1.1130416243106187
long,2025-04-09 07:45:00,1.10466,2025-04-09 11:30:00,1.1062,TECH,0.0027230538240231345,0.0013940941104050991,0.0010940941104050992,0.4017893810077711
long,2025-04-09 19:15:00,1.0949,2025-04-09 19:45:00,1.09471,TECH,0.0024973496366405648,-0.000173531829390732,-0.000473531829390732,-0.1896137498903546
long,2025-04-09 20:00:00,1.09504,2025-04-10 03:30:00,1.0999224000097636,TP,0.0022293249606240755,0.004458649921248162,0.004158649921248162,1.865430116605339
short,2025-04-10 16:45:00,1.11869,2025-04-10 18:15:00,1.1219620346354773,SL,0.0029248805616187887,-0.0029248805616187835,-0.0032248805616187834,-1.102568290800209
long,2025-04-10 19:00:00,1.12346,2025-04-10 20:30:00,1.1289679350388502,TP,0.0024513267222910327,0.004902653444582163,0.004602653444582163,1.8776172930063275
short,2025-04-11 02:00:00,1.12847,2025-04-11 03:00:00,1.131539676905095,SL,0.002720211352623348,-0.0027202113526233335,-0.0030202113526233334,-1.1102855481103215
long,2025-04-11 04:15:00,1.13698,2025-04-11 04:45:00,1.1458310617692555,TP,0.0038923559645971727,0.0077847119291943835,0.0074847119291943836,1.9229258570571128
short,2025-04-11 07:45:00,1.13363,2025-04-11 08:45:00,1.138592437993543,SL,0.004377475890319659,-0.004377475890319701,-0.004677475890319701,-1.0685326447287722
long,2025-04-11 10:15:00,1.13776,2025-04-11 11:15:00,1.132194533949904,SL,0.004891599326831744,-0.004891599326831768,-0.005191599326831768,-1.0613296347381609
short,2025-04-11 11:45:00,1.1338,2025-04-11 16:15:00,1.13479,TECH,0.004304454425604083,-0.0008731698712295347,-0.0011731698712295346,-0.27254786675198517
short,2025-04-13 19:15:00,1.13332,2025-04-13 20:00:00,1.135925474205265,SL,0.002298974874938012,-0.002298974874938059,-0.002598974874938059,-1.1304929441684899
long,2025-04-13 20:15:00,1.13666,2025-04-14 00:45:00,1.13713,TECH,0.00228573644249771,0.00041349216124432145,0.00011349216124432147,0.04965233923483511
long,2025-04-14 02:45:00,1.14141,2025-04-14 03:45:00,1.1387707206267912,SL,0.0023122973981380547,-0.0023122973981381336,-0.0026122973981381335,-1.1297410965568917
short,2025-04-14 06:15:00,1.13756,2025-04-14 07:30:00,1.1400275911963547,SL,0.00216919652269313,-0.002169196522693095,-0.002469196522693095,-1.1383000557402263
long,2025-04-14 12:15:00,1.13668,2025-04-14 12:45:00,1.133842375753611,SL,0.002496414335071474,-0.002496414335071439,-0.002796414335071439,-1.1201723591253838
short,2025-04-14 14:30:00,1.13475,2025-04-14 16:15:00,1.13577,TECH,0.002234256290984932,-0.0008988764044944005,-0.0011988764044944004,-0.5365885772960707
short,2025-04-14 18:30:00,1.13525,2025-04-14 20:30:00,1.131731564244137,TP,0.0015496303703426539,0.0030992607406853823,0.0027992607406853824,1.8064054462654928
long,2025-04-14 23:45:00,1.13513,2025-04-15 02:30:00,1.133834913251833,SL,0.0011409149156193729,-0.0011409149156192842,-0.0014409149156192841,-1.2629468647423625
short,2025-04-15 03:15:00,1.13421,2025-04-15 04:00:00,1.1359758886008409,SL,0.001556932667531524,-0.0015569326675315205,-0.0018569326675315205,-1.1926865600910272
long,2025-04-15 05:45:00,1.13454,2025-04-15 06:15:00,1.13419,TECH,0.0018186697142361552,-0.0003084950728930425,-0.0006084950728930424,-0.3345825072743412
long,2025-04-15 16:45:00,1.12835,2025-04-15 20:15:00,1.1314111790607617,TP,0.001356484716959202,0.0027129694339183357,0.0024129694339183358,1.7788401179538753
short,2025-04-16 06:15:00,1.13662,2025-04-16 10:45:00,1.1363,TECH,0.002083896978329807,0.00028153648536879164,-1.8463514631208338e-05,-0.008860089929208687
short,2025-04-16 20:30:00,1.13768,2025-04-17 01:30:00,1.134881813414056,TP,0.001229777523532192,0.0024595550470642947,0.002159555047064295,1.7560534370977743
long,2025-04-17 04:15:00,1.13752,2025-04-17 06:45:00,1.1359420077699647,SL,0.0013872215258064757,-0.0013872215258064978,-0.0016872215258064978,-1.216259619980748
short,2025-04-17 07:30:00,1.13662,2025-04-17 08:15:00,1.1335376701143594,TP,0.0013559192542981456,0.0027118385085961984,0.0024118385085961985,1.7787478870521833
long,2025-04-17 11:00:00,1.13493,2025-04-17 13:00:00,1.13505,TECH,0.0020802825134863512,0.00010573339324883294,-0.00019426660675116704,-0.09338472322472927
long,2025-04-17 15:45:00,1.13749,2025-04-17 19:30:00,1.13707,TECH,0.0015297865624447086,-0.00036923401524397136,-0.0006692340152439713,-0.43746888074012585
long,2025-04-17 20:15:00,1.13749,2025-04-17 20:45:00,1.136498971233202,SL,0.0008712417399694418,-0.0008712417399694036,-0.0011712417399694036,-1.3443361196290757
short,2025-04-17 23:45:00,1.137,2025-04-18 05:15:00,1.13691,TECH,0.0008203458505063608,7.91556728231517e-05,-0.00022084432717684826,-0.26920880631081573
short,2025-04-18 05:45:00,1.13688,2025-04-18 06:45:00,1.13733,TECH,0.0006462598160717446,-0.00039582013932874317,-0.0006958201393287432,-1.0766879233777034
short,2025-04-21 07:45:00,1.15422,2025-04-21 09:30:00,1.1501694646764296,TP,0.0017546634625853434,0.003509326925170652,0.003209326925170652,1.8290270434206164
long,2025-04-21 14:15:00,1.15157,2025-04-21 17:45:00,1.15081,TECH,0.0015297125073179029,-0.0006599685646550986,-0.0009599685646550986,-0.6275483530812233
long,2025-04-21 19:00:00,1.15233,2025-04-21 19:45:00,1.151117906912369,SL,0.0010518628236972426,-0.0010518628236973347,-0.0013518628236973346,-1.2852082926037902
short,2025-04-21 20:45:00,1.1488,2025-04-21 22:00:00,1.150116307291377,SL,0.0011458106644994708,-0.0011458106644993765,-0.0014458106644993764,-1.2618233616554406
long,2025-04-21 23:30:00,1.1537,2025-04-22 01:00:00,1.1522294381097895,SL,0.0012746484269830433,-0.0012746484269831346,-0.0015746484269831345,-1.235359016376115
short,2025-04-22 03:15:00,1.14972,2025-04-22 09:00:00,1.1458986723359526,TP,0.0016618514351527224,0.0033237028703054,0.0030237028703054,1.8194784481607555
long,2025-04-22 21:45:00,1.14088,2025-04-22 23:15:00,1.1383166282595083,SL,0.0022468373014617547,-0.002246837301461673,-0.002546837301461673,-1.1335210163213614
short,2025-04-23 01:00:00,1.139,2025-04-23 04:00:00,1.13853,TECH,0.0017113056986378075,0.0004126426690078757,0.00011264266900787572,0.06582264588818867
short,2025-04-23 08:15:00,1.14097,2025-04-23 09:45:00,1.1367930402406565,TP,0.001830442412746862,0.0036608848254936696,0.0033608848254936697,1.836105196256976
long,2025-04-23 19:00:00,1.13318,2025-04-24 00:45:00,1.1334,TECH,0.0014482983649534685,0.00019414391358820924,-0.00010585608641179074,-0.07308997163384337
long,2025-04-24 03:15:00,1.13647,2025-04-24 04:00:00,1.1392628656081272,TP,0.0012287458569636633,0.0024574917139274085,0.0021574917139274086,1.7558486172712364
short,2025-04-24 08:30:00,1.13652,2025-04-24 09:00:00,1.1381396530620396,SL,0.001425098601027252,-0.0014250986010273417,-0.0017250986010273416,-1.2105117497019793
long,2025-04-24 14:15:00,1.13711,2025-04-24 19:45:00,1.13737,TECH,0.0014689837234218492,0.00022864982279632308,-7.135017720367689e-05,-0.04857111489123505
long,2025-04-25 03:15:00,1.13613,2025-04-25 04:45:00,1.1345837531746554,SL,0.0013609770231791671,-0.0013609770231792619,-0.0016609770231792618,-1.2204298786024406
short,2025-04-25 08:00:00,1.13492,2025-04-25 08:30:00,1.1353,TECH,0.0014226399163226908,-0.00033482536214010417,-0.0006348253621401041,-0.4462305287911728
short,2025-04-25 09:45:00,1.13402,2025-04-25 10:00:00,1.1356224182918935,SL,0.0014130423554200237,-0.0014130423554200528,-0.0017130423554200527,-1.212307861013023
long,2025-04-25 10:45:00,1.1369,2025-04-25 16:15:00,1.1358,TECH,0.001584073281972436,-0.0009675433195532597,-0.0012675433195532596,-0.8001797227303502
long,2025-04-27 21:30:00,1.13527,2025-04-27 23:00:00,1.13531,TECH,0.001035351452479259,3.523390911416668e-05,-0.0002647660908858333,-0.25572581199535943
long,2025-04-28 00:30:00,1.13616,2025-04-28 02:30:00,1.1351580970829385,SL,0.0008818325914145288,-0.0008818325914145827,-0.0011818325914145827,-1.340200626423696
short,2025-04-28 03:30:00,1.13495,2025-04-28 07:15:00,1.13485,TECH,0.0012360713398508825,8.810960835278118e-05,-0.00021189039164721879,-0.17142246148412507
short,2025-04-28 19:15:00,1.14063,2025-04-28 22:00:00,1.1417574762702256,SL,0.000988468013488616,-0.0009884680134886687,-0.0012884680134886686,-1.30349995741517
long,2025-04-29 03:45:00,1.14052,2025-04-29 04:00:00,1.1391690048960432,SL,0.001184543106615171,-0.0011845431066151875,-0.0014845431066151874,-1.2532622057607221
short,2025-04-29 06:15:00,1.13813,2025-04-29 08:30:00,1.1395902191590317,SL,0.0012829985669752615,-0.0012829985669753068,-0.0015829985669753067,-1.2338272292129768
long,2025-04-29 09:15:00,1.14074,2025-04-29 09:45:00,1.139077416347026,SL,0.001457460642191875,-0.0014574606421919134,-0.0017574606421919133,-1.2058374623062673
short,2025-04-29 14:00:00,1.13856,2025-04-29 18:15:00,1.13893,TECH,0.0015927748447526957,-0.0003249718943226369,-0.0006249718943226369,-0.392379309845061
short,2025-04-29 21:30:00,1.13827,2025-04-29 21:45:00,1.1360490771470155,TP,0.0009755694400205294,0.0019511388800410835,0.0016511388800410835,1.6924872923513654
long,2025-04-30 02:00:00,1.13825,2025-04-30 02:00:00,1.1371943434761445,SL,0.00092743819359153,-0.0009274381935915049,-0.0012274381935915048,-1.3234716901599841
short,2025-04-30 05:00:00,1.13709,2025-04-30 08:45:00,1.13794,TECH,0.0013191965540893923,-0.0007475221838201176,-0.0010475221838201175,-0.7940607338405271
short,2025-04-30 10:45:00,1.13558,2025-04-30 10:45:00,1.1372901691673867,SL,0.0015059873962086315,-0.0015059873962086719,-0.0018059873962086718,-1.1992048544066831
long,2025-05-01 04:15:00,1.13196,2025-05-01 09:30:00,1.13235,TECH,0.0012120077521478479,0.00034453514258444683,4.453514258444686e-05,0.036744932122360054
long,2025-05-01 15:15:00,1.12839,2025-05-01 21:00:00,1.1282,TECH,0.001399019797805574,-0.00016838149930424096,-0.00046838149930424094,-0.334792616972911
long,2025-05-01 23:00:00,1.12938,2025-05-01 23:45:00,1.1314732815303996,TP,0.0009267392420618403,0.001853478484123643,0.0015534784841236431,1.6762843458181533
short,2025-05-02 09:00:00,1.13184,2025-05-02 09:15:00,1.1337266302539162,SL,0.0016668700999401158,-0.0016668700999401167,-0.001966870099940117,-1.179978031887895
long,2025-05-02 09:45:00,1.13671,2025-05-02 11:15:00,1.1343917267974295,SL,0.0020394587912226305,-0.002039458791222571,-0.002339458791222571,-1.147097848356178
short,2025-05-02 12:45:00,1.13312,2025-05-04 19:15:00,1.13029,TECH,0.001959818319214189,0.0024975289466251487,0.0021975289466251487,1.121292175443218
short,2025-05-05 02:45:00,1.13246,2025-05-05 05:00:00,1.133774910567055,SL,0.0011611099438875426,-0.0011611099438875593,-0.0014611099438875592,-1.2583734654752665
long,2025-05-05 06:15:00,1.13337,2025-05-05 08:45:00,1.136208360594618,TP,0.0012521773977686075,0.0025043547955372575,0.0022043547955372575,1.7604173334109365
short,2025-05-05 11:30:00,1.1329,2025-05-05 13:45:00,1.1298215853142848,TP,0.001358643607430194,0.002717287214860302,0.002417287214860302,1.7791915419471036
long,2025-05-05 16:15:00,1.13161,2025-05-05 20:00:00,1.13121,TECH,0.0010439080280443375,-0.00035347867198059043,-0.0006534786719805904,-0.6259925725495382
long,2025-05-05 23:45:00,1.13123,2025-05-06 03:15:00,1.1336349814840092,TP,0.0010629940348157313,0.0021259880696315073,0.0018259880696315073,1.7177782845677398
short,2025-05-06 06:15:00,1.13202,2025-05-06 08:30:00,1.1335912532358294,SL,0.001388008370726057,-0.001388008370726141,-0.001688008370726141,-1.2161370250549397
long,2025-05-06 08:45:00,1.13378,2025-05-06 10:15:00,1.1367393764522629,TP,0.0013050928982090025,0.0026101857964180458,0.002310185796418046,1.7701313060459885
short,2025-05-06 18:15:00,1.13416,2025-05-06 23:15:00,1.13404,TECH,0.0013361552790288997,0.00010580517740011991,-0.00019419482259988005,-0.14533851390462516
short,2025-05-06 23:30:00,1.13391,2025-05-07 00:00:00,1.13456,TECH,0.0014939047234556187,-0.0005732377349172681,-0.0008732377349172681,-0.5845337531950112
short,2025-05-07 06:00:00,1.13565,2025-05-07 07:15:00,1.1371173568955224,SL,0.0012920854977522412,-0.0012920854977522597,-0.0015920854977522596,-1.2321827777820502
long,2025-05-07 08:00:00,1.13573,2025-05-07 09:30:00,1.13603,TECH,0.0012130337037974232,0.0002641472885282497,-3.5852711471750284e-05,-0.029556236862597257
long,2025-05-07 20:30:00,1.13152,2025-05-08 01:00:00,1.1302094751955272,SL,0.0011581985333647899,-0.0011581985333647769,-0.0014581985333647768,-1.259022949311142
short,2025-05-08 01:45:00,1.1304,2025-05-08 03:00:00,1.1276005549138681,TP,0.0012382541959182806,0.0024765083918364705,0.0021765083918364706,1.7577234133435642
long,2025-05-08 07:00:00,1.12871,2025-05-08 08:30:00,1.1319304503195586,TP,0.0014266066215230773,0.002853213243046072,0.002553213243046072,1.789710775574702
short,2025-05-08 11:30:00,1.12741,2025-05-08 12:00:00,1.1231616119670078,TP,0.001884136220626169,0.0037682724412522613,0.0034682724412522614,1.840775843744262
long,2025-05-08 17:45:00,1.12252,2025-05-08 20:45:00,1.12184,TECH,0.0011620704009074434,-0.0006057798524748013,-0.0009057798524748013,-0.7794535096733307
long,2025-05-09 00:30:00,1.12256,2025-05-09 03:30:00,1.1248773819137936,TP,0.0010321862144533512,0.0020643724289067878,0.0017643724289067879,1.7093547697119793
short,2025-05-09 07:45:00,1.125,2025-05-09 08:30:00,1.12534,TECH,0.0011562138082754155,-0.0003022222222222284,-0.0006022222222222284,-0.5208571441647896
short,2025-05-09 13:15:00,1.12541,2025-05-11 17:00:00,1.122567875933642,TP,0.0012627060655041613,0.002525412131008332,0.002225412131008332,1.7624150162926404
long,2025-05-11 21:00:00,1.12383,2025-05-11 21:15:00,1.1223942362204153,SL,0.001277563136403846,-0.0012775631364038728,-0.0015775631364038727,-1.2348220541526294
short,2025-05-11 23:15:00,1.12306,2025-05-12 03:00:00,1.1204130052234837,TP,0.0011784743364184516,0.0023569486728368906,0.0020569486728368907,1.7454335739616067
long,2025-05-12 09:45:00,1.11228,2025-05-12 12:15:00,1.1099862927731077,SL,0.0020621671044092423,-0.0020621671044091963,-0.0023621671044091962,-1.1454780261786284
short,2025-05-12 12:30:00,1.10958,2025-05-12 16:45:00,1.1089,TECH,0.0018843243862886989,0.0006128444997206276,0.0003128444997206276,0.1660247577312288
short,2025-05-13 05:00:00,1.11118,2025-05-13 05:30:00,1.11097,TECH,0.0012321637450392216,0.00018898828272651008,-0.0001110117172734899,-0.09009493885892271
short,2025-05-13 05:45:00,1.11097,2025-05-13 08:30:00,1.1122974052825574,SL,0.00119481649599659,-0.0011948164959966247,-0.0014948164959966246,-1.2510845816116778
long,2025-05-13 08:45:00,1.11304,2025-05-13 10:45:00,1.1157559731614637,TP,0.0012200698813445853,0.0024401397626892638,0.002140139762689264,1.754112445043484
short,2025-05-13 23:15:00,1.11892,2025-05-14 00:00:00,1.1199786935988865,SL,0.0009461745244401207,-0.0009461745244401307,-0.0012461745244401307,-1.3170662412175267
long,2025-05-14 00:45:00,1.11927,2025-05-14 02:00:00,1.1181691910874259,SL,0.0009835061357618715,-0.0009835061357618233,-0.0012835061357618232,-1.3050311422486014
short,2025-05-14 02:15:00,1.11859,2025-05-14 02:30:00,1.11949,TECH,0.0009371441791591269,-0.0008045843427887992,-0.0011045843427887991,-1.1786706542635859
short,2025-05-14 03:00:00,1.11879,2025-05-14 03:30:00,1.1199632093279455,SL,0.0010486412355718284,-0.0010486412355719236,-0.0013486412355719235,-1.2860844966071774
long,2025-05-14 03:45:00,1.12042,2025-05-14 04:00:00,1.1232919102722274,TP,0.0012816221917796137,0.002563244383559237,0.002263244383559237,1.7659216562227116
short,2025-05-14 08:15:00,1.12121,2025-05-14 08:30:00,1.123082541285769,SL,0.0016701075496729982,-0.0016701075496730936,-0.0019701075496730935,-1.1796291502657026
long,2025-05-14 18:45:00,1.11832,2025-05-15 02:00:00,1.11929,TECH,0.0009427067835611347,0.0008673724873023065,0.0005673724873023066,0.6018546776114425
long,2025-05-15 02:45:00,1.12161,2025-05-15 03:15:00,1.1204310548080902,SL,0.0010511186525707294,-0.0010511186525706375,-0.0013511186525706374,-1.2854102144093775
short,2025-05-15 07:00:00,1.12001,2025-05-15 08:30:00,1.1213103524332992,SL,0.0011610185920654754,-0.0011610185920655084,-0.0014610185920655083,-1.258393794940292
long,2025-05-15 10:15:00,1.12026,2025-05-15 10:30:00,1.1184550561640478,SL,0.001611182971767412,-0.0016111829717674465,-0.0019111829717674464,-1.1861985915050635
short,2025-05-15 11:15:00,1.11928,2025-05-15 16:30:00,1.11858,TECH,0.0016929316462113214,0.0006254020441713824,0.00032540204417138245,0.19221215747228337
short,2025-05-16 01:00:00,1.1203,2025-05-16 01:00:00,1.1211344992224308,SL,0.0007448890675985762,-0.0007448890675986155,-0.0010448890675986155,-1.4027445334473756
long,2025-05-16 01:45:00,1.12136,2025-05-16 04:00:00,1.1203880649447229,SL,0.000866746678387909,-0.0008667466783878863,-0.0011667466783878862,-1.3461218917596052
short,2025-05-16 05:15:00,1.12024,2025-05-16 10:15:00,1.118051887933377,TP,0.000976626466928035,0.0019532529338560927,0.0016532529338560927,1.6928201209377183
long,2025-05-16 15:45:00,1.11548,2025-05-18 17:00:00,1.1176956090754857,TP,0.000993119139512026,0.00198623827902399,0.0016862382790239902,1.6979214395692057
short,2025-05-18 22:45:00,1.11785,2025-05-19 02:00:00,1.1192076144065692,SL,0.0012144871016408418,-0.001214487101640855,-0.001514487101640855,-1.2470178560107357
long,2025-05-19 02:15:00,1.11926,2025-05-19 03:00:00,1.121523282986746,TP,0.001011062213760035,0.0020221244275201136,0.0017221244275201137,1.7032823540261806
short,2025-05-19 09:30:00,1.12593,2025-05-19 13:15:00,1.1226582641774798,TP,0.0014529037429148778,0.0029058074858297335,0.0026058074858297336,1.7935169473800452
long,2025-05-19 16:45:00,1.12425,2025-05-19 19:00:00,1.1232318818597151,SL,0.0009055976342315412,-0.000905597634231578,-0.001205597634231578,-1.3312729502154745
short,2025-05-19 19:45:00,1.12327,2025-05-19 20:30:00,1.1217856968737303,TP,0.0006607062978044648,0.0013214125956089644,0.0010214125956089645,1.5459404564526342
long,2025-05-19 22:45:00,1.12413,2025-05-19 22:45:00,1.1232369061679568,SL,0.0007944755784857474,-0.0007944755784858326,-0.0010944755784858325,-1.3776075792938511
short,2025-05-20 06:15:00,1.12482,2025-05-20 10:00:00,1.1262288801137252,SL,0.00125253828499251,-0.0012525382849925394,-0.0015525382849925393,-1.2395136369039796
long,2025-05-20 11:00:00,1.12684,2025-05-20 11:30:00,1.1252747970075079,SL,0.0013890197299457935,-0.001389019729945855,-0.001689019729945855,-1.2159796535156264
short,2025-05-21 04:30:00,1.13228,2025-05-21 06:00:00,1.1337432148345075,SL,0.0012922729664989736,-0.001292272966499019,-0.0015922729664990189,-1.2321490952587248
long,2025-05-21 06:45:00,1.13523,2025-05-21 07:00:00,1.1335921066739345,SL,0.0014427854497022197,-0.0014427854497022223,-0.0017427854497022222,-1.2079311238285084
short,2025-05-21 09:00:00,1.13345,2025-05-21 10:00:00,1.1350911679747784,SL,0.0014479403368285327,-0.0014479403368285433,-0.0017479403368285433,-1.2071908575025332
long,2025-05-21 11:00:00,1.13407,2025-05-21 15:30:00,1.13292,TECH,0.001556341364141992,-0.0010140467519641507,-0.0013140467519641506,-0.8443178227088901
long,2025-05-21 20:45:00,1.13316,2025-05-21 21:00:00,1.132048679623454,SL,0.0009807267963447594,-0.0009807267963447735,-0.0012807267963447734,-1.3058955879640854
short,2025-05-22 01:00:00,1.1333,2025-05-22 03:00:00,1.1312241971511456,TP,0.0009158223104449057,0.001831644620889734,0.0015316446208897341,1.6724255386895548
long,2025-05-22 09:15:00,1.13045,2025-05-22 09:45:00,1.1288565835629985,SL,0.001409541719670458,-0.0014095417196704895,-0.0017095417196704894,-1.2128351334433503
short,2025-05-22 10:15:00,1.12873,2025-05-22 16:00:00,1.12786,TECH,0.0015192914995100272,0.000770777776793322,0.000470777776793322,0.30986665623097887
short,2025-05-23 08:30:00,1.13255,2025-05-23 11:45:00,1.13487,TECH,0.002164688914590241,-0.002048474681029623,-0.002348474681029623,-1.0849016989003113
short,2025-05-26 03:15:00,1.13964,2025-05-26 08:15:00,1.1371688315119015,TP,0.0010841882033354902,0.0021683764066709435,0.0018683764066709436,1.7232952737568157
long,2025-05-26 11:00:00,1.1384,2025-05-26 21:00:00,1.1403051863392826,TP,0.0008367824750889713,0.001673564950177876,0.0013735649501778761,1.6414838874724655
short,2025-05-27 00:30:00,1.13934,2025-05-27 01:00:00,1.13763309329421,TP,0.0007490769681526072,0.0014981539363052205,0.0011981539363052206,1.5995071097435267
long,2025-05-27 08:30:00,1.13623,2025-05-27 10:00:00,1.1349516234513992,SL,0.0011251036749608686,-0.0011251036749609295,-0.0014251036749609294,-1.2666420941256769
short,2025-05-27 11:30:00,1.13378,2025-05-27 15:45:00,1.13373,TECH,0.0012806028209715807,4.410026636570191e-05,-0.0002558997336342981,-0.19982755733752755
short,2025-05-27 17:00:00,1.13242,2025-05-27 18:00:00,1.1333009414216044,SL,0.0007779281729432619,-0.0007779281729432914,-0.0010779281729432913,-1.3856397164085095
long,2025-05-27 19:30:00,1.13347,2025-05-27 21:00:00,1.132775142102135,SL,0.0006130359849532154,-0.000613035984953234,-0.000913035984953234,-1.4893676837305292
short,2025-05-27 22:15:00,1.13186,2025-05-28 01:15:00,1.1296909886187176,TP,0.0009581623969759829,0.0019163247939519448,0.001616324793951945,1.6869006747219066
long,2025-05-28 03:30:00,1.13169,2025-05-28 08:15:00,1.13119,TECH,0.0011214476340379606,-0.00044181710539119984,-0.0007418171053911998,-0.6614817160210706
long,2025-05-28 18:00:00,1.12936,2025-05-28 19:00:00,1.1284850063029221,SL,0.0007747695128903711,-0.0007747695128902874,-0.0010747695128902875,-1.38721193207607
short,2025-05-28 19:30:00,1.12697,2025-05-28 19:30:00,1.1250919371254753,TP,0.0008332355229175087,0.0016664710458350657,0.0013664710458350657,1.6399577409403705
long,2025-05-29 00:00:00,1.12484,2025-05-29 01:45:00,1.1232226179444862,SL,0.0014378774363588557,-0.0014378774363588349,-0.0017378774363588348,-1.2086408705040053
short,2025-05-29 16:45:00,1.1367,2025-05-29 19:30:00,1.13758,TECH,0.0010780191826737688,-0.0007741708454297457,-0.0010741708454297457,-0.9964301773976987
short,2025-05-29 22:15:00,1.13541,2025-05-30 03:15:00,1.1328830498895177,TP,0.0011127919035777338,0.0022255838071554043,0.0019255838071554044,1.7304078156611904
long,2025-05-30 08:15:00,1.1348,2025-05-30 09:15:00,1.1333908858475181,SL,0.0012417290733891166,-0.0012417290733890598,-0.0015417290733890597,-1.2415985954014408
short,2025-05-30 11:00:00,1.13521,2025-05-30 12:00:00,1.13461,TECH,0.0017990962317552437,0.0005285365703263325,0.00022853657032633254,0.1270285414935067
short,2025-05-30 16:45:00,1.13458,2025-06-01 19:00:00,1.135795828359959,SL,0.0010716109573225795,-0.001071610957322566,-0.001371610957322566,-1.2799523445985814
long,2025-06-01 19:45:00,1.13581,2025-06-01 21:15:00,1.1377050401929092,TP,0.0008342241188707524,0.0016684482377415264,0.0013684482377415265,1.6403844084416148
short,2025-06-02 00:00:00,1.13617,2025-06-02 01:15:00,1.1372042763636891,SL,0.0009103183182880546,-0.0009103183182879728,-0.0012103183182879727,-1.3295550512090084
long,2025-06-02 02:00:00,1.13793,2025-06-02 02:30:00,1.139722304843011,TP,0.0007875286015004543,0.0015750572030009315,0.0012750572030009316,1.6190614544939752
short,2025-06-02 08:00:00,1.1414,2025-06-02 08:30:00,1.1427215502612704,SL,0.0011578327153237082,-0.0011578327153236854,-0.0014578327153236853,-1.259104787789748
long,2025-06-02 10:30:00,1.14432,2025-06-02 11:30:00,1.1427434588255883,SL,0.0013777100587350178,-0.0013777100587351,-0.0016777100587351,-1.217752638226025
short,2025-06-02 13:30:00,1.1418,2025-06-02 14:30:00,1.1432685628233252,SL,0.0012861821889344402,-0.0012861821889344049,-0.0015861821889344048,-1.2332484484554282
long,2025-06-02 15:45:00,1.14419,2025-06-02 21:30:00,1.1429150323979913,SL,0.0011142971027616353,-0.0011142971027615486,-0.0014142971027615485,-1.2692280176053619
short,2025-06-02 22:00:00,1.14276,2025-06-03 03:30:00,1.14296,TECH,0.000802436069268028,-0.0001750148762644632,-0.0004750148762644632,-0.5919660075820941
short,2025-06-03 04:45:00,1.14105,2025-06-03 07:15:00,1.1386729475380095,TP,0.001041607493970637,0.0020832149879412656,0.0017832149879412657,1.7119836390035945
long,2025-06-03 19:15:00,1.13765,2025-06-03 21:30:00,1.1390571492932624,TP,0.0006184456086064662,0.0012368912172129876,0.0009368912172129876,1.5149128786346626
short,2025-06-03 23:45:00,1.13674,2025-06-04 00:00:00,1.1376642651617754,SL,0.0008130840489253946,-0.0008130840489253044,-0.0011130840489253044,-1.3689655459314474
long,2025-06-04 03:30:00,1.1394,2025-06-04 05:30:00,1.1382742703031172,SL,0.0009880021914014056,-0.000988002191401385,-0.0012880021914013849,-1.3036430512106985
short,2025-06-04 07:15:00,1.13856,2025-06-04 08:15:00,1.1395871160944495,SL,0.0009021185483852434,-0.0009021185483852396,-0.0012021185483852396,-1.3325505284610148
long,2025-06-04 09:00:00,1.14091,2025-06-04 09:30:00,1.1396410413923956,SL,0.001112233749905231,-0.0011122337499052978,-0.0014122337499052977,-1.2697274741263953
short,2025-06-04 15:30:00,1.14146,2025-06-04 19:15:00,1.14215,TECH,0.0009789803317142368,-0.0006044889877876399,-0.0009044889877876398,-0.9239092538292782
short,2025-06-04 22:45:00,1.14167,2025-06-05 04:00:00,1.1412,TECH,0.0008084480691489729,0.0004116776301382803,0.00011167763013828034,0.13813828543846948
short,2025-06-05 12:45:00,1.14388,2025-06-05 16:45:00,1.14411,TECH,0.0016520526416366852,-0.00020107004231208908,-0.0005010700423120891,-0.30330149880434804
short,2025-06-05 22:30:00,1.14349,2025-06-05 23:45:00,1.1443610932702066,SL,0.0007617847731127362,-0.0007617847731127823,-0.0010617847731127822,-1.393812019599989
long,2025-06-06 13:45:00,1.13884,2025-06-06 14:00:00,1.13932,TECH,0.0014604386581933315,0.00042148150749889005,0.00012148150749889008,0.08318152002985973
long,2025-06-06 15:45:00,1.13996,2025-06-08 17:45:00,1.13929,TECH,0.0010851342340168501,-0.0005877399206991214,-0.0008877399206991213,-0.8180922625701037
long,2025-06-08 18:45:00,1.14031,2025-06-08 20:45:00,1.1394695545715514,SL,0.0007370324108781437,-0.0007370324108782015,-0.0010370324108782015,-1.4070377307323843
short,2025-06-09 07:30:00,1.14156,2025-06-09 08:45:00,1.1395652592535432,TP,0.0008736907155369076,0.0017473814310738545,0.0014473814310738545,1.6566290625904132
long,2025-06-09 12:00:00,1.14243,2025-06-09 17:15:00,1.14189,TECH,0.0009707062464178586,-0.0004726766629027467,-0.0007726766629027467,-0.7959943244973554
long,2025-06-09 20:00:00,1.1426,2025-06-09 21:00:00,1.1420394411841135,SL,0.0004905993487542269,-0.0004905993487542178,-0.0007905993487542177,-1.6114969389212954
short,2025-06-09 22:00:00,1.13963,2025-06-10 01:15:00,1.1406336476865573,SL,0.0008806785417700151,-0.0008806785417700156,-0.0011806785417700157,-1.3406464286015771
long,2025-06-10 02:30:00,1.14069,2025-06-10 02:45:00,1.1395781366832887,SL,0.0009747287314794431,-0.0009747287314794682,-0.001274728731479468,-1.307777938939673
short,2025-06-10 03:45:00,1.13981,2025-06-10 05:30:00,1.14066,TECH,0.0012620168650583753,-0.000745738324808536,-0.001045738324808536,-0.8286246830466603
short,2025-06-10 12:00:00,1.14223,2025-06-10 15:45:00,1.14318,TECH,0.0010663588172325396,-0.0008317063988863945,-0.0011317063988863945,-1.0612810440518021
short,2025-06-10 18:30:00,1.14281,2025-06-10 18:45:00,1.14282,TECH,0.000732516339968629,-8.750360952252314e-06,-0.0003087503609522523,-0.4214927969599626
short,2025-06-10 22:00:00,1.14085,2025-06-11 01:45:00,1.1419029998573635,SL,0.0009229958867191893,-0.0009229958867192212,-0.0012229958867192212,-1.325028534055974
long,2025-06-11 02:00:00,1.14219,2025-06-11 02:00:00,1.1414552902149218,SL,0.0006432465571211649,-0.0006432465571212147,-0.0009432465571212146,-1.46638415189145
short,2025-06-11 03:15:00,1.14065,2025-06-11 03:45:00,1.141614013264992,SL,0.000845143790814012,-0.0008451437908139734,-0.0011451437908139733,-1.3549691818844367
long,2025-06-11 04:45:00,1.14382,2025-06-11 07:30:00,1.1427350400338636,SL,0.0009485408247245047,-0.0009485408247245589,-0.0012485408247245589,-1.316275264258854
short,2025-06-11 16:00:00,1.14828,2025-06-11 18:00:00,1.1493695169905476,SL,0.0009488251911969902,-0.0009488251911969215,-0.0012488251911969214,-1.3161804753744641
long,2025-06-11 18:45:00,1.14963,2025-06-11 19:00:00,1.1512280216534445,TP,0.0006950156369634568,0.0013900312739268993,0.0010900312739268994,1.568355035419458
short,2025-06-12 04:15:00,1.15307,2025-06-12 04:30:00,1.15352,TECH,0.0011122974851957349,-0.0003902625165862102,-0.0006902625165862102,-0.6205736556751652
short,2025-06-12 11:00:00,1.15818,2025-06-12 15:45:00,1.15786,TECH,0.0017732756740332278,0.00027629556718307863,-2.3704432816921343e-05,-0.013367596005536343
short,2025-06-12 21:00:00,1.15585,2025-06-13 00:15:00,1.1517915963717562,TP,0.0017555926929289781,0.003511185385857883,0.003211185385857883,1.8291175389323577
long,2025-06-13 03:30:00,1.15477,2025-06-13 04:30:00,1.1526222518209994,SL,0.0018598926011245123,-0.0018598926011245984,-0.0021598926011245985,-1.1612996362363628
short,2025-06-13 06:00:00,1.15233,2025-06-13 10:15:00,1.154,TECH,0.0016831199134720407,-0.0014492376315810907,-0.0017492376315810907,-1.039282832779667
short,2025-06-13 15:00:00,1.15408,2025-06-15 21:15:00,1.15381,TECH,0.0013788142753175204,0.00023395258560930999,-6.604741439068999e-05,-0.0479016032637755
short,2025-06-15 22:45:00,1.15318,2025-06-16 01:00:00,1.1543968579847077,SL,0.0010552194667854751,-0.0010552194667854183,-0.0013552194667854182,-1.2843010477373356
long,2025-06-16 01:30:00,1.15555,2025-06-16 02:15:00,1.1543984228702246,SL,0.0009965619226995673,-0.0009965619226995175,-0.0012965619226995174,-1.3010349815366071
short,2025-06-16 08:00:00,1.15729,2025-06-16 09:00:00,1.158497319905959,SL,0.0010432302240225648,-0.0010432302240225135,-0.0013432302240225134,-1.287568355566987
long,2025-06-16 09:30:00,1.15954,2025-06-16 11:15:00,1.1582080271775097,SL,0.001148707955301507,-0.0011487079553015099,-0.0014487079553015098,-1.2611629863060017
short,2025-06-16 12:45:00,1.15809,2025-06-16 18:45:00,1.1553404374619711,TP,0.0011871109059006675,0.0023742218118012744,0.0020742218118012744,1.7472856171155726
long,2025-06-16 23:30:00,1.15615,2025-06-17 03:15:00,1.1552123633303157,SL,0.0008109991520860823,-0.0008109991520860372,-0.0011109991520860372,-1.3699140735576403
short,2025-06-17 03:45:00,1.15549,2025-06-17 06:45:00,1.1565937407617306,SL,0.0009552144646259162,-0.0009552144646260013,-0.0012552144646260012,-1.3140655958529395
long,2025-06-17 07:15:00,1.15723,2025-06-17 07:45:00,1.15617177906061,SL,0.0009144430574647538,-0.00091444305746472,-0.00121444305746472,-1.3280685413389224
short,2025-06-17 10:00:00,1.15588,2025-06-17 10:30:00,1.1532438396609002,TP,0.0011403261320811588,0.0022806522641622465,0.0019806522641622466,1.7369173681457653
long,2025-06-17 21:00:00,1.1492,2025-06-18 02:15:00,1.1513046346360516,TP,0.0009156955430088612,0.0018313910860177467,0.0015313910860177467,1.6723801898017183
short,2025-06-18 05:45:00,1.15051,2025-06-18 08:15:00,1.1515540252606955,SL,0.0009074456203732347,-0.0009074456203732086,-0.0012074456203732087,-1.3305983226593603
long,2025-06-18 09:15:00,1.15052,2025-06-18 09:30:00,1.1493729584523305,SL,0.0009969766259338628,-0.000996976625933957,-0.0012969766259339568,-1.3009097627731097
short,2025-06-18 10:30:00,1.15017,2025-06-18 11:15:00,1.15179060542549,SL,0.001409013820122387,-0.001409013820122365,-0.0017090138201223649,-1.2129148740172895
long,2025-06-18 11:30:00,1.15294,2025-06-18 12:15:00,1.1512487504800755,SL,0.0014669015906505565,-0.0014669015906505188,-0.0017669015906505187,-1.2045126966335316
short,2025-06-18 14:00:00,1.14968,2025-06-18 14:00:00,1.151125986786975,SL,0.0012577297917463067,-0.0012577297917463466,-0.0015577297917463465,-1.2385250011320015
long,2025-06-18 19:45:00,1.14781,2025-06-18 20:45:00,1.14803,TECH,0.0011845923905876067,0.00019166935294178392,-0.00010833064705821605,-0.09144972390416892
long,2025-06-19 01:30:00,1.14613,2025-06-19 01:45:00,1.1451386464395903,SL,0.0008649573437654279,-0.0008649573437653689,-0.001164957343765369,-1.3468379130627968
short,2025-06-19 03:15:00,1.14646,2025-06-19 03:15:00,1.1475919130445886,SL,0.0009873114147798826,-0.0009873114147799268,-0.0012873114147799267,-1.3038554963602118
long,2025-06-19 04:30:00,1.14703,2025-06-19 10:00:00,1.14725,TECH,0.0011156397989358648,0.00019179969137695526,-0.00010820030862304471,-0.09698498451404283
long,2025-06-19 14:30:00,1.14854,2025-06-19 19:15:00,1.150829017554736,TP,0.0009964901330106303,0.0019929802660212923,0.0016929802660212924,1.6989433311360567
short,2025-06-20 03:15:00,1.15157,2025-06-20 04:45:00,1.1524745502262044,SL,0.0007854930453246456,-0.0007854930453245504,-0.0010854930453245504,-1.3819257239584015
long,2025-06-20 06:00:00,1.15267,2025-06-20 07:00:00,1.1517401429598548,SL,0.0008066983960241803,-0.0008066983960242345,-0.0011066983960242344,-1.3718861987064888
short,2025-06-20 08:30:00,1.15158,2025-06-20 08:30:00,1.152618665439136,SL,0.000901948140064807,-0.0009019481400648574,-0.0012019481400648573,-1.3326133584337727
long,2025-06-20 12:30:00,1.15298,2025-06-20 15:45:00,1.151555571058666,SL,0.0012354324804713767,-0.0012354324804713676,-0.0015354324804713675,-1.2428299439606172
short,2025-06-20 16:15:00,1.15198,2025-06-22 17:00:00,1.1498742458079094,TP,0.0009139716801032408,0.0018279433602064105,0.0015279433602064106,1.6717622585787522
long,2025-06-22 21:45:00,1.14861,2025-06-22 22:00:00,1.1492,TECH,0.0013676100819678197,0.000513664342117943,0.000213664342117943,0.15623191502837325
long,2025-06-22 22:15:00,1.15015,2025-06-23 00:45:00,1.1485941134992546,SL,0.0013527683352131158,-0.0013527683352131908,-0.0016527683352131907,-1.2217674617234537
short,2025-06-23 04:45:00,1.14873,2025-06-23 05:00:00,1.145853253336952,TP,0.0012521422192542306,0.0025042844385085574,0.0022042844385085575,1.7604106024165673
long,2025-06-23 09:45:00,1.14872,2025-06-23 10:00:00,1.1519771846741589,TP,0.0014177452617517604,0.002835490523503482,0.002535490523503482,1.7883964008954893
short,2025-06-23 23:15:00,1.16064,2025-06-24 00:00:00,1.16056,TECH,0.0010611517492568506,6.892748828220463e-05,-0.00023107251171779533,-0.21775633115586043
short,2025-06-24 04:15:00,1.1592,2025-06-24 05:15:00,1.1607969750842893,SL,0.0013776527642247471,-0.0013776527642246745,-0.0016776527642246744,-1.2177616942312366
long,2025-06-24 07:00:00,1.15967,2025-06-24 09:15:00,1.1583092736795824,SL,0.0011733737359917325,-0.0011733737359918043,-0.0014733737359918042,-1.2556730143158628
short,2025-06-24 09:45:00,1.15839,2025-06-24 10:00:00,1.1597916521528846,SL,0.001210000218306985,-0.001210000218306934,-0.001510000218306934,-1.2479338395655042
long,2025-06-24 11:00:00,1.16165,2025-06-24 16:15:00,1.16099,TECH,0.0015869840590588395,-0.0005681573623725777,-0.0008681573623725777,-0.5470485714188196
long,2025-06-24 20:30:00,1.16223,2025-06-24 23:45:00,1.1613725559074108,SL,0.0007377576663733989,-0.0007377576663734842,-0.0010377576663734842,-1.4066375907346347
short,2025-06-25 00:30:00,1.16152,2025-06-25 03:45:00,1.1597854042774516,TP,0.0007466921458728384,0.0014933842917457523,0.0011933842917457524,1.5982279957568826
long,2025-06-25 08:00:00,1.15991,2025-06-25 09:00:00,1.15926,TECH,0.0009506547848115859,-0.0005603883059892918,-0.0008603883059892918,-0.9050480992001902
long,2025-06-25 10:45:00,1.162,2025-06-25 14:00:00,1.164488072365153,TP,0.0010705991244203809,0.002141198248840815,0.0018411982488408152,1.7197830699120311
short,2025-06-26 01:45:00,1.16781,2025-06-26 02:45:00,1.1688806652661092,SL,0.0009168146069216984,-0.000916814606921688,-0.001216814606921688,-1.3272199174566721
long,2025-06-26 03:45:00,1.1702,2025-06-26 04:00:00,1.1729506031581762,TP,0.0011752705341721093,0.0023505410683441496,0.0020505410683441497,1.7447396226849194
short,2025-06-26 08:00:00,1.16949,2025-06-26 08:30:00,1.1710271814538578,SL,0.0013144032474479389,-0.001314403247447895,-0.001614403247447895,-1.2282404586130167
long,2025-06-26 10:45:00,1.17145,2025-06-26 11:00:00,1.1697449102766289,SL,0.0014555377723088434,-0.0014555377723088861,-0.001755537772308886,-1.2061093883700238
short,2025-06-26 16:00:00,1.17044,2025-06-26 22:00:00,1.17012,TECH,0.0011510826897577215,0.0002734014558626465,-2.6598544137353467e-05,-0.023107413893046984
short,2025-06-27 01:30:00,1.16898,2025-06-27 02:15:00,1.1699852092415886,SL,0.0008599028568398145,-0.0008599028568398475,-0.0011599028568398475,-1.3488766174153064
long,2025-06-27 03:15:00,1.17259,2025-06-27 03:15:00,1.171362194018573,SL,0.0010470889069726075,-0.0010470889069726175,-0.0013470889069726174,-1.2865086221449753
short,2025-06-27 07:00:00,1.17138,2025-06-27 08:30:00,1.17183,TECH,0.0010525998127014818,-0.00038416227014277123,-0.0006841622701427712,-0.6499737715009457
short,2025-06-27 12:00:00,1.17233,2025-06-27 14:30:00,1.1688971848491814,TP,0.001464099336713544,0.002928198673427042,0.002628198673427042,1.7950958705619973
long,2025-06-29 17:15:00,1.17222,2025-06-29 21:45:00,1.17321,TECH,0.001102892883212749,0.0008445513640784549,0.000544551364078455,0.4937481893002754
long,2025-06-30 01:45:00,1.17323,2025-06-30 02:15:00,1.1722134720149182,SL,0.0008664353835836414,-0.0008664353835835968,-0.0011664353835835967,-1.3462462471917211
short,2025-06-30 05:15:00,1.17262,2025-06-30 10:30:00,1.173938249123679,SL,0.001124191233032889,-0.0011241912330328236,-0.0014241912330328235,-1.266858512310741
long,2025-06-30 10:45:00,1.17471,2025-06-30 10:45:00,1.1733875764810977,SL,0.0011257446679624275,-0.0011257446679624895,-0.0014257446679624894,-1.2664902695413651
short,2025-06-30 23:15:00,1.17912,2025-07-01 00:45:00,1.1785,TECH,0.0007679010826753073,0.0005258158626771176,0.0002258158626771176,0.29406894686278184
short,2025-07-01 01:45:00,1.17843,2025-07-01 03:00:00,1.1767517294785284,TP,0.0007120790040442294,0.0014241580080885045,0.0011241580080885046,1.5786984333253558
long,2025-07-01 05:00:00,1.18041,2025-07-01 09:30:00,1.17979,TECH,0.0011666152888062313,-0.0005252412297422633,-0.0008252412297422632,-0.7073807772455238
long,2025-07-01 15:15:00,1.17894,2025-07-01 22:15:00,1.17933,TECH,0.0010559524836862176,0.000330805638963722,3.080563896372201e-05,0.029173319291965493
long,2025-07-02 11:15:00,1.17775,2025-07-02 18:15:00,1.17997,TECH,0.0016395492246202043,0.0018849501167479419,0.001584950116747942,0.9666987077591952
long,2025-07-02 20:00:00,1.17985,2025-07-02 23:30:00,1.17947,TECH,0.0005750814539808733,-0.00032207484002207647,-0.0006220748400220764,-1.0817160520755833
long,2025-07-03 03:15:00,1.17976,2025-07-03 05:15:00,1.1789801913791573,SL,0.0006609892019077235,-0.0006609892019076698,-0.0009609892019076698,-1.4538652055647763
short,2025-07-03 06:00:00,1.17921,2025-07-03 08:30:00,1.1774095850689288,TP,0.0007633987716654934,0.0015267975433309617,0.0012267975433309618,1.6070205885378614
long,2025-07-03 17:30:00,1.17525,2025-07-03 19:30:00,1.1770931540039293,TP,0.0007841540114568575,0.001568308022913785,0.0012683080229137851,1.6174220935979549
short,2025-07-04 04:30:00,1.17693,2025-07-04 05:30:00,1.1778703694104522,SL,0.0007990019886077126,-0.000799001988607792,-0.001099001988607792,-1.3754684021786219
long,2025-07-04 07:00:00,1.17777,2025-07-04 07:45:00,1.1769577411218375,SL,0.0006896583188249431,-0.0006896583188249805,-0.0009896583188249806,-1.4349980154102757
short,2025-07-04 08:30:00,1.17663,2025-07-04 09:30:00,1.1774577276107645,SL,0.0007034731485380869,-0.0007034731485381464,-0.0010034731485381464,-1.4264555095293976
long,2025-07-04 11:00:00,1.17782,2025-07-04 14:00:00,1.17755,TECH,0.0007235205742502463,-0.00022923706508633956,-0.0005292370650863395,-0.7314747968774288
long,2025-07-04 16:45:00,1.1779,2025-07-04 16:45:00,1.1772008244380112,SL,0.0005935780303835217,-0.0005935780303835043,-0.0008935780303835042,-1.5054095411956991
short,2025-07-06 22:00:00,1.1772,2025-07-07 02:30:00,1.1755623976063252,TP,0.0006955497764504334,0.0013910995529008076,0.0010910995529008077,1.56868651222773
long,2025-07-07 10:00:00,1.17351,2025-07-07 12:15:00,1.1725041154516518,SL,0.0008571589064842294,-0.0008571589064841953,-0.0011571589064841954,-1.3499934466416066
short,2025-07-07 13:00:00,1.16942,2025-07-07 13:30:00,1.1709376999860412,SL,0.001297822840417731,-0.0012978228404177655,-0.0015978228404177654,-1.2311563571369057
long,2025-07-07 16:45:00,1.17073,2025-07-07 18:15:00,1.17174,TECH,0.00108805730630418,0.0008627095914514494,0.0005627095914514494,0.5171690757381274
long,2025-07-07 18:45:00,1.1734,2025-07-08 02:15:00,1.17392,TECH,0.0009197823782620176,0.0004431566388274041,0.00014315663882740414,0.15564185856431273
long,2025-07-08 03:45:00,1.17592,2025-07-08 04:30:00,1.1748711663748952,SL,0.0008919260027083627,-0.0008919260027084185,-0.0011919260027084184,-1.3363507724733843
short,2025-07-08 06:30:00,1.1731,2025-07-08 09:00:00,1.171192944231405,TP,0.0008128274523036945,0.001625654904607413,0.0013256549046074132,1.6309179775489575
long,2025-07-08 13:15:00,1.17195,2025-07-08 19:00:00,1.17288,TECH,0.0012492274139921848,0.0007935492128502712,0.0004935492128502713,0.39508355910396226
long,2025-07-08 19:15:00,1.1727,2025-07-08 20:00:00,1.1719056795307274,SL,0.0006773432841073919,-0.0006773432841073043,-0.0009773432841073042,-1.4429068790358712
short,2025-07-08 21:00:00,1.17243,2025-07-08 22:30:00,1.170919637718435,TP,0.0006441161867084216,0.001288232373416828,0.0009882323734168282,1.5342455193789144
long,2025-07-09 02:30:00,1.17146,2025-07-09 03:30:00,1.1706585037391644,SL,0.0006841857689000009,-0.0006841857688999949,-0.000984185768899995,-1.4384774042908242
short,2025-07-09 05:30:00,1.17098,2025-07-09 09:15:00,1.1720760759354831,SL,0.0009360330112240743,-0.0009360330112241206,-0.0012360330112241205,-1.3205015169365966
long,2025-07-09 10:15:00,1.1715,2025-07-09 12:15:00,1.1701444425314822,SL,0.0011571126491828783,-0.0011571126491829171,-0.001457112649182917,-1.2592660275660201
short,2025-07-09 13:00:00,1.17048,2025-07-09 14:00:00,1.1715568027197534,SL,0.000919966782647705,-0.0009199667826476415,-0.0012199667826476414,-1.3260987305829925
long,2025-07-09 15:00:00,1.17133,2025-07-09 19:45:00,1.1733143958589083,TP,0.0008470695102610886,0.0016941390205222316,0.0013941390205222317,1.6458378015430188
short,2025-07-10 00:15:00,1.17328,2025-07-10 01:30:00,1.1739413383775623,SL,0.0005636662838898861,-0.0005636662838897919,-0.0008636662838897918,-1.5322298114579294
long,2025-07-10 03:15:00,1.17335,2025-07-10 03:45:00,1.17281,TECH,0.0006512489066620889,-0.0004602207355009034,-0.0007602207355009034,-1.167327465311748
long,2025-07-10 14:15:00,1.16939,2025-07-10 20:15:00,1.1682756518861357,SL,0.0009529311126863617,-0.0009529311126863053,-0.0012529311126863053,-1.3148181395339567
short,2025-07-10 20:45:00,1.16708,2025-07-10 20:45:00,1.1680635544007179,SL,0.0008427480555899542,-0.0008427480555899823,-0.0011427480555899823,-1.355978276081595
long,2025-07-11 01:15:00,1.16776,2025-07-11 02:15:00,1.16761,TECH,0.0007742190619573097,-0.00012845105158583312,-0.0004284510515858331,-0.5533977043947516
long,2025-07-11 02:45:00,1.16809,2025-07-11 07:00:00,1.169915869203761,TP,0.0007815618675619682,0.001563123735123948,0.0012631237351239482,1.6161532279769242
short,2025-07-11 09:30:00,1.16948,2025-07-11 09:30:00,1.17063449656674,SL,0.0009871879525428149,-0.0009871879525428621,-0.001287187952542862,-1.3038934979172936
long,2025-07-11 09:45:00,1.17025,2025-07-11 09:45:00,1.168933681759456,SL,0.0011248179795292285,-0.0011248179795291708,-0.0014248179795291708,-1.2667098192416
short,2025-07-11 10:15:00,1.16834,2025-07-11 11:15:00,1.1696892744012855,SL,0.001154864509719307,-0.0011548645097193594,-0.0014548645097193593,-1.2597707328221284
long,2025-07-11 11:30:00,1.16945,2025-07-11 12:00:00,1.16958,TECH,0.0011318961790256852,0.000111163367394898,-0.000188836632605102,-0.16683211420295543
long,2025-07-11 12:15:00,1.16934,2025-07-11 14:30:00,1.16907,TECH,0.0011151228522109228,-0.0002308994817589345,-0.0005308994817589344,-0.476090576662773
long,2025-07-11 15:00:00,1.16885,2025-07-11 15:15:00,1.16872,TECH,0.0008884989507914209,-0.00011122043033747999,-0.00041122043033747996,-0.46282601681317664
long,2025-07-13 20:45:00,1.16868,2025-07-13 22:30:00,1.167550829385242,SL,0.0009661931536075862,-0.0009661931536075187,-0.0012661931536075187,-1.3104969217384619
short,2025-07-13 23:45:00,1.16777,2025-07-14 02:15:00,1.1657748595478783,TP,0.0008542523151484391,0.0017085046302967876,0.0014085046302967877,1.6488157015436815
long,2025-07-14 04:30:00,1.16836,2025-07-14 09:30:00,1.16774,TECH,0.0008850778050276424,-0.0005306583587251061,-0.000830658358725106,-0.9385145057379032
long,2025-07-14 16:30:00,1.1668,2025-07-14 17:00:00,1.1660188566084206,SL,0.0006694749670719162,-0.0006694749670718372,-0.0009694749670718372,-1.4481123488635155
short,2025-07-14 17:45:00,1.16627,2025-07-14 20:00:00,1.1669540045968378,SL,0.0005864890607131238,-0.0005864890607131524,-0.0008864890607131525,-1.511518492152697
long,2025-07-14 20:30:00,1.16765,2025-07-14 21:00:00,1.167013599662767,SL,0.0005450266237596073,-0.0005450266237596889,-0.0008450266237596889,-1.5504318264870696
short,2025-07-15 06:45:00,1.1681,2025-07-15 08:30:00,1.1689400351243397,SL,0.0007191465836314875,-0.0007191465836313954,-0.0010191465836313955,-1.4171611279650285
long,2025-07-15 16:45:00,1.16009,2025-07-15 19:00:00,1.16039,TECH,0.0007195641115759197,0.000258600625813486,-4.139937418651398e-05,-0.057533961909030006
long,2025-07-15 19:30:00,1.16046,2025-07-16 00:45:00,1.1616575836940877,TP,0.0005159952493354018,0.0010319904986708915,0.0007319904986708915,1.4185992983727855
short,2025-07-16 06:00:00,1.16156,2025-07-16 08:00:00,1.1600375319380627,TP,0.000655354894253098,0.0013107097885061746,0.0010107097885061747,1.5422327617741702
long,2025-07-16 11:45:00,1.16891,2025-07-16 11:45:00,1.1660955354681661,SL,0.002407768375523925,-0.0024077683755240015,-0.0027077683755240014,-1.124596702510804
short,2025-07-16 15:45:00,1.16293,2025-07-16 18:15:00,1.1642,TECH,0.001950462187424943,-0.0010920691701133192,-0.0013920691701133192,-0.7137124621478407
short,2025-07-16 20:30:00,1.16277,2025-07-17 02:00:00,1.16168,TECH,0.0009220073111621253,0.0009374166860170415,0.0006374166860170416,0.6913358259747666
short,2025-07-17 02:15:00,1.16081,2025-07-17 02:15:00,1.1591298174651679,TP,0.0007237112597376373,0.0014474225194752305,0.0011474225194752306,1.585470039378963
long,2025-07-17 10:30:00,1.15909,2025-07-17 14:15:00,1.1587,TECH,0.0012819588751533206,-0.0003364708521339072,-0.0006364708521339071,-0.49648304986209957
long,2025-07-17 16:30:00,1.15953,2025-07-17 18:30:00,1.161440052812827,TP,0.0008236323393215676,0.001647264678643139,0.001347264678643139,1.6357598097142365
short,2025-07-18 01:15:00,1.16186,2025-07-18 03:00:00,1.1625193310332604,SL,0.0005674788987146663,-0.000567478898714601,-0.0008674788987146009,-1.5286540181131516
long,2025-07-18 04:15:00,1.16376,2025-07-18 08:00:00,1.1655410958539012,TP,0.0007652333186831334,0.001530466637366204,0.001230466637366204,1.6079627053924892
short,2025-07-18 12:15:00,1.16408,2025-07-20 17:45:00,1.16331,TECH,0.0011278756448250033,0.0006614665658717077,0.0003614665658717077,0.32048441468721617
short,2025-07-20 21:30:00,1.1624,2025-07-21 01:00:00,1.16289,TECH,0.0007913226004348789,-0.000421541637990261,-0.0007215416379902609,-0.9118173013050945
short,2025-07-21 15:00:00,1.16936,2025-07-21 18:45:00,1.16939,TECH,0.0009553595356172081,-2.5655059177648022e-05,-0.000325655059177648,-0.34087173156989453
short,2025-07-21 21:00:00,1.16885,2025-07-22 00:15:00,1.16881,TECH,0.0006230965979219238,3.4221670873114605e-05,-0.00026577832912688535,-0.426544343225877
short,2025-07-22 00:30:00,1.16925,2025-07-22 02:15:00,1.16893,TECH,0.0005878003735077436,0.0002736797092152029,-2.63202907847971e-05,-0.044777601327009635
short,2025-07-22 02:30:00,1.16857,2025-07-22 04:00:00,1.1692649494894625,SL,0.0005947007791251645,-0.0005947007791252212,-0.0008947007791252212,-1.504455367355281
long,2025-07-22 04:45:00,1.16989,2025-07-22 08:15:00,1.1689785693506052,SL,0.0007790738012932292,-0.0007790738012932134,-0.0010790738012932135,-1.3850726330445167
short,2025-07-22 09:00:00,1.16906,2025-07-22 09:30:00,1.1700395624886424,SL,0.0008379060857804366,-0.0008379060857803651,-0.0011379060857803652,-1.3580353515638983
long,2025-07-22 11:15:00,1.17319,2025-07-22 16:30:00,1.17497,TECH,0.0012889490875368514,0.0015172307980805453,0.0012172307980805454,0.9443590983152346
long,2025-07-22 17:00:00,1.17537,2025-07-22 19:15:00,1.1744952013615995,SL,0.0007442751120078179,-0.0007442751120077632,-0.0010442751120077632,-1.403076759063783
short,2025-07-22 19:30:00,1.17428,2025-07-23 03:15:00,1.1750818668088285,SL,0.0006828582696023478,-0.0006828582696022619,-0.0009828582696022618,-1.4393298190188346
long,2025-07-23 04:00:00,1.17419,2025-07-23 04:30:00,1.1731466561728092,SL,0.0008885647358526654,-0.0008885647358526693,-0.0011885647358526692,-1.3376231217550225
short,2025-07-23 06:15:00,1.17298,2025-07-23 11:00:00,1.1739680660287863,SL,0.0008423553929193133,-0.0008423553929192548,-0.0011423553929192547,-1.3561442148072975
long,2025-07-23 11:15:00,1.17393,2025-07-23 11:30:00,1.1726641763341652,SL,0.0010782786587230544,-0.0010782786587230245,-0.0013782786587230244,-1.2782212163553746
short,2025-07-23 21:00:00,1.17668,2025-07-23 21:15:00,1.1775029764562568,SL,0.0006994054936404671,-0.0006994054936404468,-0.0009994054936404467,-1.428935721448874
long,2025-07-23 23:00:00,1.17765,2025-07-24 02:00:00,1.17707,TECH,0.00071945909504328,-0.000492506262471893,-0.0007925062624718931,-1.1015306748248404
long,2025-07-24 10:00:00,1.1771,2025-07-24 14:00:00,1.17695,TECH,0.0013601301206535939,-0.0001274318239742541,-0.0004274318239742541,-0.3142580386124064
long,2025-07-24 15:30:00,1.17674,2025-07-24 16:00:00,1.1758,TECH,0.0010754032162770318,-0.0007988170708907159,-0.0010988170708907158,-1.021772163463246
long,2025-07-24 20:45:00,1.17578,2025-07-24 21:00:00,1.174968498967769,SL,0.0006901810136515775,-0.0006901810136514946,-0.0009901810136514946,-1.4346685783381539
short,2025-07-24 22:15:00,1.17433,2025-07-25 02:00:00,1.175200897425935,SL,0.0007416121753977003,-0.000741612175397737,-0.001041612175397737,-1.4045241029641369
long,2025-07-25 02:15:00,1.17465,2025-07-25 05:00:00,1.1738036647858365,SL,0.0007204999056429363,-0.0007204999056429069,-0.0010204999056429068,-1.4163775701431442
short,2025-07-25 05:45:00,1.17365,2025-07-25 07:15:00,1.1714715983326647,TP,0.0009280456981789635,0.0018560913963578626,0.0015560913963578627,1.6767400564554822
long,2025-07-25 11:30:00,1.17375,2025-07-25 12:00:00,1.1722682104817277,SL,0.0012624404841511297,-0.001262440484151123,-0.0015624404841511228,-1.237634964789421
short,2025-07-27 22:45:00,1.17521,2025-07-28 02:15:00,1.1731559376157443,TP,0.0008739129109928445,0.0017478258219856548,0.001447825821985655,1.6567163658685315
long,2025-07-28 19:30:00,1.15902,2025-07-28 21:30:00,1.15911,TECH,0.0005993058265495657,7.765180928728194e-05,-0.00022234819071271803,-0.3710095594979647
long,2025-07-28 21:45:00,1.15962,2025-07-28 22:15:00,1.15965,TECH,0.0006904398556384161,2.587054379880865e-05,-0.0002741294562011913,-0.3970359676697939
long,2025-07-28 22:30:00,1.1598,2025-07-28 23:30:00,1.158966137623807,SL,0.0007189708365175716,-0.0007189708365174895,-0.0010189708365174895,-1.4172630999235056
short,2025-07-29 00:15:00,1.15801,2025-07-29 00:45:00,1.1588154173342269,SL,0.000695518462040054,-0.0006955184620399641,-0.0009955184620399642,-1.4313329068504776
long,2025-07-29 06:00:00,1.15765,2025-07-29 07:30:00,1.1561061988756718,SL,0.0013335646562677198,-0.0013335646562676812,-0.0016335646562676812,-1.2249609710260159
short,2025-07-29 08:30:00,1.15342,2025-07-29 10:00:00,1.154996747681958,SL,0.001367019543581826,-0.001367019543581823,-0.0016670195435818228,-1.219455531128652
long,2025-07-29 12:45:00,1.15461,2025-07-29 18:00:00,1.15479,TECH,0.001430481423186742,0.0001558967963208954,-0.0001441032036791046,-0.10073755684158413
long,2025-07-29 20:15:00,1.15565,2025-07-29 21:00:00,1.1569752596330687,TP,0.0005733827859077691,0.0011467655718155328,0.0008467655718155328,1.4767893153174265
short,2025-07-30 00:45:00,1.1555,2025-07-30 03:00:00,1.1562665678539081,SL,0.0006634079220322042,-0.0006634079220321611,-0.000963407922032161,-1.4522104576034798
long,2025-07-30 04:30:00,1.15553,2025-07-30 05:45:00,1.15498,TECH,0.0008970130426058059,-0.0004759720647668606,-0.0007759720647668606,-0.8650621874044065
long,2025-07-30 14:00:00,1.14802,2025-07-30 14:30:00,1.1468210764798412,SL,0.0010443402729558152,-0.0010443402729558922,-0.0013443402729558921,-1.287262693749214
short,2025-07-30 15:00:00,1.14239,2025-07-30 20:00:00,1.14278,TECH,0.0017857293396822316,-0.0003413895429755954,-0.0006413895429755954,-0.35917511614034964
short,2025-07-30 23:45:00,1.14202,2025-07-31 00:45:00,1.1433842090857553,SL,0.001194557963744275,-0.0011945579637443274,-0.0014945579637443273,-1.2511389226017287
long,2025-07-31 01:45:00,1.14365,2025-07-31 02:45:00,1.1459703475855738,TP,0.00101444829518372,0.0020288965903674694,0.0017288965903674695,1.7042727545363567
short,2025-07-31 06:00:00,1.14328,2025-07-31 07:30:00,1.1446880145524136,SL,0.00123155705725073,-0.001231557057250693,-0.001531557057250693,-1.2435940732373933
long,2025-07-31 12:15:00,1.14263,2025-07-31 13:30:00,1.1423,TECH,0.0014717701224819214,-0.00028880740047079235,-0.0005888074004707924,-0.4000675047526147
long,2025-07-31 20:00:00,1.14217,2025-07-31 21:30:00,1.1411883773226117,SL,0.0008594365789577551,-0.0008594365789577878,-0.0011594365789577878,-1.3490658965945397
short,2025-07-31 22:45:00,1.14078,2025-07-31 23:00:00,1.141866847161108,SL,0.0009527228397307935,-0.0009527228397307749,-0.0012527228397307749,-1.3148869613378336
long,2025-08-01 01:15:00,1.1419,2025-08-01 02:30:00,1.1437863028749973,TP,0.0008259492403001154,0.0016518984806001918,0.0013518984806001918,1.6367815534390084
short,2025-08-01 04:45:00,1.14114,2025-08-01 08:30:00,1.1422535023540508,SL,0.0009757806702514885,-0.0009757806702514342,-0.0012757806702514342,-1.3074461394307253
long,2025-08-01 08:45:00,1.15293,2025-08-01 09:30:00,1.1582680836688535,TP,0.0023150077059550535,0.00463001541191006,0.00433001541191006,1.8704107985349958
short,2025-08-01 13:30:00,1.15263,2025-08-01 15:30:00,1.1552189453529438,SL,0.0022461200497502555,-0.002246120049750344,-0.002546120049750344,-1.1335636534803406
long,2025-08-01 16:00:00,1.15687,2025-08-03 20:30:00,1.15644,TECH,0.0021467889704573145,-0.0003716925843008743,-0.0006716925843008743,-0.31288244608308596
long,2025-08-03 23:45:00,1.15766,2025-08-04 02:15:00,1.1563441769021148,SL,0.0011366230999474284,-0.0011366230999474269,-0.0014366230999474268,-1.263939735180355
short,2025-08-04 02:45:00,1.15741,2025-08-04 07:00:00,1.15737,TECH,0.0011510566567683898,3.455992258580797e-05,-0.000265440077414192,-0.23060557084950042
short,2025-08-04 11:45:00,1.15717,2025-08-04 15:30:00,1.15713,TECH,0.001597726337396356,3.456709040161774e-05,-0.00026543290959838225,-0.16613164807117717
short,2025-08-04 21:45:00,1.15695,2025-08-05 01:30:00,1.155049558229308,TP,0.0008213154287963292,0.001642630857592652,0.001342630857592652,1.634732297139884
long,2025-08-05 09:30:00,1.15508,2025-08-05 09:45:00,1.1537318538455008,SL,0.0011671452665610138,-0.0011671452665610144,-0.0014671452665610144,-1.2570374130753652
short,2025-08-05 15:45:00,1.1571,2025-08-05 19:00:00,1.15758,TECH,0.0008769206973996959,-0.0004148301788955457,-0.0007148301788955457,-0.815159433475807
short,2025-08-05 21:45:00,1.15691,2025-08-05 23:15:00,1.1575754043701503,SL,0.0005751565550909,-0.0005751565550908617,-0.0008751565550908617,-1.5215971153324481
long,2025-08-06 00:30:00,1.15817,2025-08-06 01:45:00,1.1574780283597026,SL,0.0005974698362911899,-0.0005974698362911564,-0.0008974698362911565,-1.5021173986995304
short,2025-08-06 04:30:00,1.15731,2025-08-06 05:15:00,1.1581677833221982,SL,0.0007411871686912143,-0.0007411871686912774,-0.0010411871686912774,-1.4047560625338427
long,2025-08-06 06:00:00,1.15848,2025-08-06 06:00:00,1.160248246655474,TP,0.0007631753053457709,0.001526350610691628,0.001226350610691628,1.606905519742947
short,2025-08-06 18:15:00,1.16645,2025-08-06 19:00:00,1.16633,TECH,0.0008906926957894018,0.00010287624844605253,-0.00019712375155394744,-0.22131510956114994
short,2025-08-06 19:15:00,1.16596,2025-08-06 19:30:00,1.16607,TECH,0.0007750089405717984,-9.434285910308453e-05,-0.0003943428591030845,-0.5088236257147434
short,2025-08-06 21:15:00,1.16532,2025-08-06 21:45:00,1.1661394563817569,SL,0.0007032028814032666,-0.0007032028814033533,-0.0010032028814033532,-1.4266194123116018
long,2025-08-06 23:45:00,1.16595,2025-08-07 00:30:00,1.1675235436234457,TP,0.0006747903526933432,0.0013495807053867138,0.001049580705386714,1.55541747328995
short,2025-08-07 06:30:00,1.16622,2025-08-07 07:00:00,1.1672652163189468,SL,0.0008962428349254384,-0.0008962428349254153,-0.0011962428349254152,-1.3347307094789047
long,2025-08-07 14:00:00,1.16332,2025-08-07 14:45:00,1.16224,TECH,0.0011615254001354194,-0.0009283774026063078,-0.0012283774026063078,-1.0575553513191311
long,2025-08-07 16:15:00,1.16596,2025-08-07 22:00:00,1.16572,TECH,0.0012323923125567738,-0.00020583896531614973,-0.0005058389653161497,-0.4104528729708761
long,2025-08-08 04:30:00,1.16522,2025-08-08 04:45:00,1.164260884323564,SL,0.0008231198198072995,-0.0008231198198073477,-0.0011231198198073478,-1.3644669861919754
short,2025-08-08 05:30:00,1.16318,2025-08-08 05:45:00,1.1642113730694161,SL,0.0008866839779019602,-0.0008866839779019846,-0.0011866839779019847,-1.3383392589430494
long,2025-08-08 09:00:00,1.16417,2025-08-08 11:15:00,1.166405024431036,TP,0.0009599218460517616,0.0019198436921034473,0.0016198436921034474,1.6874745571902539
short,2025-08-08 15:30:00,1.16414,2025-08-10 19:45:00,1.16491,TECH,0.0009733027031956308,-0.0006614324737573981,-0.000961432473757398,-0.987804175002022
short,2025-08-11 03:00:00,1.16639,2025-08-11 03:30:00,1.1651793797452301,TP,0.0005189603197772406,0.0010379206395544568,0.0007379206395544569,1.4219211208117093
long,2025-08-11 14:30:00,1.1614,2025-08-11 15:15:00,1.1603834663893748,SL,0.0008752657229422462,-0.000875265722942266,-0.001175265722942266,-1.3427530544570578
short,2025-08-12 02:15:00,1.16133,2025-08-12 03:30:00,1.1620613003353402,SL,0.0006297093292519302,-0.0006297093292519701,-0.00092970932925197,-1.4764102833865078
long,2025-08-12 09:00:00,1.1642,2025-08-12 09:00:00,1.162690554430796,SL,0.0012965517687717053,-0.0012965517687716544,-0.0015965517687716543,-1.2313829707580095
short,2025-08-12 15:30:00,1.16727,2025-08-12 17:30:00,1.16712,TECH,0.0013075171647088304,0.00012850497314254158,-0.0001714950268574584,-0.13116082257753645
short,2025-08-13 08:30:00,1.17147,2025-08-13 09:00:00,1.1694529724692082,TP,0.0008608959387742897,0.0017217918775485534,0.0014217918775485535,1.6515258273524274
long,2025-08-13 11:45:00,1.17158,2025-08-13 13:45:00,1.1703734954620757,SL,0.0010298097764766085,-0.0010298097764765263,-0.0013298097764765262,-1.2913159370328935
short,2025-08-13 14:00:00,1.1704,2025-08-13 18:00:00,1.17045,TECH,0.0008845780851347019,-4.2720437457179995e-05,-0.00034272043745718,-0.38743943945320686
short,2025-08-13 23:15:00,1.17015,2025-08-14 02:45:00,1.1689407259037747,TP,0.0005167175559651298,0.0010334351119303405,0.0007334351119303406,1.4194120239642791
long,2025-08-14 07:15:00,1.16936,2025-08-14 07:15:00,1.168329271147353,SL,0.0008814469903596878,-0.0008814469903596748,-0.0011814469903596748,-1.3403494518457286
short,2025-08-14 09:15:00,1.16636,2025-08-14 12:00:00,1.1632756859740323,TP,0.0013221964170443913,0.002644392834088755,0.002344392834088755,1.7731048154928137
long,2025-08-14 16:00:00,1.16481,2025-08-15 01:45:00,1.1669922608506216,TP,0.0009367454136819504,0.001873490827363841,0.0015734908273638412,1.6797422270573108
short,2025-08-15 14:15:00,1.17041,2025-08-17 17:15:00,1.17104,TECH,0.0008685400480310065,-0.0005382729129109718,-0.0008382729129109718,-0.9651517104033939
short,2025-08-17 21:00:00,1.17012,2025-08-18 00:30:00,1.1708268511862363,SL,0.0006040843556526614,-0.0006040843556526313,-0.0009040843556526314,-1.4966193830261434
long,2025-08-18 00:45:00,1.17068,2025-08-18 02:15:00,1.1700325031551937,SL,0.0005530946499523648,-0.0005530946499523782,-0.0008530946499523781,-1.5424026430663373
short,2025-08-18 03:00:00,1.16967,2025-08-18 03:45:00,1.1683011520909297,TP,0.0005851427791900126,0.001170285558379992,0.0008702855583799921,1.4873046191985657
long,2025-08-18 16:00:00,1.16669,2025-08-18 17:00:00,1.1659128934616294,SL,0.0006660779970435206,-0.0006660779970434287,-0.0009660779970434286,-1.4503977031691475
short,2025-08-18 18:00:00,1.16613,2025-08-18 18:00:00,1.1667526901649072,SL,0.000533980057889967,-0.0005339800578898792,-0.0008339800578898791,-1.5618187338032214
long,2025-08-18 19:30:00,1.16643,2025-08-18 20:45:00,1.1657421816700013,SL,0.0005896781890029995,-0.0005896781890029896,-0.0008896781890029896,-1.5087520712055098
short,2025-08-18 21:15:00,1.16574,2025-08-18 21:30:00,1.1642791903403982,TP,0.0006265589495092677,0.001253117899018499,0.000953117899018499,1.5211942942719088
long,2025-08-19 01:15:00,1.16634,2025-08-19 01:45:00,1.1656319170242755,SL,0.0006070982524173477,-0.0006070982524173436,-0.0009070982524173436,-1.4941539508727855
short,2025-08-19 09:30:00,1.16739,2025-08-19 13:45:00,1.1654141010389059,TP,0.0008462891412013372,0.001692578282402684,0.0013925782824026841,1.6455112261346876
long,2025-08-19 19:15:00,1.16444,2025-08-19 19:30:00,1.16424,TECH,0.0005155296002936383,-0.00017175638074952594,-0.0004717563807495259,-0.9150907736060553
long,2025-08-20 01:00:00,1.16344,2025-08-20 02:00:00,1.162762890756455,SL,0.000581988966809693,-0.0005819889668097517,-0.0008819889668097516,-1.5154736895521883
short,2025-08-20 12:30:00,1.16595,2025-08-20 13:45:00,1.1671524699946723,SL,0.0010313220932905924,-0.0010313220932906362,-0.001331322093290636,-1.2908887552702837
long,2025-08-20 14:15:00,1.16626,2025-08-20 16:00:00,1.16528,TECH,0.0010117329984970606,-0.0008402929020972861,-0.001140292902097286,-1.1270690031769275
long,2025-08-21 04:45:00,1.16534,2025-08-21 07:45:00,1.1643917109375048,SL,0.0008137445402158756,-0.0008137445402159217,-0.0011137445402159218,-1.368666068002693
short,2025-08-21 08:00:00,1.16404,2025-08-21 08:30:00,1.164953250270427,SL,0.0007845523095658363,-0.0007845523095658145,-0.0010845523095658145,-1.382383680912233
long,2025-08-21 19:00:00,1.16132,2025-08-21 21:45:00,1.1606494650782175,SL,0.0005773903160045199,-0.0005773903160045234,-0.0008773903160045234,-1.519579202637086
short,2025-08-21 23:00:00,1.16086,2025-08-21 23:30:00,1.159477502495195,TP,0.0005954626332223445,0.001190925266444621,0.000890925266444621,1.4961900491108588
long,2025-08-22 04:00:00,1.15944,2025-08-22 08:15:00,1.161195266706693,TP,0.0007569458991809818,0.0015138917983620575,0.0012138917983620576,1.6036704864581377
short,2025-08-22 16:15:00,1.17203,2025-08-24 20:45:00,1.1695939025026756,TP,0.001039264138854906,0.0020785282777098873,0.0017785282777098873,1.7113342135229703
long,2025-08-25 00:30:00,1.17045,2025-08-25 02:15:00,1.1717537612553461,TP,0.0005569487185894768,0.001113897437178989,0.000813897437178989,1.461350767159063
short,2025-08-25 05:00:00,1.17039,2025-08-25 06:30:00,1.168582161418975,TP,0.0007723231491319286,0.0015446462982637893,0.0012446462982637894,1.6115615589960497
long,2025-08-25 09:15:00,1.16985,2025-08-25 10:45:00,1.1689833004543928,SL,0.0007408638249409964,-0.00074086382494102,-0.00104086382494102,-1.4049327148938822
short,2025-08-25 11:45:00,1.16758,2025-08-25 12:45:00,1.1653579834235415,TP,0.0009515478924179169,0.001903095784835811,0.001603095784835811,1.684724224192529
long,2025-08-25 19:30:00,1.16142,2025-08-25 20:00:00,1.1630748094919123,TP,0.0007124078679170255,0.0014248157358340951,0.0011248157358340952,1.5788929158276828
short,2025-08-26 00:15:00,1.1624,2025-08-26 01:30:00,1.163558280190838,SL,0.0009964557732604527,-0.0009964557732603724,-0.0012964557732603724,-1.3010670498885313
long,2025-08-26 06:15:00,1.1644,2025-08-26 13:45:00,1.16452,TECH,0.0011753838037289982,0.0001030573686017674,-0.00019694263139823258,-0.167556019381428
long,2025-08-26 18:30:00,1.16455,2025-08-26 19:45:00,1.1637221302086866,SL,0.0007108924402673203,-0.0007108924402673387,-0.0010108924402673386,-1.4220047689453665
short,2025-08-26 20:15:00,1.16407,2025-08-26 22:00:00,1.1626830921460687,TP,0.0005957149715787352,0.001191429943157415,0.000891429943157415,1.4964034575041654
long,2025-08-27 09:30:00,1.15935,2025-08-27 12:15:00,1.1617009502858677,TP,0.0010139087790000934,0.002027817558000281,0.001727817558000281,1.7041153936000408
short,2025-08-28 00:45:00,1.16416,2025-08-28 03:00:00,1.1647856593251489,SL,0.0005374341371879647,-0.0005374341371880132,-0.0008374341371880131,-1.5582079351522937
long,2025-08-28 05:15:00,1.16467,2025-08-28 06:15:00,1.1666588246459886,TP,0.0008538146625174578,0.0017076293250349755,0.0014076293250349756,1.6486356897228782
short,2025-08-28 16:45:00,1.16791,2025-08-28 21:15:00,1.1662559890349808,TP,0.0007081072021899167,0.0014162144043797546,0.0011162144043797546,1.5763353358470462
long,2025-08-29 02:15:00,1.16634,2025-08-29 03:45:00,1.167669905046843,TP,0.0005701189390928786,0.001140237878185744,0.0008402378781857441,1.473794011338501
short,2025-08-29 07:30:00,1.1663,2025-08-29 09:45:00,1.1672446445950442,SL,0.0008099499228709267,-0.0008099499228708619,-0.0011099499228708618,-1.3703932694215997
long,2025-08-29 10:45:00,1.16956,2025-08-29 15:15:00,1.16948,TECH,0.0011255875592241214,-6.840179212683228e-05,-0.00036840179212683225,-0.3272973205041243
long,2025-08-31 21:15:00,1.16928,2025-08-31 22:30:00,1.1706015313685845,TP,0.0005651047518918873,0.001130209503783843,0.0008302095037838431,1.4691249737405752
short,2025-09-01 07:15:00,1.17259,2025-09-01 08:45:00,1.1706883098360492,TP,0.0008108930504058615,0.001621786100811715,0.001321786100811715,1.6300375248624286
long,2025-09-01 15:30:00,1.17106,2025-09-01 20:15:00,1.1705677721072987,SL,0.00042032679171121617,-0.0004203267917111963,-0.0007203267917111963,-1.713730378162746
short,2025-09-01 20:45:00,1.17061,2025-09-01 22:00:00,1.169592927732165,TP,0.0004344197759436735,0.0008688395518873692,0.0005688395518873692,1.3094237034943925
long,2025-09-02 03:00:00,1.17031,2025-09-02 03:00:00,1.1696279652110997,SL,0.0005827813048680877,-0.0005827813048681772,-0.0008827813048681772,-1.5147728616105733
short,2025-09-02 03:30:00,1.1673,2025-09-02 03:45:00,1.1653513379660803,TP,0.0008346877554697712,0.0016693755109395579,0.001369375510939558,1.6405841609223784
long,2025-09-02 10:00:00,1.165,2025-09-02 13:45:00,1.16444,TECH,0.0015113824127419905,-0.0004806866952790695,-0.0007806866952790694,-0.5165381631394841
long,2025-09-02 17:45:00,1.16405,2025-09-02 20:00:00,1.16327,TECH,0.0006893197912338885,-0.0006700743095227893,-0.0009700743095227894,-1.4072921187803817
long,2025-09-03 02:15:00,1.16321,2025-09-03 03:15:00,1.162597101352838,SL,0.0005269028353969107,-0.00052690283539694,-0.00082690283539694,-1.5693649376057015
short,2025-09-03 08:45:00,1.16457,2025-09-03 10:00:00,1.1657541071449329,SL,0.001016776273588292,-0.0010167762735883439,-0.0013167762735883438,-1.2950501578300264
long,2025-09-03 10:15:00,1.1669,2025-09-03 14:45:00,1.16618,TECH,0.0012618450600755317,-0.0006170194532522529,-0.0009170194532522528,-0.7267290432609544
long,2025-09-03 19:45:00,1.16593,2025-09-03 20:45:00,1.1656,TECH,0.0005339764685196002,-0.0002830358597857002,-0.0005830358597857002,-1.0918755678543524
long,2025-09-04 03:00:00,1.16517,2025-09-04 03:15:00,1.164495916933122,SL,0.0005785276542290183,-0.0005785276542290877,-0.0008785276542290876,-1.5185577522648728
short,2025-09-04 04:30:00,1.16521,2025-09-04 08:30:00,1.1635099346974491,TP,0.0007295102610477711,0.001459020522095551,0.001159020522095551,1.588765208635844
long,2025-09-04 15:15:00,1.16503,2025-09-04 21:45:00,1.1670202560056244,TP,0.0008541651312088474,0.0017083302624176316,0.0014083302624176316,1.6487798564482588
short,2025-09-05 02:45:00,1.16699,2025-09-05 03:15:00,1.16715,TECH,0.0005429597716075247,-0.00013710485951031113,-0.00043710485951031113,-0.8050409668771369
short,2025-09-05 14:15:00,1.17226,2025-09-07 22:45:00,1.17129,TECH,0.0013201544404676754,0.0008274614846536923,0.0005274614846536923,0.3995452868884301
short,2025-09-08 07:00:00,1.17256,2025-09-08 08:30:00,1.1734861704091673,SL,0.0007898703769250784,-0.0007898703769250221,-0.0010898703769250222,-1.379809154468898
long,2025-09-08 08:45:00,1.17346,2025-09-08 09:30:00,1.1754289888122782,TP,0.0008389671621863361,0.0016779343243725816,0.0013779343243725817,1.6424174705261467
short,2025-09-08 13:45:00,1.17424,2025-09-08 14:15:00,1.175265593659529,SL,0.0008734105970917983,-0.0008734105970918593,-0.0011734105970918592,-1.3434810626284739
long,2025-09-08 15:00:00,1.1761,2025-09-09 00:15:00,1.17669,TECH,0.0008632528694116241,0.0005016580222770942,0.00020165802227709424,0.2336024928762071
long,2025-09-09 02:00:00,1.17789,2025-09-09 02:00:00,1.1772609606895021,SL,0.0005340390957542106,-0.0005340390957542373,-0.0008340390957542372,-1.5617566249084138
short,2025-09-09 03:45:00,1.17536,2025-09-09 05:00:00,1.1762708053245572,SL,0.0007749160466217208,-0.0007749160466216555,-0.0010749160466216555,-1.3871387117453529
long,2025-09-09 07:00:00,1.17542,2025-09-09 07:45:00,1.17472,TECH,0.0009155296657892376,-0.0005955318099061807,-0.0008955318099061807,-0.978157064014067
long,2025-09-09 18:30:00,1.1709,2025-09-09 19:15:00,1.1701455187287553,SL,0.0006443601257535067,-0.000644360125753504,-0.000944360125753504,-1.4655781573218563
short,2025-09-09 20:15:00,1.16994,2025-09-09 22:00:00,1.1706882305907873,SL,0.0006395461226963536,-0.0006395461226963129,-0.0009395461226963128,-1.4690826655865672
long,2025-09-09 23:30:00,1.17082,2025-09-10 02:45:00,1.1701086724970724,SL,0.0006075464229579411,-0.0006075464229579032,-0.0009075464229579033,-1.493789426887516
short,2025-09-10 03:30:00,1.17035,2025-09-10 05:45:00,1.1714315060245852,SL,0.0009240876870895032,-0.000924087687089531,-0.001224087687089531,-1.3246445160901392
long,2025-09-10 07:00:00,1.17001,2025-09-10 08:15:00,1.16963,TECH,0.0009086497778556659,-0.0003247835488585969,-0.0006247835488585969,-0.6875955556089294
long,2025-09-10 09:45:00,1.17206,2025-09-10 12:45:00,1.1704611609460749,SL,0.0013641273091182834,-0.0013641273091183183,-0.0016641273091183182,-1.219920822634907
short,2025-09-10 13:30:00,1.17027,2025-09-10 19:30:00,1.17041,TECH,0.0010379802108165892,-0.00011963051261677134,-0.00041963051261677134,-0.4042760239972628
short,2025-09-10 21:45:00,1.17,2025-09-11 02:00:00,1.1687883066247795,TP,0.0005178176817181265,0.0010356353634362598,0.0007356353634362599,1.4206455078849591
long,2025-09-11 09:00:00,1.17147,2025-09-11 14:30:00,1.17329,TECH,0.0016059018493728872,0.001553603592068028,0.0012536035920680281,0.7806227961924116
long,2025-09-11 16:00:00,1.17368,2025-09-11 20:30:00,1.17296,TECH,0.0008525821112913081,-0.0006134551155340927,-0.0009134551155340926,-1.0713984066010804
long,2025-09-12 02:15:00,1.17275,2025-09-12 02:45:00,1.1739676480927683,TP,0.0005191422267185703,0.0010382844534371045,0.0007382844534371046,1.4221236790998555
short,2025-09-12 05:30:00,1.1723,2025-09-12 06:30:00,1.173231323760963,SL,0.0007944414919074644,-0.0007944414919075027,-0.0010944414919075026,-1.3776237810536989
long,2025-09-12 12:00:00,1.1714,2025-09-12 14:30:00,1.1738782166477437,TP,0.0010578011984564456,0.002115602396912861,0.001815602396912861,1.716392834080928
short,2025-09-14 17:30:00,1.1729,2025-09-14 23:30:00,1.17318,TECH,0.0006794585160148475,-0.00023872452894520925,-0.0005387245289452092,-0.7928733193380669
short,2025-09-15 02:45:00,1.17201,2025-09-15 02:45:00,1.1725488212701791,SL,0.0004597411883680084,-0.0004597411883679525,-0.0007597411883679525,-1.6525410548158315
long,2025-09-15 04:45:00,1.17322,2025-09-15 05:30:00,1.1748523715239874,TP,0.0006956800617051625,0.0013913601234102986,0.0010913601234102987,1.5687672875593064
short,2025-09-15 11:15:00,1.176,2025-09-15 11:45:00,1.1769745487678036,SL,0.0008286979318058947,-0.0008286979318058448,-0.0011286979318058448,-1.3620136945994201
long,2025-09-15 12:45:00,1.17616,2025-09-15 17:30:00,1.17641,TECH,0.0008778741626558809,0.00021255611481419315,-8.744388518580682e-05,-0.09960867844801131
long,2025-09-15 22:30:00,1.17733,2025-09-15 23:30:00,1.1785775881128802,TP,0.000529837901387105,0.001059675802774219,0.0007596758027742191,1.4337890905603452
short,2025-09-16 17:00:00,1.18657,2025-09-16 19:30:00,1.18717,TECH,0.000863077974492766,-0.0005056591688650109,-0.000805659168865011,-0.9334720531345962
short,2025-09-16 21:45:00,1.18546,2025-09-17 02:30:00,1.1854,TECH,0.0006102033763563496,5.061326404935551e-05,-0.0002493867359506445,-0.4086944543633701
short,2025-09-17 03:15:00,1.18434,2025-09-17 04:45:00,1.1850631725814573,SL,0.0006106123085071476,-0.0006106123085071655,-0.0009106123085071654,-1.491310109246686
long,2025-09-17 09:45:00,1.18505,2025-09-17 14:00:00,1.1868783901054971,TP,0.0007714400681394049,0.0015428801362787896,0.0012428801362787897,1.6111169066916966
short,2025-09-17 16:15:00,1.18207,2025-09-17 20:15:00,1.18183,TECH,0.0019381760758083373,0.00020303366128910977,-9.69663387108902e-05,-0.05002968508444175
short,2025-09-17 22:15:00,1.18152,2025-09-18 01:00:00,1.179074936498359,TP,0.0010347110085486815,0.0020694220170973535,0.0017694220170973536,1.710063971948265
long,2025-09-18 04:15:00,1.18262,2025-09-18 08:15:00,1.18178,TECH,0.001165063901682972,-0.0007102873281357934,-0.0010102873281357934,-0.8671518589464501
long,2025-09-18 13:30:00,1.17912,2025-09-18 17:30:00,1.17877,TECH,0.001350143226883429,-0.0002968315353821922,-0.0005968315353821922,-0.44205053471243494
long,2025-09-18 19:00:00,1.17866,2025-09-18 20:00:00,1.1778776840114569,SL,0.000663733382437015,-0.0006637333824369789,-0.0009637333824369788,-1.4519887170635604
short,2025-09-18 20:30:00,1.17783,2025-09-18 20:45:00,1.178595436105803,SL,0.000649869765418708,-0.0006498697654187381,-0.000949869765418738,-1.4616309543293518
long,2025-09-19 00:30:00,1.17794,2025-09-19 01:45:00,1.17742,TECH,0.0008009933032611009,-0.0004414486306603698,-0.0007414486306603698,-0.9256614601416696
long,2025-09-19 11:00:00,1.1757,2025-09-19 11:15:00,1.1743307227270041,SL,0.0011646485268316153,-0.0011646485268315475,-0.0014646485268315474,-1.2575884424256916
short,2025-09-19 13:15:00,1.17497,2025-09-22 02:30:00,1.17433,TECH,0.0011301913058093494,0.000544694758164016,0.00024469475816401605,0.2165073796854117
short,2025-09-22 11:00:00,1.17695,2025-09-22 12:00:00,1.1780756974308662,SL,0.0009564530616137324,-0.0009564530616136733,-0.0012564530616136732,-1.3136588841001557
long,2025-09-22 13:00:00,1.17882,2025-09-22 21:30:00,1.1809867064623203,TP,0.0009190149735839058,0.0018380299471677706,0.0015380299471677706,1.6735635341934383
short,2025-09-23 00:15:00,1.18017,2025-09-23 03:00:00,1.178777056605981,TP,0.0005901452307798836,0.0011802904615597447,0.0008802904615597448,1.4916505559088074
long,2025-09-23 05:45:00,1.18029,2025-09-23 06:30:00,1.1791973045006763,SL,0.0009257856114377379,-0.0009257856114376817,-0.0012257856114376816,-1.3240491062871953
short,2025-09-23 08:00:00,1.17918,2025-09-23 09:00:00,1.1802352999834345,SL,0.0008949439300484326,-0.0008949439300484791,-0.0011949439300484792,-1.3352165313684077
long,2025-09-23 10:45:00,1.18,2025-09-23 18:45:00,1.18149,TECH,0.0010304320559624063,0.0012627118644067724,0.0009627118644067725,0.9342798089754842
long,2025-09-23 19:00:00,1.18143,2025-09-23 19:15:00,1.18137,TECH,0.000562859202924453,-5.078591198797134e-05,-0.0003507859119879713,-0.6232214204998151
long,2025-09-23 19:30:00,1.18169,2025-09-23 20:00:00,1.1810599928141288,SL,0.000533140828704017,-0.0005331408287039239,-0.0008331408287039239,-1.562703105536225
short,2025-09-23 20:30:00,1.18062,2025-09-24 01:45:00,1.179251903101017,TP,0.0005793976465684123,0.001158795293136738,0.0008587952931367381,1.482220886161877
long,2025-09-24 02:15:00,1.1795,2025-09-24 02:30:00,1.17928,TECH,0.000632940039064113,-0.00018651971174216784,-0.00048651971174216784,-0.7686663533903665
long,2025-09-24 17:30:00,1.17385,2025-09-24 23:45:00,1.1751851734616718,TP,0.000568715535064868,0.0011374310701297262,0.0008374310701297263,1.4724955069746926
short,2025-09-25 02:15:00,1.17425,2025-09-25 02:15:00,1.1747844761977,SL,0.00045516388988723163,-0.0004551638898871394,-0.0007551638898871393,-1.6591032519610325
long,2025-09-25 06:30:00,1.17487,2025-09-25 07:00:00,1.1739664995825074,SL,0.0007690216087674629,-0.0007690216087674832,-0.0010690216087674831,-1.3901060731971373
short,2025-09-25 08:30:00,1.1735,2025-09-25 08:30:00,1.1715127983779208,TP,0.0008466986033571716,0.0016933972067142867,0.0013933972067142867,1.6456826563660878
long,2025-09-25 17:30:00,1.16619,2025-09-26 01:15:00,1.1681764619184998,TP,0.0008516887979230468,0.001703377595846059,0.001403377595846059,1.6477586640429893
short,2025-09-26 03:45:00,1.16735,2025-09-26 04:00:00,1.1681298135875855,SL,0.0006680203774236224,-0.0006680203774235553,-0.0009680203774235553,-1.4490880969184705
long,2025-09-26 05:45:00,1.16824,2025-09-26 06:15:00,1.1674135354923436,SL,0.0007074441105049928,-0.0007074441105049756,-0.0010074441105049755,-1.4240617676297207
short,2025-09-26 07:00:00,1.16631,2025-09-26 07:30:00,1.1671685275972088,SL,0.0007361058356773718,-0.0007361058356773378,-0.0010361058356773377,-1.4075500905707437
long,2025-09-26 09:30:00,1.16804,2025-09-26 10:45:00,1.170355170543667,TP,0.0009910493406334693,0.0019820986812669372,0.0016820986812669373,1.697290550833479
short,2025-09-29 03:00:00,1.17196,2025-09-29 03:00:00,1.1726879118069033,SL,0.0006211063576431286,-0.0006211063576431436,-0.0009211063576431435,-1.4830090632760629
long,2025-09-29 09:00:00,1.175,2025-09-29 10:00:00,1.173638719503467,SL,0.0011585365927940202,-0.001158536592794091,-0.001458536592794091,-1.258947366760826
short,2025-09-29 12:30:00,1.17294,2025-09-29 16:15:00,1.17255,TECH,0.001039328600695903,0.0003324978259758491,3.2497825975849116e-05,0.031268095532144075
short,2025-09-29 17:15:00,1.17242,2025-09-29 19:15:00,1.1731237059138437,SL,0.0006002165724259391,-0.0006002165724260264,-0.0009002165724260264,-1.4998195880989347
long,2025-09-29 19:45:00,1.17307,2025-09-29 20:00:00,1.1725303306126054,SL,0.0004600487501978976,-0.0004600487501979355,-0.0007600487501979355,-1.6521048038300028
short,2025-09-29 21:45:00,1.17203,2025-09-30 00:45:00,1.1726968864372753,SL,0.0005690011665874703,-0.0005690011665873875,-0.0008690011665873874,-1.5272396923175715
long,2025-09-30 01:00:00,1.17283,2025-09-30 02:30:00,1.174159102029283,TP,0.0005666217735234076,0.0011332435470468318,0.0008332435470468319,1.4705462902801951
short,2025-09-30 07:30:00,1.1739,2025-09-30 09:15:00,1.1720158846420763,TP,0.0008025024950692556,0.0016050049901385594,0.0013050049901385595,1.6261693865835745
long,2025-09-30 12:00:00,1.1734,2025-09-30 15:45:00,1.17384,TECH,0.0011762363882415609,0.0003749786943923606,7.497869439236063e-05,0.06374457986668104
long,2025-09-30 20:00:00,1.17342,2025-09-30 20:15:00,1.17323,TECH,0.0006091728601055387,-0.00016191985819221803,-0.000461919858192218,-0.7582738635338921
long,2025-09-30 21:00:00,1.1736,2025-09-30 21:30:00,1.17379,TECH,0.0006212378378125102,0.00016189502385813946,-0.00013810497614186052,-0.22230612454024518
long,2025-09-30 23:00:00,1.17378,2025-10-01 00:45:00,1.1752074295743153,TP,0.0006080481752608668,0.0012160963505216458,0.0009160963505216459,1.5066180407968814
short,2025-10-01 05:15:00,1.17513,2025-10-01 06:15:00,1.1723275989315876,TP,0.001192379170139621,0.0023847583402793328,0.002084758340279333,1.7484021798495684
long,2025-10-01 09:15:00,1.17535,2025-10-01 10:45:00,1.173439513824217,SL,0.0016254615014956646,-0.001625461501495573,-0.001925461501495573,-1.184562968562383
short,2025-10-01 12:00:00,1.17228,2025-10-01 15:30:00,1.17334,TECH,0.0017221485626871449,-0.0009042208346129431,-0.001204220834612943,-0.6992549079122092
short,2025-10-01 17:45:00,1.17315,2025-10-01 19:30:00,1.17355,TECH,0.0007916907269947013,-0.0003409623662789737,-0.0006409623662789736,-0.8096120674699573
short,2025-10-01 21:30:00,1.17345,2025-10-01 22:30:00,1.17384,TECH,0.0006467729919734081,-0.0003323533171416681,-0.0006323533171416681,-0.9777051994893242
short,2025-10-02 01:30:00,1.17313,2025-10-02 02:00:00,1.173737887161317,SL,0.0005181754462993429,-0.0005181754462993018,-0.0008181754462993017,-1.5789544876015853
long,2025-10-02 03:00:00,1.17427,2025-10-02 05:15:00,1.1758039151180708,TP,0.0006531356153486811,0.00130627123069727,0.00100627123069727,1.5406773219066687
short,2025-10-02 08:00:00,1.17502,2025-10-02 09:30:00,1.173214077078014,TP,0.0007684647588917703,0.0015369295177835296,0.0012369295177835297,1.6096112456312879
long,2025-10-02 14:30:00,1.17182,2025-10-02 17:45:00,1.17185,TECH,0.0009655759722653046,2.5601201549704295e-05,-0.0002743987984502957,-0.28418146922871135
long,2025-10-02 19:45:00,1.17249,2025-10-02 21:15:00,1.171871432150084,SL,0.0005275676977339181,-0.00052756769773387,-0.00082756769773387,-1.5686474006815685
short,2025-10-03 01:00:00,1.17179,2025-10-03 02:00:00,1.1724166072686013,SL,0.000534743655946153,-0.0005347436559462003,-0.0008347436559462003,-1.5610164733403706
long,2025-10-03 03:45:00,1.17303,2025-10-03 08:45:00,1.17334,TECH,0.0007060597062438831,0.0002642728659966348,-3.57271340033652e-05,-0.05060072637968174
long,2025-10-03 09:45:00,1.17428,2025-10-03 10:00:00,1.17379,TECH,0.0008614727672518858,-0.0004172769697177006,-0.0007172769697177007,-0.8326171145326249
long,2025-10-03 10:15:00,1.17443,2025-10-03 13:45:00,1.1732178717818842,SL,0.0010320991613939777,-0.001032099161393947,-0.0013320991613939468,-1.2906697449446447
short,2025-10-03 14:00:00,1.17337,2025-10-03 16:00:00,1.1743581317007048,SL,0.0008421313828586764,-0.0008421313828585827,-0.0011421313828585827,-1.3562389504848216
long,2025-10-03 16:45:00,1.17395,2025-10-05 17:00:00,1.1732035486262462,SL,0.0006358459676765653,-0.000635845967676513,-0.000935845967676513,-1.4718123810648245
short,2025-10-05 17:30:00,1.17221,2025-10-05 22:30:00,1.1729,TECH,0.0007701972935206113,-0.0005886317298095729,-0.0008886317298095728,-1.15377155604844
short,2025-10-06 01:45:00,1.17153,2025-10-06 02:45:00,1.1699567150403583,TP,0.0006714659290166195,0.0013429318580332622,0.0010429318580332623,1.5532163479398946
long,2025-10-06 08:30:00,1.16784,2025-10-06 10:30:00,1.170645978693291,TP,0.00120135407816613,0.0024027081563322223,0.0021027081563322223,1.7502817816559224
short,2025-10-06 17:45:00,1.171,2025-10-07 00:45:00,1.1695533147618717,TP,0.0006177135944185786,0.0012354271888371459,0.000935427188837146,1.5143380318796684
long,2025-10-07 12:00:00,1.1673,2025-10-07 14:30:00,1.1662168845748355,SL,0.0009278809433431943,-0.0009278809433431701,-0.00122788094334317,-1.3233173416829351
short,2025-10-07 15:00:00,1.16577,2025-10-07 19:00:00,1.16591,TECH,0.0008281644404789595,-0.00012009229951021985,-0.00042009229951021985,-0.5072571085849379
short,2025-10-07 20:45:00,1.16485,2025-10-07 21:00:00,1.163602613743351,TP,0.0005354278476408529,0.001070855695281698,0.0007708556952816981,1.4397004165512928
long,2025-10-08 04:15:00,1.16311,2025-10-08 04:45:00,1.162162898333592,SL,0.0008142838307708904,-0.0008142838307709417,-0.0011142838307709416,-1.368421904824069
short,2025-10-08 06:45:00,1.16294,2025-10-08 07:00:00,1.16335,TECH,0.0009346772432779723,-0.00035255473197243317,-0.0006525547319724331,-0.6981605004994905
short,2025-10-08 11:30:00,1.16173,2025-10-08 15:30:00,1.16242,TECH,0.0009698844086511078,-0.0005939417937042854,-0.0008939417937042853,-0.921699313578572
short,2025-10-09 02:15:00,1.16299,2025-10-09 02:45:00,1.1616703449965742,TP,0.0005673544069277089,0.0011347088138554849,0.0008347088138554849,1.471229981935862
long,2025-10-09 07:00:00,1.16184,2025-10-09 08:15:00,1.1608032614367065,SL,0.0008923247291309233,-0.0008923247291309036,-0.0011923247291309035,-1.3362004774788256
short,2025-10-09 08:30:00,1.1608,2025-10-09 09:00:00,1.1618979691939786,SL,0.0009458728411254946,-0.0009458728411255443,-0.0012458728411255443,-1.3171673685472136
long,2025-10-09 17:00:00,1.15634,2025-10-10 03:45:00,1.15746,TECH,0.0009289670203406909,0.0009685732570005448,0.0006685732570005448,0.7196953630876488
long,2025-10-10 04:15:00,1.15857,2025-10-10 05:00:00,1.157546842210734,SL,0.0008831212522903752,-0.0008831212522904042,-0.0011831212522904041,-1.339704201684626
short,2025-10-10 07:00:00,1.15715,2025-10-10 10:45:00,1.1581035390029064,SL,0.0008240409652218605,-0.0008240409652218914,-0.0011240409652218913,-1.3640595706540637
long,2025-10-10 11:15:00,1.16074,2025-10-10 16:15:00,1.16101,TECH,0.0013632242656428475,0.00023261023140409777,-6.73897685959022e-05,-0.04943410287970748
long,2025-10-10 16:30:00,1.16123,2025-10-12 18:00:00,1.1600733961891403,SL,0.000996016130189292,-0.0009960161301892743,-0.0012960161301892742,-1.3011999413533266
short,2025-10-12 18:30:00,1.15957,2025-10-12 19:00:00,1.160835544582463,SL,0.001091391276475734,-0.0010913912764757402,-0.0013913912764757402,-1.2748785027572798
long,2025-10-12 21:30:00,1.16109,2025-10-13 03:00:00,1.1614,TECH,0.000959361384291973,0.00026699050030577515,-3.300949969422482e-05,-0.03440778442274541
long,2025-10-13 12:45:00,1.15714,2025-10-13 16:15:00,1.15689,TECH,0.0009264020907986255,-0.00021604991617270465,-0.0005160499161727046,-0.5570474433275862
long,2025-10-13 22:45:00,1.15718,2025-10-14 00:15:00,1.1584523763759398,TP,0.000549774614122106,0.0010995492282442555,0.0007995492282442556,1.4543218397251683
short,2025-10-14 03:15:00,1.15673,2025-10-14 03:30:00,1.1547469428813764,TP,0.0008571823669411389,0.0017143647338823034,0.0014143647338823034,1.6500161324240414
long,2025-10-14 09:30:00,1.15756,2025-10-14 11:45:00,1.160185131355866,TP,0.001133907251402148,0.002267814502804228,0.001967814502804228,1.7354280964081505
short,2025-10-14 16:45:00,1.16026,2025-10-14 18:45:00,1.16059,TECH,0.0008320219714705907,-0.00028441900953229574,-0.0005844190095322957,-0.7024081449427843
short,2025-10-14 19:45:00,1.16051,2025-10-14 20:45:00,1.1611181344165786,SL,0.0005240234177894127,-0.0005240234177893326,-0.0008240234177893325,-1.5724934989841992
long,2025-10-14 21:00:00,1.16106,2025-10-14 22:00:00,1.1623338729098545,TP,0.000548581860478573,0.0010971637209571243,0.0007971637209571243,1.4531353994492144
short,2025-10-15 06:45:00,1.16234,2025-10-15 11:15:00,1.1632927133202011,SL,0.0008196511521595606,-0.000819651152159603,-0.001119651152159603,-1.3660093677775271
long,2025-10-15 11:30:00,1.1634,2025-10-15 20:15:00,1.1656121328756126,TP,0.0009507189597784926,0.0019014379195570017,0.0016014379195570018,1.6844493349855143
short,2025-10-16 01:00:00,1.16559,2025-10-16 02:00:00,1.1661761925255156,SL,0.0005029148547223071,-0.0005029148547222673,-0.0008029148547222672,-1.596522447454073
long,2025-10-16 06:00:00,1.16583,2025-10-16 07:15:00,1.1648686896344915,SL,0.000824571648961167,-0.0008245716489611645,-0.0011245716489611645,-1.3638252665828994
short,2025-10-16 08:00:00,1.1654,2025-10-16 09:45:00,1.1663407315814895,SL,0.0008072177634199477,-0.0008072177634198997,-0.0011072177634198997,-1.3716469255197494
long,2025-10-16 10:15:00,1.16636,2025-10-16 13:00:00,1.1685175202707496,TP,0.0009248946597747005,0.001849789319549331,0.001549789319549331,1.6756387369853034
short,2025-10-16 18:00:00,1.16884,2025-10-16 19:00:00,1.16943,TECH,0.0007213917707792229,-0.0005047739639299376,-0.0008047739639299376,-1.1155851737269584
short,2025-10-17 04:15:00,1.17046,2025-10-17 07:00:00,1.1680734693347619,TP,0.0010194840768750046,0.002038968153749975,0.001738968153749975,1.7057335108954172
long,2025-10-17 13:30:00,1.16731,2025-10-17 15:45:00,1.16674,TECH,0.0009090994285165734,-0.0004883021648062292,-0.0007883021648062293,-0.8671242551461554
long,2025-10-19 21:15:00,1.16669,2025-10-19 21:30:00,1.1659247354941922,SL,0.000655927886420455,-0.0006559278864204097,-0.0009559278864204096,-1.4573673512146612
short,2025-10-20 03:15:00,1.16616,2025-10-20 07:30:00,1.164590479856154,TP,0.0006729437400725908,0.0013458874801452185,0.0010458874801452186,1.5541975025020638
long,2025-10-20 11:15:00,1.16566,2025-10-20 13:30:00,1.16492,TECH,0.0007901712986480413,-0.0006348334848926471,-0.000934833484892647,-1.1830769941810317
long,2025-10-20 19:15:00,1.16431,2025-10-20 20:00:00,1.16438,TECH,0.0004100218358255731,6.012144531955793e-05,-0.00023987855468044205,-0.5850384875172563
long,2025-10-20 20:15:00,1.16513,2025-10-20 21:30:00,1.1646252922514435,SL,0.00043317719787181765,-0.00043317719787190075,-0.0007331771978719007,-1.6925572294062825
short,2025-10-20 23:00:00,1.1634,2025-10-21 02:00:00,1.1621378319351099,TP,0.0005424480251375333,0.001084896050275143,0.000784896050275143,1.4469516228326926
long,2025-10-21 12:30:00,1.16159,2025-10-21 13:15:00,1.1603799032479878,SL,0.0010417589269983984,-0.001041758926998436,-0.0013417589269984359,-1.2879744941225721
short,2025-10-21 14:00:00,1.16038,2025-10-21 20:30:00,1.1607,TECH,0.0008792517282670974,-0.0002757717299506179,-0.0005757717299506178,-0.654842875413389
short,2025-10-22 03:45:00,1.16039,2025-10-22 06:15:00,1.1588891998632183,TP,0.0006466791926773936,0.0012933583853547315,0.0009933583853547316,1.5360914601906552
long,2025-10-22 10:30:00,1.16028,2025-10-22 15:30:00,1.16076,TECH,0.0008734722141034656,0.0004136932464577826,0.00011369324645778262,0.13016240771262277
long,2025-10-22 18:45:00,1.16121,2025-10-22 19:45:00,1.1607113457160887,SL,0.00042942644647512017,-0.0004294264464751265,-0.0007294264464751264,-1.6986062513441111
short,2025-10-22 20:15:00,1.16019,2025-10-22 23:45:00,1.1592274918652432,TP,0.00041480625361222794,0.0008296125072245454,0.0005296125072245454,1.2767707878378358
long,2025-10-23 02:15:00,1.16001,2025-10-23 02:30:00,1.1595321301037544,SL,0.0004119532557870802,-0.00041195325578705517,-0.0007119532557870551,-1.7282379633747358
short,2025-10-23 06:30:00,1.15918,2025-10-23 08:30:00,1.159886100554306,SL,0.0006091379719334202,-0.0006091379719334928,-0.0009091379719334929,-1.4924992593186477
long,2025-10-23 09:30:00,1.16037,2025-10-23 10:30:00,1.1619639347617403,TP,0.0006868217731156246,0.0013736435462312988,0.001073643546231299,1.5632054606552985
short,2025-10-23 14:30:00,1.16119,2025-10-23 15:00:00,1.161903271353212,SL,0.0006142589526366647,-0.0006142589526365935,-0.0009142589526365936,-1.4883933701123921
long,2025-10-23 15:15:00,1.16177,2025-10-23 21:15:00,1.16109137858491,SL,0.0005841271638018478,-0.0005841271638017924,-0.0008841271638017924,-1.5135867985446283
short,2025-10-23 21:45:00,1.16111,2025-10-24 02:00:00,1.160132231742997,TP,0.00042104893464144365,0.0008420978692829542,0.0005420978692829543,1.2874937440337981
long,2025-10-24 03:45:00,1.16213,2025-10-24 04:00:00,1.1613109422521368,SL,0.0007047901249114794,-0.0007047901249113981,-0.001004790124911398,-1.425658631408319
short,2025-10-24 13:00:00,1.16254,2025-10-24 16:15:00,1.1635,TECH,0.001016077785891268,-0.0008257780377449997,-0.0011257780377449996,-1.1079644229772294
short,2025-10-26 19:00:00,1.16308,2025-10-26 20:00:00,1.16348,TECH,0.0006551367888838235,-0.00034391443408895176,-0.0006439144340889517,-0.9828702112516203
short,2025-10-26 22:45:00,1.16304,2025-10-27 03:00:00,1.1617952444829125,TP,0.0005351301404455938,0.0010702602808910968,0.0007702602808910969,1.4393887069222342
long,2025-10-27 04:15:00,1.16293,2025-10-27 05:15:00,1.1644454586830968,TP,0.0006515691757443774,0.0013031383514887146,0.0010031383514887146,1.5395730627414828
short,2025-10-27 09:30:00,1.16396,2025-10-27 13:45:00,1.16433,TECH,0.0007277910342888237,-0.0003178803395305521,-0.000617880339530552,-0.8489804221541789
short,2025-10-28 02:45:00,1.16602,2025-10-28 04:00:00,1.1647412170234095,TP,0.0005483537917834201,0.0010967075835668038,0.0007967075835668038,1.4529079501313533
long,2025-10-28 06:30:00,1.16556,2025-10-28 07:30:00,1.1647419512964468,SL,0.0007018503582425692,-0.0007018503582425408,-0.0010018503582425408,-1.4274415428826885
short,2025-10-28 07:45:00,1.16437,2025-10-28 08:00:00,1.1626264840829401,TP,0.0007486949668317873,0.001497389933663518,0.0011973899336635181,1.5993027690976065
long,2025-10-28 10:45:00,1.16597,2025-10-28 15:00:00,1.16523,TECH,0.0008985271513518168,-0.0006346646997778356,-0.0009346646997778355,-1.0402186493437071
long,2025-10-28 20:00:00,1.16544,2025-10-28 20:30:00,1.1647962218800973,SL,0.0005523906163360901,-0.000552390616336047,-0.000852390616336047,-1.543093946797656
short,2025-10-28 21:30:00,1.16427,2025-10-29 00:00:00,1.163042658512251,TP,0.0005270862805658677,0.0010541725611317256,0.0007541725611317257,1.430833222071467
long,2025-10-29 05:15:00,1.16416,2025-10-29 07:30:00,1.1632290723521925,SL,0.0007996561020887196,-0.0007996561020886782,-0.001099656102088678,-1.3751612714720138
short,2025-10-29 09:15:00,1.1638,2025-10-29 09:45:00,1.1647975344939765,SL,0.000857135671057312,-0.000857135671057354,-0.0011571356710573539,-1.350002934342914
long,2025-10-29 10:00:00,1.16504,2025-10-29 13:00:00,1.1640350133807338,SL,0.0008626198407489753,-0.0008626198407490647,-0.0011626198407490647,-1.3477777646983085
short,2025-10-29 13:45:00,1.15986,2025-10-29 18:15:00,1.16036,TECH,0.0014196304158704308,-0.0004310865104410593,-0.0007310865104410593,-0.5149836903098484
short,2025-10-30 02:45:00,1.16119,2025-10-30 04:15:00,1.1622152688577634,SL,0.0008829466820790388,-0.000882946682079108,-0.001182946682079108,-1.3397713656884371
long,2025-10-30 15:30:00,1.15672,2025-10-30 16:15:00,1.1565,TECH,0.0007359570867880637,-0.00019019295940235059,-0.0004901929594023505,-0.6660618780664221
long,2025-10-30 17:00:00,1.15678,2025-10-30 22:45:00,1.15688,TECH,0.0006454982460035743,8.644686111446342e-05,-0.00021355313888553654,-0.3308345765580191
long,2025-10-31 01:45:00,1.1569,2025-10-31 01:45:00,1.1563463255621498,SL,0.0004785845257586675,-0.00047858452575871727,-0.0007785845257587173,-1.6268485165174955
short,2025-10-31 02:00:00,1.15611,2025-10-31 03:15:00,1.1567205548351467,SL,0.0005281113692871838,-0.000528111369287278,-0.0008281113692872779,-1.5680619987504112
long,2025-10-31 05:00:00,1.15757,2025-10-31 05:30:00,1.1567235552547013,SL,0.0007312255373745358,-0.000731225537374598,-0.001031225537374598,-1.41027013509021
short,2025-10-31 07:30:00,1.15603,2025-10-31 08:30:00,1.1541460756068342,TP,0.000814825044836906,0.001629650089673839,0.001329650089673839,1.631822804292889
long,2025-11-02 17:00:00,1.15294,2025-11-02 20:15:00,1.15242,TECH,0.0007838961683055983,-0.0004510208683887071,-0.0007510208683887071,-0.9580616652484072
long,2025-11-02 22:30:00,1.15307,2025-11-03 03:30:00,1.152422619596455,SL,0.0005614406788355886,-0.0005614406788355871,-0.0008614406788355871,-1.5343396218139904
short,2025-11-03 03:45:00,1.15169,2025-11-03 10:45:00,1.1524738724061105,SL,0.0006806279520621373,-0.0006806279520621363,-0.0009806279520621364,-1.440769438121182
long,2025-11-03 11:30:00,1.15285,2025-11-03 14:15:00,1.1517595819232935,SL,0.0009458455798295117,-0.000945845579829467,-0.001245845579829467,-1.317176509990172
short,2025-11-03 15:00:00,1.15195,2025-11-03 20:00:00,1.1503646470641027,TP,0.0006881170779536411,0.001376234155907239,0.001076234155907239,1.5640276784116462
long,2025-11-03 23:15:00,1.15119,2025-11-04 01:15:00,1.152417240965692,TP,0.0005330314568803033,0.0010660629137606787,0.0007660629137606787,1.437181434364585
short,2025-11-04 05:00:00,1.15007,2025-11-04 07:15:00,1.1482198096788072,TP,0.0008043816120725792,0.0016087632241452373,0.0013087632241452374,1.6270426927998298
long,2025-11-04 12:00:00,1.14898,2025-11-04 13:45:00,1.1486,TECH,0.0008409325255852552,-0.0003307281240751144,-0.0006307281240751144,-0.7500341643179435
long,2025-11-04 18:30:00,1.14847,2025-11-04 20:30:00,1.1494904263446604,TP,0.0004442546799917571,0.0008885093599835114,0.0005885093599835114,1.3247116721301189
short,2025-11-05 03:00:00,1.1487,2025-11-05 03:00:00,1.1492640427452046,SL,0.0004910270263815392,-0.0004910270263815583,-0.0007910270263815583,-1.610964333696191
long,2025-11-05 08:00:00,1.14909,2025-11-05 08:15:00,1.1483952544496243,SL,0.0006046049921030051,-0.000604604992102995,-0.0009046049921029951,-1.4961917349648342
short,2025-11-05 09:30:00,1.14832,2025-11-05 09:45:00,1.1491730682647991,SL,0.0007428837473867622,-0.0007428837473867384,-0.0010428837473867383,-1.4038316911027928
long,2025-11-05 13:30:00,1.14815,2025-11-05 19:45:00,1.149936968592398,TP,0.0007781947447624483,0.001556389489524808,0.0012563894895248082,1.614492385075581
short,2025-11-06 18:00:00,1.15434,2025-11-06 18:15:00,1.1550668610664228,SL,0.0006296767559148724,-0.0006296767559149253,-0.0009296767559149252,-1.476434928210389
long,2025-11-07 04:30:00,1.15361,2025-11-07 05:15:00,1.1548173931560846,TP,0.0005233108052480602,0.0010466216104962121,0.0007466216104962122,1.4267269145002615
short,2025-11-07 14:00:00,1.1568,2025-11-09 18:00:00,1.1549783002268807,TP,0.0007873875229595399,0.001574775045919174,0.0012747750459191742,1.6189932006132117
long,2025-11-09 21:30:00,1.15581,2025-11-10 03:15:00,1.1574336341144214,TP,0.0007023793332906091,0.001404758666581312,0.001104758666581312,1.5728803713594155
short,2025-11-10 06:15:00,1.15562,2025-11-10 07:00:00,1.1564985213438816,SL,0.000760216458595064,-0.0007602164585950011,-0.001060216458595001,-1.3946244475611054
long,2025-11-10 08:45:00,1.15695,2025-11-10 09:30:00,1.1560366240223787,SL,0.0007894688427514404,-0.0007894688427513725,-0.0010894688427513725,-1.380002330369845
short,2025-11-10 10:45:00,1.15517,2025-11-10 13:00:00,1.1561200573774237,SL,0.0008224394482403335,-0.0008224394482402655,-0.0011224394482402655,-1.364768495287772
long,2025-11-10 14:15:00,1.15619,2025-11-10 17:00:00,1.1553470872550868,SL,0.0007290434486661414,-0.0007290434486660633,-0.0010290434486660632,-1.4114981083072649
short,2025-11-10 17:45:00,1.15566,2025-11-10 23:00:00,1.15563,TECH,0.0004770991168608154,2.5959192149918223e-05,-0.0002740408078500818,-0.5743896774598893
short,2025-11-11 03:00:00,1.156,2025-11-11 03:15:00,1.1565926056046973,SL,0.0005126346061396058,-0.0005126346061396428,-0.0008126346061396428,-1.5852121499545
long,2025-11-11 04:30:00,1.15636,2025-11-11 08:00:00,1.157913729764013,TP,0.000671819227581815,0.0013436384551635408,0.001043638455163541,1.553451304036167
short,2025-11-11 13:00:00,1.15946,2025-11-11 20:15:00,1.1576190416119156,TP,0.0007938861142619658,0.0015877722285238738,0.0012877722285238738,1.6221120452787463
long,2025-11-12 02:00:00,1.15819,2025-11-12 04:00:00,1.1576581065529097,SL,0.0004592454149063083,-0.00045924541490633677,-0.0007592454149063367,-1.65324549851245
short,2025-11-12 05:00:00,1.15699,2025-11-12 06:45:00,1.1577047485106378,SL,0.0006177655041424548,-0.0006177655041424707,-0.0009177655041424707,-1.4856211588189243
long,2025-11-12 08:30:00,1.15702,2025-11-12 09:30:00,1.15645,TECH,0.0006737548885373896,-0.0004926448981002571,-0.000792644898100257,-1.1764588451758144
long,2025-11-12 11:00:00,1.15938,2025-11-12 14:15:00,1.1584033122498352,SL,0.0008424224586975776,-0.0008424224586976713,-0.0011424224586976714,-1.3561158619440263
short,2025-11-12 15:15:00,1.15876,2025-11-12 18:00:00,1.15894,TECH,0.0005747148729532982,-0.00015533846525602282,-0.0004553384652560228,-0.7922858563171793
short,2025-11-12 20:00:00,1.15804,2025-11-12 20:45:00,1.1586158611972601,SL,0.0004972722852925073,-0.0004972722852925318,-0.0007972722852925317,-1.6032912126272176
long,2025-11-12 22:45:00,1.15878,2025-11-13 00:45:00,1.1582408354746534,SL,0.0004652863575023746,-0.00046528635750230844,-0.0007652863575023084,-1.6447642299471519
short,2025-11-13 01:15:00,1.15822,2025-11-13 02:00:00,1.1587291381811988,SL,0.00043958676348091423,-0.00043958676348085704,-0.0007395867634808571,-1.6824591296251987
long,2025-11-13 03:00:00,1.16113,2025-11-13 03:45:00,1.1625036453696351,TP,0.0005915123068197027,0.0011830246136394157,0.0008830246136394158,1.4928254297650112
short,2025-11-13 07:30:00,1.1614,2025-11-13 08:00:00,1.1624400583560204,SL,0.0008955212295680688,-0.000895521229568099,-0.001195521229568099,-1.3350004333730061
long,2025-11-13 09:15:00,1.16186,2025-11-13 10:30:00,1.1639234974047297,TP,0.0008880146509604287,0.0017760293019208641,0.0014760293019208642,1.6621677359990294
short,2025-11-13 15:15:00,1.16335,2025-11-13 21:15:00,1.16327,TECH,0.000778136934892513,6.876692311005286e-05,-0.00023123307688994711,-0.2971624485629746
short,2025-11-14 03:00:00,1.16327,2025-11-14 05:15:00,1.1615951107409552,TP,0.0007199056362859452,0.0014398112725719724,0.0011398112725719725,1.5832787175446443
long,2025-11-14 08:15:00,1.16467,2025-11-14 08:45:00,1.1635566489343963,SL,0.0009559369311511586,-0.0009559369311511761,-0.0012559369311511762,-1.3138282351313193
short,2025-11-14 11:00:00,1.1613,2025-11-14 15:15:00,1.16201,TECH,0.0010716445211374779,-0.0006113837940239287,-0.0009113837940239286,-0.8504534629230938
short,2025-11-16 19:15:00,1.16064,2025-11-17 02:00:00,1.16073,TECH,0.000657807254570422,-7.754342431774325e-05,-0.0003775434243177432,-0.573942323825991
short,2025-11-17 05:00:00,1.16014,2025-11-17 09:30:00,1.1587692064164217,TP,0.0005907880012663644,0.0011815760025326927,0.0008815760025326928,1.4922036342021492
long,2025-11-17 12:30:00,1.15982,2025-11-17 13:00:00,1.1590183338827988,SL,0.0006911987353220739,-0.0006911987353220562,-0.0009911987353220563,-1.4340285719131027
short,2025-11-17 14:45:00,1.15864,2025-11-17 18:15:00,1.15927,TECH,0.0006357993214473604,-0.0005437409376511518,-0.0008437409376511518,-1.3270554232905192
short,2025-11-17 20:15:00,1.1586,2025-11-17 20:30:00,1.1591061600424453,SL,0.0004368721236364284,-0.0004368721236364506,-0.0007368721236364506,-1.6866998001678102
long,2025-11-17 22:00:00,1.1593,2025-11-17 23:15:00,1.1603072758981257,TP,0.0004344328034700851,0.000868865606940101,0.000568865606940101,1.3094444121075053
short,2025-11-18 04:00:00,1.15917,2025-11-18 08:15:00,1.160008441344259,SL,0.0007233118043591366,-0.0007233118043591823,-0.0010233118043591822,-1.4147588884794289
long,2025-11-18 08:45:00,1.15997,2025-11-18 10:45:00,1.159011769130898,SL,0.0008260824582547359,-0.0008260824582548259,-0.0011260824582548258,-1.36315987224072
short,2025-11-18 11:45:00,1.15771,2025-11-18 15:15:00,1.15865,TECH,0.0009710902742310259,-0.0008119477243868853,-0.0011119477243868852,-1.145050829869962
short,2025-11-18 17:30:00,1.15798,2025-11-18 20:15:00,1.15844,TECH,0.000540436434705296,-0.0003972434757076158,-0.0006972434757076158,-1.2901489073138228
short,2025-11-18 22:00:00,1.15787,2025-11-18 23:45:00,1.15801,TECH,0.0005024059251495124,-0.00012091167402215188,-0.00042091167402215184,-0.8377920182706674
short,2025-11-19 04:00:00,1.15734,2025-11-19 06:30:00,1.1582057786588664,SL,0.0007480763292259643,-0.0007480763292259747,-0.0010480763292259746,-1.4010285959862154
long,2025-11-19 07:30:00,1.15831,2025-11-19 08:45:00,1.1573172496812956,SL,0.000857067899529907,-0.0008570678995298175,-0.0011570678995298175,-1.3500306103687436
short,2025-11-19 09:30:00,1.15593,2025-11-19 11:15:00,1.1537407396252979,TP,0.0009469692692040162,0.0018939385384080507,0.0015939385384080508,1.6831998568948818
long,2025-11-19 17:15:00,1.15379,2025-11-19 19:30:00,1.1529697600338984,SL,0.0007109092348709042,-0.0007109092348709028,-0.0010109092348709028,-1.4219947994549211
short,2025-11-19 20:45:00,1.15262,2025-11-19 22:30:00,1.151273874612652,TP,0.0005839415363900688,0.0011678830727801942,0.0008678830727801943,1.486249938898771
long,2025-11-20 01:45:00,1.15182,2025-11-20 03:15:00,1.15114933500279,SL,0.0005822654557224349,-0.0005822654557223657,-0.0008822654557223656,-1.5152289167278716
short,2025-11-20 04:15:00,1.15184,2025-11-20 04:45:00,1.15238,TECH,0.0006494424248281773,-0.000468815113210155,-0.000768815113210155,-1.1838079617505124
short,2025-11-20 07:30:00,1.1513,2025-11-20 08:30:00,1.1520325437051968,SL,0.0006362752585744735,-0.0006362752585744982,-0.0009362752585744983,-1.4714940522316584
long,2025-11-20 09:45:00,1.15422,2025-11-20 10:15:00,1.1529128258946049,SL,0.0011325172890741964,-0.0011325172890741446,-0.0014325172890741445,-1.264896618262835
short,2025-11-20 13:45:00,1.15323,2025-11-20 15:00:00,1.1538,TECH,0.000937963290695136,-0.0004942639369422921,-0.0007942639369422921,-0.8467963989866314
short,2025-11-20 16:30:00,1.1526,2025-11-20 18:45:00,1.15337026454325,SL,0.0006682843512492369,-0.0006682843512492712,-0.0009682843512492712,-1.4489107061077195
long,2025-11-20 20:00:00,1.1535,2025-11-21 03:15:00,1.1547703677044932,TP,0.0005506578693078771,0.0011013157386156745,0.0008013157386156746,1.4551971074577577
short,2025-11-21 05:00:00,1.1525,2025-11-21 06:45:00,1.1504669802055567,TP,0.0008820042492161896,0.0017640084984324243,0.0014640084984324244,1.6598655842457044
long,2025-11-21 09:45:00,1.15108,2025-11-21 10:30:00,1.15108,TECH,0.0010933881805335532,0.0,-0.0003,-0.2743764797728155
long,2025-11-21 14:30:00,1.15101,2025-11-23 18:45:00,1.15071,TECH,0.0009142508844590558,-0.00026064065472948886,-0.0005606406547294888,-0.61322407695696
long,2025-11-23 21:45:00,1.1517,2025-11-24 03:00:00,1.151097140387576,SL,0.0005234519513969952,-0.0005234519513969789,-0.0008234519513969788,-1.573118505336239
short,2025-11-24 10:00:00,1.15268,2025-11-24 15:00:00,1.15276,TECH,0.0008209831418326905,-6.940347711427284e-05,-0.0003694034771142728,-0.44995257306946523
short,2025-11-24 17:30:00,1.15214,2025-11-24 20:15:00,1.1527665639695142,SL,0.0005438262446528051,-0.0005438262446527467,-0.0008438262446527466,-1.5516467859903864
long,2025-11-24 20:30:00,1.15265,2025-11-24 22:15:00,1.1521279426986204,SL,0.00045291918741990965,-0.0004529191874199043,-0.0007529191874199043,-1.6623698185739681
short,2025-11-24 23:15:00,1.15154,2025-11-25 01:30:00,1.152088537509549,SL,0.0004763512422922218,-0.00047635124229213505,-0.000776351242292135,-1.629787378230192
long,2025-11-25 02:45:00,1.15283,2025-11-25 02:45:00,1.1522580373142612,SL,0.0004961379264409023,-0.0004961379264408287,-0.0007961379264408287,-1.6046705643972998
short,2025-11-25 16:30:00,1.15711,2025-11-25 20:30:00,1.1582757095457792,SL,0.001007431917258559,-0.001007431917258604,-0.0013074319172586039,-1.2977868726021804
long,2025-11-25 20:45:00,1.15785,2025-11-26 01:15:00,1.1595584916452262,TP,0.0007377862612713687,0.001475572522542755,0.001175572522542755,1.59337816960292
short,2025-11-26 03:15:00,1.15773,2025-11-26 08:30:00,1.15801,TECH,0.0007359478315504193,-0.00024185259084592953,-0.0005418525908459295,-0.7362649465308024
short,2025-11-26 08:45:00,1.15607,2025-11-26 09:30:00,1.1573594819560555,SL,0.0011154012785174838,-0.001115401278517395,-0.0014154012785173949,-1.2689614991285028
long,2025-11-26 11:00:00,1.15894,2025-11-26 23:45:00,1.1601,TECH,0.0012039779894258637,0.001000914628884867,0.0007009146288848671,0.5821656500706541
long,2025-11-27 08:15:00,1.15885,2025-11-27 13:45:00,1.15939,TECH,0.0005955085783277887,0.00046597920352071877,0.0001659792035207188,0.27871840903920286
long,2025-11-27 16:30:00,1.15961,2025-11-27 19:45:00,1.1592425953673438,SL,0.00031683465359577743,-0.0003168346535958437,-0.0006168346535958436,-1.9468661227405093
short,2025-11-27 20:45:00,1.15867,2025-11-28 00:00:00,1.1591872249595592,SL,0.0004463954012437463,-0.00044639540124373776,-0.0007463954012437377,-1.6720499341259607
long,2025-11-28 01:00:00,1.1589,2025-11-28 01:45:00,1.158107101876857,SL,0.0006841816577297942,-0.0006841816577298241,-0.0009841816577298242,-1.4384800390520112
short,2025-11-28 02:15:00,1.15846,2025-11-28 03:45:00,1.156851122735928,TP,0.000694403459796689,0.0013888069195933446,0.0010888069195933447,1.5679745027654832
long,2025-11-28 09:00:00,1.15744,2025-11-28 10:45:00,1.159490313677207,TP,0.000885710566943867,0.001771421133887703,0.001471421133887703,1.6612889004642035
short,2025-11-30 17:15:00,1.1593,2025-11-30 18:00:00,1.1599724590393878,SL,0.0005800561022926482,-0.0005800561022926252,-0.0008800561022926253,-1.5171913523782254
long,2025-11-30 19:45:00,1.16039,2025-11-30 21:15:00,1.1596645463780322,SL,0.0006251808633027905,-0.0006251808633027285,-0.0009251808633027284,-1.4798611371676624
short,2025-11-30 22:30:00,1.15964,2025-12-01 02:15:00,1.1604569375325697,SL,0.0007044751238055115,-0.0007044751238054293,-0.0010044751238054293,-1.425848961677092
long,2025-12-01 02:30:00,1.16085,2025-12-01 05:00:00,1.1624003443180877,TP,0.0006677625524778587,0.0013355251049556444,0.0010355251049556445,1.5507385089402417
short,2025-12-01 11:00:00,1.16289,2025-12-01 14:00:00,1.1607707754268377,TP,0.0009111887509404451,0.0018223775018808921,0.0015223775018808922,1.6707597633417164
long,2025-12-01 21:45:00,1.16097,2025-12-02 01:15:00,1.160558619877066,SL,0.0003543417340103238,-0.0003543417340103168,-0.0006543417340103168,-1.846640322619329
short,2025-12-02 01:30:00,1.16061,2025-12-02 02:00:00,1.1610208934393726,SL,0.00035403231005489447,-0.00035403231005482307,-0.0006540323100548231,-1.8473802855830084
long,2025-12-02 03:15:00,1.16115,2025-12-02 04:15:00,1.1606227948236054,SL,0.0004540370980445609,-0.00045403709804459823,-0.0007540370980445982,-1.6607389600807339
short,2025-12-02 05:30:00,1.16023,2025-12-02 06:45:00,1.161017717010458,SL,0.0006789317725434476,-0.0006789317725433655,-0.0009789317725433654,-1.4418706151813208
long,2025-12-02 08:00:00,1.16177,2025-12-02 10:00:00,1.161068552248541,SL,0.0006037750600022225,-0.0006037750600022908,-0.0009037750600022908,-1.4968737860735155
short,2025-12-02 11:15:00,1.16056,2025-12-02 14:15:00,1.161643497963722,SL,0.0009335992656320105,-0.0009335992656320913,-0.0012335992656320913,-1.321337013688622
long,2025-12-02 14:30:00,1.16149,2025-12-02 20:00:00,1.1633562397263133,TP,0.0008033817451348537,0.0016067634902697313,0.0013067634902697313,1.626578520340142
short,2025-12-03 04:30:00,1.16421,2025-12-03 05:00:00,1.1648882617601408,SL,0.0005825939994854413,-0.0005825939994853613,-0.0008825939994853613,-1.5149383623327497
long,2025-12-03 05:15:00,1.16547,2025-12-03 07:30:00,1.1669398440867564,TP,0.0006305799749270005,0.0012611599498540788,0.0009611599498540789,1.5242474992412314
short,2025-12-03 10:45:00,1.16564,2025-12-03 12:30:00,1.1667498534023788,SL,0.0009521408002288157,-0.0009521408002288793,-0.0012521408002288794,-1.3150794503585694
long,2025-12-03 13:15:00,1.16731,2025-12-03 17:00:00,1.16705,TECH,0.0007972892889058775,-0.0002227343207889498,-0.0005227343207889498,-0.6556394624419196
long,2025-12-04 03:00:00,1.16652,2025-12-04 03:15:00,1.1675863689066488,TP,0.0004570727062754234,0.0009141454125508314,0.0006141454125508314,1.3436492796854052
short,2025-12-04 08:30:00,1.16674,2025-12-04 09:15:00,1.167572764462775,SL,0.0007137532464600891,-0.0007137532464600548,-0.0010137532464600547,-1.420313324650833
long,2025-12-04 20:15:00,1.16521,2025-12-04 22:30:00,1.164751736858568,SL,0.00039328802656344127,-0.00039328802656349245,-0.0006932880265634924,-1.7627997287928068
short,2025-12-05 04:45:00,1.1649,2025-12-05 05:00:00,1.1655450796873383,SL,0.0005537640032091224,-0.0005537640032091082,-0.0008537640032091082,-1.54174702266932
long,2025-12-05 09:15:00,1.16527,2025-12-05 10:00:00,1.1644519684966783,SL,0.0007020102665662574,-0.0007020102665663018,-0.0010020102665663018,-1.4273441775537477
short,2025-12-05 11:30:00,1.16339,2025-12-05 13:00:00,1.164497346885942,SL,0.0009518277498880242,-0.0009518277498879672,-0.001251827749887967,-1.3151830780676816
long,2025-12-05 15:00:00,1.16429,2025-12-07 17:00:00,1.16351032958648,SL,0.0006696531049137391,-0.0006696531049138248,-0.0009696531049138248,-1.4479931442096874
short,2025-12-07 17:15:00,1.16399,2025-12-07 19:30:00,1.16467,TECH,0.0006149591414671228,-0.0005841974587410664,-0.0008841974587410664,-1.4378149687011972
short,2025-12-08 04:15:00,1.16524,2025-12-08 09:45:00,1.16492,TECH,0.0006397801657574049,0.0002746215371941385,-2.537846280586145e-05,-0.03966747355447806
short,2025-12-08 10:00:00,1.16399,2025-12-08 10:30:00,1.1622988234591847,TP,0.0007264566451667538,0.0014529132903336015,0.0011529132903336015,1.5870366084530168
long,2025-12-08 14:15:00,1.16379,2025-12-08 17:45:00,1.16356,TECH,0.0007876540233783911,-0.0001976301566435306,-0.0004976301566435306,-0.6317877416649312
long,2025-12-08 19:30:00,1.1641,2025-12-09 02:15:00,1.16408,TECH,0.0004475543404366041,-1.718065458286142e-05,-0.0003171806545828614,-0.7086975277090177
long,2025-12-09 04:45:00,1.16541,2025-12-09 05:15:00,1.1646745904034939,SL,0.0006310307930309424,-0.0006310307930309487,-0.0009310307930309486,-1.4754126158551755
short,2025-12-09 07:15:00,1.16356,2025-12-09 10:00:00,1.1618855819555738,TP,0.0007195237222085856,0.0014390474444172542,0.0011390474444172543,1.5830575271666323
long,2025-12-09 16:45:00,1.16284,2025-12-09 19:00:00,1.1628,TECH,0.0005707835824241448,-3.4398541501874724e-05,-0.0003343985415018747,-0.5858587243901942
long,2025-12-10 00:15:00,1.16273,2025-12-10 02:00:00,1.1636116107267436,TP,0.00037911240216707376,0.0007582248043342232,0.0004582248043342232,1.2086779586078664
short,2025-12-10 06:00:00,1.16342,2025-12-10 09:00:00,1.1642269542138342,SL,0.0006936052447390831,-0.0006936052447390062,-0.0009936052447390062,-1.4325226809851699
long,2025-12-10 09:15:00,1.16393,2025-12-10 12:45:00,1.1656642670511357,TP,0.000745004876210663,0.0014900097524213432,0.0011900097524213432,1.5973180718952065
short,2025-12-10 22:45:00,1.16934,2025-12-11 03:00:00,1.1701521105530233,SL,0.0006945033549037559,-0.000694503354903805,-0.000994503354903805,-1.4319633560900842
long,2025-12-11 03:15:00,1.17,2025-12-11 04:00:00,1.1692167118123191,SL,0.0006694770834878684,-0.0006694770834878705,-0.0009694770834878705,-1.4481109322473744
short,2025-12-11 15:00:00,1.17409,2025-12-11 20:00:00,1.17405,TECH,0.0008496066290786772,3.406893849708285e-05,-0.00026593106150291714,-0.31300492769376775
short,2025-12-11 21:30:00,1.17333,2025-12-12 01:00:00,1.1739857257124509,SL,0.0005588587289602112,-0.0005588587289602004,-0.0008588587289602005,-1.5368082924250939
long,2025-12-12 01:30:00,1.17382,2025-12-12 03:45:00,1.173286241566757,SL,0.0004547191505025518,-0.00045471915050262585,-0.0007547191505026258,-1.6597478898096034
short,2025-12-12 04:30:00,1.17299,2025-12-12 09:30:00,1.17321,TECH,0.0005860940374811126,-0.00018755488111587396,-0.0004875548811158739,-0.8318714232467956
short,2025-12-14 17:00:00,1.17358,2025-12-14 21:45:00,1.17419,TECH,0.0006495401550109598,-0.0005197770923158195,-0.0008197770923158195,-1.2620883959083136
short,2025-12-15 00:15:00,1.1734,2025-12-15 04:00:00,1.1739884536163083,SL,0.0005014944744404352,-0.0005014944744403669,-0.0008014944744403668,-1.5982119749867034
long,2025-12-15 04:30:00,1.17423,2025-12-15 07:45:00,1.1757896688422953,TP,0.0006641240822902211,0.0013282481645803565,0.0010282481645803566,1.5482771849417951
short,2025-12-15 13:00:00,1.17456,2025-12-15 16:30:00,1.17505,TECH,0.0007193951457008952,-0.00041717749625381367,-0.0007171774962538137,-0.9969173416580106
short,2025-12-15 21:30:00,1.17548,2025-12-15 22:15:00,1.17541,TECH,0.0004947797546349992,5.955014121891864e-05,-0.00024044985878108132,-0.4859735195884521
short,2025-12-16 00:00:00,1.17509,2025-12-16 03:00:00,1.1755907982257259,SL,0.00042617861246875804,-0.000426178612468753,-0.000726178612468753,-1.7039302095948963
long,2025-12-16 03:30:00,1.1757,2025-12-16 03:30:00,1.1750245120835625,SL,0.000574541053361839,-0.0005745410533617896,-0.0008745410533617895,-1.5221558985986232
short,2025-12-16 12:15:00,1.17756,2025-12-16 13:15:00,1.174706640177305,TP,0.0012115560237673842,0.002423112047534705,0.0021231120475347053,1.7523845417670405
long,2025-12-16 20:45:00,1.1747,2025-12-16 21:00:00,1.1740457424805797,SL,0.000556957111960778,-0.00055695711196083,-0.0008569571119608299,-1.5386411153704391
short,2025-12-16 21:15:00,1.17404,2025-12-17 00:30:00,1.1726819946858975,TP,0.0005783471236509663,0.0011566942473020185,0.0008566942473020186,1.4812803803603514
long,2025-12-17 06:00:00,1.17252,2025-12-17 06:15:00,1.171595078533407,SL,0.0007888321449467816,-0.0007888321449467419,-0.001088832144946742,-1.3803090453675664
short,2025-12-17 08:30:00,1.17241,2025-12-17 08:45:00,1.17241,TECH,0.0009093847318167215,0.0,-0.0003,-0.32989337681167746
short,2025-12-17 14:45:00,1.17418,2025-12-17 19:30:00,1.17432,TECH,0.0007204444926678075,-0.000119232144986313,-0.00041923214498631295,-0.581907626823401
short,2025-12-17 21:30:00,1.17417,2025-12-18 00:30:00,1.1743,TECH,0.000501400664990616,-0.00011071650612770168,-0.00041071650612770164,-0.8191383354774538
short,2025-12-18 03:30:00,1.17328,2025-12-18 04:15:00,1.1719016208999014,TP,0.0005874041576173905,0.0011748083152348524,0.0008748083152348525,1.4892783850615243
long,2025-12-18 09:00:00,1.17467,2025-12-18 09:45:00,1.173319804540217,SL,0.0011494253362929682,-0.0011494253362929246,-0.0014494253362929246,-1.2609999888879182
short,2025-12-18 12:30:00,1.17194,2025-12-18 16:30:00,1.17236,TECH,0.0012898503938987638,-0.0003583801218493156,-0.0006583801218493157,-0.5104313841074734
short,2025-12-18 18:45:00,1.17242,2025-12-18 20:00:00,1.17266,TECH,0.0005878708217887453,-0.0002047047986216697,-0.0005047047986216697,-0.8585301054506804
short,2025-12-18 22:30:00,1.17225,2025-12-19 02:15:00,1.1709938284704446,TP,0.0005357950648562414,0.0010715901297124095,0.0007715901297124096,1.440084428398821
long,2025-12-19 06:15:00,1.17102,2025-12-19 07:45:00,1.17124,TECH,0.0007080798501253745,0.00018787040357987823,-0.00011212959642012174,-0.15835727623130044
long,2025-12-19 09:15:00,1.17336,2025-12-19 10:00:00,1.172387822260203,SL,0.0008285417431963814,-0.0008285417431963365,-0.0011285417431963366,-1.3620819378907854
short,2025-12-19 12:15:00,1.17146,2025-12-19 13:15:00,1.1725129822345886,SL,0.000898863157588493,-0.0008988631575884849,-0.001198863157588485,-1.3337549186072375
long,2025-12-19 14:30:00,1.17206,2025-12-19 15:45:00,1.1712049228843604,SL,0.0007295506336191505,-0.0007295506336191849,-0.0010295506336191849,-1.411212034059646
short,2025-12-19 16:15:00,1.17114,2025-12-21 20:30:00,1.17169,TECH,0.0006998418890457646,-0.0004696278839419953,-0.0007696278839419953,-1.0997168017355805
short,2025-12-22 02:30:00,1.17201,2025-12-22 02:45:00,1.172531154244334,SL,0.00044466706285276264,-0.0004446670628526767,-0.0007446670628526767,-1.6746620675596329
long,2025-12-22 03:00:00,1.17288,2025-12-22 07:00:00,1.1740637251764536,TP,0.0005046233103359333,0.0010092466206719438,0.0007092466206719439,1.405497142412606
short,2025-12-22 13:15:00,1.17535,2025-12-22 16:30:00,1.17594,TECH,0.0007790761557876753,-0.0005019781341728766,-0.0008019781341728767,-1.0293963282216572
short,2025-12-23 01:45:00,1.17723,2025-12-23 02:30:00,1.177747937510413,SL,0.00043996288780686363,-0.0004399628878069349,-0.0007399628878069349,-1.6818756952331084
long,2025-12-23 03:45:00,1.17823,2025-12-23 05:15:00,1.1796234659505729,TP,0.0005913386819945418,0.0011826773639890087,0.0008826773639890088,1.492676516631388
short,2025-12-23 09:00:00,1.17748,2025-12-23 14:00:00,1.17828,TECH,0.0007923473422039849,-0.0006794170601623058,-0.0009794170601623057,-1.236095595951606
short,2025-12-23 23:15:00,1.17868,2025-12-23 23:45:00,1.1792739009337248,SL,0.0005038695266949978,-0.0005038695266949471,-0.000803869526694947,-1.5953922277612655
long,2025-12-24 01:45:00,1.18022,2025-12-24 02:00:00,1.1796392603120225,SL,0.0004920605378467696,-0.0004920605378468088,-0.0007920605378468088,-1.6096810797159695
short,2025-12-24 03:45:00,1.17901,2025-12-24 03:45:00,1.1797666916728287,SL,0.0006418025910118474,-0.0006418025910117546,-0.0009418025910117546,-1.467433451035054
long,2025-12-24 05:30:00,1.17986,2025-12-24 05:45:00,1.1790938957890418,SL,0.0006493178944605515,-0.0006493178944604695,-0.0009493178944604695,-1.4620233056246754
short,2025-12-24 07:45:00,1.17878,2025-12-24 11:15:00,1.1773353321526456,TP,0.0006127809461283279,0.0012255618922566624,0.0009255618922566625,1.5104286419226103
long,2025-12-24 15:15:00,1.17798,2025-12-24 17:00:00,1.1774501657219023,SL,0.00044978206599230377,-0.00044978206599239235,-0.0007497820659923924,-1.6669896883021162
short,2025-12-24 17:15:00,1.17717,2025-12-24 19:45:00,1.177637446628086,SL,0.0003970935617504508,-0.00039709356175050636,-0.0006970935617505063,-1.7554894586495142
long,2025-12-24 21:15:00,1.17744,2025-12-25 01:00:00,1.17752,TECH,0.0004271546649196595,6.794401413223431e-05,-0.00023205598586776568,-0.5432598656306644
long,2025-12-25 02:00:00,1.17759,2025-12-25 02:30:00,1.1772615221669098,SL,0.00027894074600670214,-0.0002789407460067516,-0.0005789407460067516,-2.075497231203509
short,2025-12-25 02:45:00,1.17701,2025-12-25 02:45:00,1.1774519700434762,SL,0.0003755023691185679,-0.0003755023691186544,-0.0006755023691186544,-1.7989297130249504
long,2025-12-25 17:15:00,1.1782,2025-12-26 00:00:00,1.17831,TECH,0.0005206529908451095,9.336275674762732e-05,-0.00020663724325237264,-0.396880930073915
long,2025-12-26 06:45:00,1.17791,2025-12-26 08:30:00,1.1794201027028042,TP,0.0006410093737229929,0.001282018747446037,0.000982018747446037,1.5319881232663668
short,2025-12-26 11:30:00,1.17639,2025-12-26 14:15:00,1.1773987610303422,SL,0.0008575056149255658,-0.0008575056149254906,-0.0011575056149254906,-1.3498519365683288
long,2025-12-26 15:15:00,1.17764,2025-12-26 16:30:00,1.1769292030342984,SL,0.0006035774648463236,-0.0006035774648463396,-0.0009035774648463396,-1.4970364492922192
short,2025-12-28 17:45:00,1.1768,2025-12-28 18:00:00,1.1775037034681768,SL,0.000597980513406454,-0.0005979805134064578,-0.0008979805134064578,-1.501688588965926
long,2025-12-28 19:45:00,1.17807,2025-12-28 22:15:00,1.1773117872606476,SL,0.0006436058463014563,-0.0006436058463014872,-0.0009436058463014871,-1.4661237956802444
short,2025-12-28 23:00:00,1.17734,2025-12-29 00:00:00,1.1760954373510097,TP,0.0005285485284583493,0.0010570970569167024,0.0007570970569167024,1.4324078417642652
long,2025-12-29 03:15:00,1.17739,2025-12-29 05:45:00,1.1766126337078415,SL,0.0006602453665806555,-0.0006602453665806658,-0.0009602453665806658,-1.4543765320969688
short,2025-12-29 06:30:00,1.17629,2025-12-29 08:45:00,1.1773204870207465,SL,0.0008760484410702228,-0.000876048441070216,-0.001176048441070216,-1.3424468167918875
long,2025-12-29 10:00:00,1.17827,2025-12-29 10:45:00,1.1772300412572054,SL,0.0008826149717759564,-0.0008826149717759938,-0.0011826149717759937,-1.3398990608514054
short,2025-12-29 12:15:00,1.17543,2025-12-29 14:45:00,1.1765932373958394,SL,0.0009896271116436972,-0.0009896271116437865,-0.0012896271116437865,-1.303144483887281
long,2025-12-29 15:30:00,1.17676,2025-12-30 03:00:00,1.17703,TECH,0.0006637908896655344,0.00022944355688499988,-7.055644311500009e-05,-0.10629317788701725
long,2025-12-30 06:15:00,1.17743,2025-12-30 06:45:00,1.1766613516385394,SL,0.0006528187335643587,-0.0006528187335643071,-0.000952818733564307,-1.4595456358336454
short,2025-12-30 07:30:00,1.17643,2025-12-30 10:15:00,1.17497255456777,TP,0.0006194356792286641,0.0012388713584573932,0.0009388713584573933,1.5156882141927925
long,2025-12-30 13:00:00,1.17559,2025-12-30 14:00:00,1.17496,TECH,0.0007335295677376026,-0.0005359011219897316,-0.0008359011219897315,-1.1395602287278883
long,2025-12-30 20:15:00,1.17475,2025-12-30 20:30:00,1.17467,TECH,0.0004129892095565735,-6.809959565852987e-05,-0.00036809959565852987,-0.8913056010682662
long,2025-12-31 06:15:00,1.1741,2025-12-31 07:45:00,1.1756952625037773,TP,0.0006793554653681541,0.0013587109307362192,0.0010587109307362192,1.5584049657457102
short,2025-12-31 10:15:00,1.17211,2025-12-31 10:30:00,1.1730977096295458,SL,0.0008426765658050991,-0.0008426765658051405,-0.0011426765658051404,-1.3560084760556017
long,2025-12-31 14:15:00,1.17408,2026-01-01 20:30:00,1.1761234445204876,TP,0.000870232233104855,0.0017404644662097535,0.0014404644662097536,1.6552644356442618
short,2026-01-02 00:45:00,1.17562,2026-01-02 01:00:00,1.174751921580611,TP,0.00036920026002838086,0.0007384005200567134,0.0004384005200567134,1.187432858316549
long,2026-01-02 09:00:00,1.17214,2026-01-02 10:30:00,1.1737885065890072,TP,0.0007032037934919529,0.001406407586983877,0.001106407586983877,1.5733811410341008
short,2026-01-02 13:45:00,1.17171,2026-01-04 21:00:00,1.1698290741670696,TP,0.0008026413672881363,0.001605282734576324,0.001305282734576324,1.626234066388142
long,2026-01-05 02:00:00,1.1691,2026-01-05 02:45:00,1.168392740189426,SL,0.0006049609191463487,-0.000604960919146315,-0.0009049609191463151,-1.4958998019628966
short,2026-01-05 04:45:00,1.16756,2026-01-05 05:00:00,1.1685116394021628,SL,0.0008150668078411226,-0.0008150668078410688,-0.0011150668078410688,-1.3680679879414546
long,2026-01-05 10:45:00,1.16966,2026-01-05 12:15:00,1.1719341248240283,TP,0.0009721307149206858,0.0019442614298414362,0.0016442614298414363,1.6913995253977634
short,2026-01-05 18:00:00,1.17185,2026-01-05 20:45:00,1.1724747775811784,SL,0.0005331549099102686,-0.0005331549099102214,-0.0008331549099102214,-1.562688243929787
long,2026-01-05 21:45:00,1.17277,2026-01-06 02:00:00,1.1740614576357953,TP,0.0005506014119542625,0.0011012028239085158,0.0008012028239085158,1.455141244670601
short,2026-01-06 02:45:00,1.17358,2026-01-06 03:15:00,1.17337,TECH,0.0005485055125336484,0.00017893965473171278,-0.0001210603452682872,-0.2207094413857157
short,2026-01-06 03:45:00,1.17268,2026-01-06 04:15:00,1.171069890048212,TP,0.0006865086604137227,0.001373017320827513,0.001073017320827513,1.5630062411461232
long,2026-01-06 19:45:00,1.16906,2026-01-06 21:00:00,1.1702493276391297,TP,0.000508668348557667,0.0010173366971153845,0.0007173366971153846,1.4102247547923874
short,2026-01-07 00:45:00,1.16914,2026-01-07 01:45:00,1.1696948442632724,SL,0.0004745746987293481,-0.0004745746987292772,-0.0007745746987292772,-1.6321449516865634
long,2026-01-07 06:30:00,1.16896,2026-01-07 07:00:00,1.1681842921237884,SL,0.0006635880408326035,-0.00066358804083255,-0.00096358804083255,-1.452087713370387
short,2026-01-07 08:45:00,1.16914,2026-01-07 09:30:00,1.16895,TECH,0.0007387663524808227,0.0001625126161111026,-0.00013748738388889736,-0.18610401438452942
short,2026-01-07 12:15:00,1.16879,2026-01-07 22:15:00,1.16804,TECH,0.0009069907226049214,0.0006416892683886998,0.00034168926838869983,0.3767285153781415
short,2026-01-08 03:00:00,1.16779,2026-01-08 06:30:00,1.1676,TECH,0.0004642515480157331,0.00016270048553261674,-0.00013729951446738323,-0.29574379461784855
short,2026-01-08 08:15:00,1.16739,2026-01-08 08:45:00,1.1661853462585632,TP,0.0005159602795282,0.0010319205590563097,0.0007319205590563098,1.4185598932646255
long,2026-01-08 16:30:00,1.1654,2026-01-08 20:30:00,1.16518,TECH,0.0005407277542457013,-0.0001887763857901896,-0.0004887763857901895,-0.9039232440953907
long,2026-01-08 23:30:00,1.16545,2026-01-09 01:00:00,1.164923015518086,SL,0.0004521725358565396,-0.00045217253585655046,-0.0007521725358565505,-1.6634635591737743
short,2026-01-09 01:30:00,1.16508,2026-01-09 02:30:00,1.1640979229343702,TP,0.00042146336115534094,0.0008429267223106517,0.0005429267223106518,1.2881943541245156
long,2026-01-09 08:45:00,1.16562,2026-01-09 08:45:00,1.1646459917363965,SL,0.0008356138909795828,-0.0008356138909795727,-0.0011356138909795726,-1.3590174879073664
short,2026-01-09 09:30:00,1.1638,2026-01-09 14:30:00,1.16376,TECH,0.001015100814292735,3.437016669534285e-05,-0.00026562983330465713,-0.2616782782208022
short,2026-01-11 17:30:00,1.16344,2026-01-11 19:00:00,1.1641856873701057,SL,0.0006409332411691254,-0.0006409332411690492,-0.0009409332411690493,-1.4680674690123645
long,2026-01-11 19:45:00,1.16589,2026-01-12 00:15:00,1.16605,TECH,0.0008955793345423451,0.00013723421592083126,-0.00016276578407916872,-0.18174356843812675
long,2026-01-12 01:00:00,1.1669,2026-01-12 02:15:00,1.1683984783253534,TP,0.000642076581263762,0.0012841531625274875,0.0009841531625274875,1.532766014593518
short,2026-01-12 07:15:00,1.1684,2026-01-12 08:15:00,1.16923,TECH,0.0008387775861312455,-0.0007103731598766572,-0.0010103731598766572,-1.2045781582420132
short,2026-01-12 08:30:00,1.16891,2026-01-12 09:00:00,1.16927,TECH,0.0009178709470722147,-0.00030797922851215066,-0.0006079792285121506,-0.6623798590111787
short,2026-01-12 10:30:00,1.16763,2026-01-13 00:15:00,1.16643,TECH,0.0008763867196743153,0.001027722823154482,0.0007277228231544822,0.8303672417867309
short,2026-01-13 02:15:00,1.16572,2026-01-13 02:30:00,1.166309504135253,SL,0.0005056995978904678,-0.0005056995978904259,-0.000805699597890426,-1.5932375688084623
long,2026-01-13 04:00:00,1.16688,2026-01-13 07:30:00,1.1661893334580975,SL,0.0005918916614410362,-0.0005918916614411236,-0.0008918916614411236,-1.5068495124085697
short,2026-01-13 08:00:00,1.1655,2026-01-13 08:30:00,1.1662190676486057,SL,0.0006169606594643005,-0.0006169606594643864,-0.0009169606594643864,-1.486254666967862
long,2026-01-13 14:45:00,1.16481,2026-01-13 16:45:00,1.16447,TECH,0.0007506266818288644,-0.000291893098445246,-0.0005918930984452459,-0.7885319197595374
long,2026-01-13 22:45:00,1.16475,2026-01-14 00:15:00,1.1642792423781843,SL,0.00040417052742280354,-0.0004041705274227932,-0.0007041705274227932,-1.7422609508737363
short,2026-01-14 08:15:00,1.16509,2026-01-14 09:15:00,1.1653,TECH,0.0006842077195155638,-0.00018024358633242368,-0.0004802435863324237,-0.7018973516879466
short,2026-01-14 13:15:00,1.16439,2026-01-14 17:15:00,1.16455,TECH,0.000664772088195824,-0.00013741100490380196,-0.00043741100490380194,-0.6579864177073458
short,2026-01-14 20:00:00,1.16376,2026-01-15 02:15:00,1.1626274384559463,TP,0.0004865958376527539,0.0009731916753055715,0.0006731916753055715,1.3834719149118098
long,2026-01-15 05:15:00,1.16362,2026-01-15 07:45:00,1.162968910037764,SL,0.0005595383048040459,-0.0005595383048040272,-0.0008595383048040273,-1.5361563228545068
short,2026-01-15 08:00:00,1.16226,2026-01-15 08:30:00,1.1608873024936286,TP,0.0005905294453785985,0.001181058890757213,0.0008810588907572131,1.491981301952439
long,2026-01-15 13:15:00,1.16128,2026-01-15 15:30:00,1.1603030878802414,SL,0.000841237358568809,-0.0008412373585687339,-0.001141237358568734,-1.3566175431275578
short,2026-01-15 16:30:00,1.16077,2026-01-15 20:15:00,1.16059,TECH,0.0006115322685142604,0.0001550694797419549,-0.00014493052025804507,-0.23699570361210695
short,2026-01-15 21:00:00,1.1607,2026-01-15 21:30:00,1.1611783323031282,SL,0.00041210674862416925,-0.00041210674862419565,-0.0007121067486241956,-1.7279667246449746
long,2026-01-15 22:00:00,1.16097,2026-01-16 01:45:00,1.16048,TECH,0.000450600973804952,-0.00042206086289921484,-0.0007220608628992148,-1.6024396414459758
long,2026-01-16 03:15:00,1.16105,2026-01-16 06:30:00,1.1621515899700232,TP,0.00047439385471050087,0.0009487877094210395,0.0006487877094210396,1.3676140678866142
short,2026-01-16 10:30:00,1.16023,2026-01-16 16:30:00,1.16012,TECH,0.0007980333975834753,9.48087879127884e-05,-0.00020519121208721158,-0.25712108378991533
short,2026-01-18 17:30:00,1.15784,2026-01-18 17:45:00,1.1586604513693783,SL,0.0007086051348877421,-0.0007086051348876883,-0.0010086051348876884,-1.4233669574628083
long,2026-01-18 19:00:00,1.1624,2026-01-18 19:00:00,1.1611181024682296,SL,0.0011028024189355021,-0.0011028024189354338,-0.0014028024189354337,-1.272034223763774
short,2026-01-18 23:15:00,1.16257,2026-01-19 00:00:00,1.16332,TECH,0.000879439650119823,-0.0006451224442397502,-0.0009451224442397501,-1.0746870966199646
short,2026-01-19 03:30:00,1.16192,2026-01-19 04:00:00,1.162933477052626,SL,0.0008722434011171862,-0.0008722434011171161,-0.001172243401117116,-1.3439406931777116
long,2026-01-19 07:15:00,1.16293,2026-01-19 11:30:00,1.1646219788394014,TP,0.0007274637507853027,0.0014549275015705331,0.0011549275015705332,1.5876083176980023
short,2026-01-19 16:00:00,1.1645,2026-01-19 17:45:00,1.16464,TECH,0.00042647403757141065,-0.00012022327179030222,-0.0004202232717903022,-0.9853431505075809
short,2026-01-19 18:30:00,1.164,2026-01-19 21:00:00,1.1644436066160944,SL,0.0003811053402873488,-0.00038110534028731836,-0.0006811053402873183,-1.7871839312820257
long,2026-01-19 22:00:00,1.16443,2026-01-19 22:15:00,1.1654316477683158,TP,0.00043010218231913274,0.0008602043646382206,0.0005602043646382206,1.302491332681853
short,2026-01-20 09:45:00,1.172,2026-01-20 11:45:00,1.173773701677702,SL,0.0015133973359230956,-0.0015133973359231798,-0.0018133973359231797,-1.198229501849294
long,2026-01-20 12:15:00,1.17391,2026-01-20 14:00:00,1.1723765919707958,SL,0.0013062398558699553,-0.001306239855869878,-0.001606239855869878,-1.229666855326599
short,2026-01-20 14:45:00,1.17165,2026-01-20 18:15:00,1.17221,TECH,0.0010153150369456747,-0.0004779584346860358,-0.0007779584346860358,-0.7662236905565115
short,2026-01-20 23:00:00,1.17188,2026-01-21 02:30:00,1.17233,TECH,0.0007175598537286716,-0.0003839983616070429,-0.0006839983616070428,-0.9532283029112728
short,2026-01-21 03:45:00,1.17092,2026-01-21 06:45:00,1.1718565597382822,SL,0.0007998494673266737,-0.0007998494673267317,-0.0010998494673267317,-1.375070575470587
long,2026-01-21 07:30:00,1.17245,2026-01-21 10:15:00,1.1714987491392104,SL,0.0008113359723567272,-0.0008113359723567068,-0.0011113359723567068,-1.3697605064010103
short,2026-01-21 11:00:00,1.17018,2026-01-21 18:30:00,1.1673436179425374,TP,0.0012119426316731445,0.0024238852633463367,0.0021238852633463368,1.7524635307318235
long,2026-01-21 21:15:00,1.16917,2026-01-21 21:30:00,1.1683238739083994,SL,0.0007236980863353337,-0.0007236980863352794,-0.0010236980863352794,-1.4145375062674095
short,2026-01-22 02:00:00,1.16885,2026-01-22 02:45:00,1.1695290582628872,SL,0.0005809627094043499,-0.0005809627094043527,-0.0008809627094043526,-1.5163842620941834
long,2026-01-22 04:30:00,1.16929,2026-01-22 08:00:00,1.1709377871955133,TP,0.0007046101461200557,0.001409220292240073,0.001109220292240073,1.5742326424732997
short,2026-01-22 20:30:00,1.17512,2026-01-23 01:00:00,1.17507,TECH,0.00048248499565847953,4.2548846075195276e-05,-0.0002574511539248047,-0.5335941143070033
short,2026-01-23 02:30:00,1.17368,2026-01-23 02:30:00,1.1742463715608336,SL,0.0004825604601199327,-0.00048256046011987996,-0.00078256046011988,-1.6216837573583776
long,2026-01-23 08:00:00,1.17424,2026-01-23 08:45:00,1.1734864999375432,SL,0.0006416917005524855,-0.0006416917005525106,-0.0009416917005525107,-1.4675142280034639
short,2026-01-26 00:15:00,1.1859,2026-01-26 05:30:00,1.18625,TECH,0.0011761920822472244,-0.0002951344970065541,-0.0005951344970065541,-0.5059841041180062
short,2026-01-26 08:00:00,1.1842,2026-01-26 08:45:00,1.1854246214422888,SL,0.0010341339657903364,-0.0010341339657902835,-0.0013341339657902834,-1.290097811235387
long,2026-01-26 10:00:00,1.18789,2026-01-26 11:00:00,1.1904755163142846,TP,0.0010882810337171876,0.002176562067434459,0.001876562067434459,1.7243359107571496
short,2026-01-26 14:30:00,1.18728,2026-01-26 16:00:00,1.188476086414208,SL,0.0010074173019070803,-0.0010074173019070552,-0.001307417301907055,-1.2977911928175772
long,2026-01-26 21:00:00,1.18784,2026-01-26 21:30:00,1.189349757035867,TP,0.0006355052178185383,0.0012710104356370281,0.0009710104356370282,1.5279346391051816
short,2026-01-27 00:15:00,1.18739,2026-01-27 03:00:00,1.185792335700574,TP,0.0006727630767590804,0.001345526153518206,0.0010455261535182061,1.5540777870195364
long,2026-01-27 05:45:00,1.18843,2026-01-27 07:15:00,1.1908930515593708,TP,0.001036262783407795,0.0020725255668155927,0.0017725255668155928,1.7104981431317698
short,2026-01-27 20:15:00,1.20087,2026-01-28 02:15:00,1.20211,TECH,0.0015899966483811493,-0.0010325847094189277,-0.0013325847094189276,-0.838105357502291
short,2026-01-28 04:15:00,1.19767,2026-01-28 05:45:00,1.199498582836087,SL,0.0015267835347691754,-0.0015267835347690846,-0.0018267835347690845,-1.1964915085655965
long,2026-01-28 16:30:00,1.19419,2026-01-28 19:30:00,1.198503867919568,TP,0.00180618993609395,0.003612379872187846,0.003312379872187846,1.833904511366711
short,2026-01-28 22:15:00,1.19785,2026-01-28 22:30:00,1.19782,TECH,0.001108059221221884,2.5044872062423917e-05,-0.0002749551279375761,-0.24814118475939972
short,2026-01-29 03:00:00,1.19738,2026-01-29 05:15:00,1.1949149397630372,TP,0.001029355859026766,0.0020587117180535107,0.0017587117180535108,1.708555600699971
long,2026-01-29 09:00:00,1.19563,2026-01-29 10:15:00,1.1940678367758764,SL,0.0013065607454843954,-0.0013065607454844843,-0.0016065607454844842,-1.229610449446701
short,2026-01-29 10:45:00,1.19133,2026-01-29 11:00:00,1.1935825825045687,SL,0.0018908132126016911,-0.0018908132126016495,-0.0021908132126016496,-1.158661891085037
long,2026-01-29 13:30:00,1.19519,2026-01-29 19:45:00,1.1932616704432404,SL,0.001613408375872914,-0.0016134083758729484,-0.0019134083758729483,-1.1859417643333625
short,2026-01-29 20:00:00,1.1932,2026-01-29 21:15:00,1.190526177976441,TP,0.0011204416793325319,0.0022408833586650577,0.0019408833586650577,1.732248446720831
long,2026-01-30 00:45:00,1.19156,2026-01-30 04:45:00,1.1899724223047945,SL,0.0013323522904472678,-0.0013323522904473593,-0.0016323522904473592,-1.225165672886247
short,2026-01-30 05:15:00,1.19156,2026-01-30 06:00:00,1.193207115023156,SL,0.001382318157001024,-0.0013823181570009608,-0.0016823181570009608,-1.2170267376439552
long,2026-01-30 07:15:00,1.19518,2026-01-30 07:30:00,1.1935834695680017,SL,0.0013358075202047732,-0.0013358075202047019,-0.0016358075202047018,-1.2245832542954542
short,2026-01-30 09:30:00,1.19077,2026-01-30 12:00:00,1.1871419510146273,TP,0.0015234045976019205,0.003046809195203804,0.002746809195203804,1.8030726699444883
long,2026-02-01 20:00:00,1.18666,2026-02-02 00:00:00,1.1863,TECH,0.0011872802866591094,-0.0003033724908568065,-0.0006033724908568064,-0.5081971777318375
long,2026-02-02 04:00:00,1.18507,2026-02-02 08:00:00,1.1836197208298576,SL,0.0012237919870914378,-0.001223791987091488,-0.001523791987091488,-1.2451396995277395
short,2026-02-02 08:15:00,1.18377,2026-02-02 09:00:00,1.1809047540244841,TP,0.0012102207251053249,0.0024204414502106415,0.0021204414502106416,1.752111334918761
long,2026-02-02 17:30:00,1.17885,2026-02-02 20:15:00,1.180958573211025,TP,0.0008943348225071689,0.001788669645014284,0.0014886696450142841,1.664555161612698
short,2026-02-03 04:45:00,1.18006,2026-02-03 09:15:00,1.17839,TECH,0.000892222451492373,0.0014151822788672273,0.0011151822788672274,1.2498926439274436
short,2026-02-03 15:30:00,1.1812,2026-02-03 16:00:00,1.1822339974236742,SL,0.0008753787873976528,-0.0008753787873976973,-0.0011753787873976973,-1.3427087842645715
long,2026-02-03 16:15:00,1.1825,2026-02-03 17:00:00,1.181488346450506,SL,0.0008555209720881138,-0.000855520972088096,-0.001155520972088096,-1.3506635252526384
short,2026-02-03 19:00:00,1.18155,2026-02-03 20:15:00,1.1823488663666142,SL,0.0006761172752859269,-0.0006761172752859224,-0.0009761172752859224,-1.443710005595001
long,2026-02-03 21:00:00,1.18259,2026-02-04 03:30:00,1.18299,TECH,0.0007428155625961654,0.0003382406413042187,3.82406413042187e-05,0.05148066792053518
long,2026-02-04 09:00:00,1.18225,2026-02-04 09:00:00,1.181201047120575,SL,0.0008872513253753759,-0.0008872513253754114,-0.0011872513253754114,-1.3381229099580239
short,2026-02-04 10:45:00,1.18031,2026-02-04 15:30:00,1.18023,TECH,0.0011694848841200868,6.777880387362642e-05,-0.00023222119612637356,-0.19856707793285877
short,2026-02-04 19:15:00,1.18011,2026-02-04 21:45:00,1.1786472964722496,TP,0.0006197318587887107,0.0012394637175774741,0.0009394637175774742,1.5159196743793217
long,2026-02-05 02:30:00,1.17998,2026-02-05 04:15:00,1.1792156852295401,SL,0.0006477353603110196,-0.0006477353603111123,-0.0009477353603111122,-1.463152111776086
short,2026-02-05 05:30:00,1.17908,2026-02-05 07:30:00,1.1800600813616824,SL,0.0008312254992727797,-0.000831225499272724,-0.0011312254992727239,-1.360912893387423
long,2026-02-05 08:15:00,1.17934,2026-02-05 08:45:00,1.1814749677659568,TP,0.0009051536308260756,0.0018103072616520981,0.0015103072616520982,1.668564551051668
short,2026-02-05 11:30:00,1.17873,2026-02-05 11:45:00,1.1802716414269638,SL,0.0013078834228057044,-0.0013078834228057146,-0.0016078834228057145,-1.2293782417980668
long,2026-02-05 13:45:00,1.17999,2026-02-05 15:15:00,1.17883,TECH,0.0010365085322210192,-0.0009830591784676563,-0.0012830591784676563,-1.2378664898380827
long,2026-02-05 20:45:00,1.17831,2026-02-06 00:15:00,1.1799308934585397,TP,0.0006878043377972524,0.0013756086755945158,0.001075608675594516,1.5638294446342655
short,2026-02-06 03:30:00,1.17872,2026-02-06 03:45:00,1.1794517687564448,SL,0.0006208164419410162,-0.0006208164419410562,-0.0009208164419410561,-1.4832346241701875
long,2026-02-06 06:15:00,1.17898,2026-02-06 07:30:00,1.17918,TECH,0.0006948987453988763,0.00016963816180086007,-0.0001303618381991399,-0.18759832142783822
long,2026-02-06 08:45:00,1.18031,2026-02-06 09:30:00,1.18188145856745,TP,0.0006656973877413484,0.0013313947754827135,0.0010313947754827136,1.549344784094983
short,2026-02-08 17:30:00,1.18139,2026-02-08 18:00:00,1.1820533652999978,SL,0.0005615125403109002,-0.0005615125403108938,-0.0008615125403108937,-1.5342712378852457
long,2026-02-08 19:30:00,1.18303,2026-02-08 21:00:00,1.182200439249301,SL,0.0007012170026955791,-0.000701217002695582,-0.001001217002695582,-1.4278276180508456
short,2026-02-08 22:45:00,1.18226,2026-02-09 00:00:00,1.1830244450486527,SL,0.0006465963905169313,-0.0006465963905169628,-0.0009465963905169628,-1.4639679472386042
long,2026-02-09 00:45:00,1.18357,2026-02-09 01:00:00,1.1849509364911393,TP,0.0005833776165074079,0.0011667552330147264,0.0008667552330147265,1.4857533242428067
short,2026-02-09 13:00:00,1.19085,2026-02-09 14:15:00,1.1916,TECH,0.0010810954547075507,-0.0006298022420960057,-0.0009298022420960058,-0.8600556389791949
short,2026-02-09 17:45:00,1.19111,2026-02-09 22:15:00,1.1915,TECH,0.0006415452570563238,-0.00032742567856882445,-0.0006274256785688244,-0.9779912978356572
short,2026-02-10 01:00:00,1.19072,2026-02-10 03:30:00,1.191389099739019,SL,0.0005619286977787164,-0.0005619286977787175,-0.0008619286977787175,-1.5338755631913625
long,2026-02-10 04:15:00,1.19148,2026-02-10 06:15:00,1.1905164047164338,SL,0.0008087381102210772,-0.0008087381102211244,-0.0011087381102211243,-1.3709482664518418
short,2026-02-10 07:00:00,1.19039,2026-02-10 08:30:00,1.1912699695241769,SL,0.0007392279204099919,-0.0007392279204099442,-0.0010392279204099442,-1.4058288272358082
long,2026-02-10 10:15:00,1.19044,2026-02-10 12:15:00,1.19009,TECH,0.0010320237734987123,-0.0002940089378715857,-0.0005940089378715857,-0.5755767968966529
long,2026-02-10 16:30:00,1.1896,2026-02-10 17:30:00,1.18923,TECH,0.0007271293186934106,-0.0003110289172831048,-0.0006110289172831047,-0.8403304633363864
long,2026-02-10 20:45:00,1.18953,2026-02-10 21:30:00,1.1909376026283762,TP,0.0005916633579549246,0.0011833267159098533,0.0008833267159098534,1.4929549109869822
short,2026-02-11 07:15:00,1.19067,2026-02-11 08:30:00,1.1889747385632112,TP,0.0007118939071232,0.0014237878142463187,0.0011237878142463188,1.5785888922516604
long,2026-02-11 13:00:00,1.18856,2026-02-11 15:45:00,1.1870042783036137,SL,0.0013089130514120446,-0.0013089130514121314,-0.0016089130514121313,-1.2291978062839615
short,2026-02-11 16:00:00,1.18706,2026-02-11 20:00:00,1.18766,TECH,0.0009244433410273505,-0.000505450440584245,-0.000805450440584245,-0.8712815646323261
short,2026-02-11 23:15:00,1.18679,2026-02-12 03:00:00,1.1876265472674705,SL,0.0007048823022359204,-0.0007048823022358724,-0.0010048823022358723,-1.4256029681101903
long,2026-02-12 03:15:00,1.18783,2026-02-12 07:45:00,1.18722,TECH,0.0007808639293097261,-0.0005135415000463025,-0.0008135415000463024,-1.0418479705746722
long,2026-02-12 10:15:00,1.18852,2026-02-12 11:00:00,1.1874558924954555,SL,0.0008953214960997966,-0.0008953214960998162,-0.0011953214960998162,-1.3350751671962318
short,2026-02-12 12:00:00,1.18704,2026-02-12 16:15:00,1.18706,TECH,0.001121097978668001,-1.6848631891013762e-05,-0.00031684863189101374,-0.2826234976067551
short,2026-02-12 20:30:00,1.18651,2026-02-12 23:30:00,1.18664,TECH,0.0006209921471435386,-0.0001095650268434008,-0.0004095650268434008,-0.6595333430983505
short,2026-02-12 23:45:00,1.18639,2026-02-13 02:00:00,1.185188548148155,TP,0.000506347765846371,0.001012695531692832,0.0007126955316928321,1.4075218254425323
long,2026-02-13 04:45:00,1.18646,2026-02-13 05:00:00,1.1857521144531327,SL,0.0005966366728481757,-0.0005966366728481397,-0.0008966366728481398,-1.5028185722608172
short,2026-02-13 07:00:00,1.18587,2026-02-13 08:00:00,1.1865755273293148,SL,0.0005949449174991717,-0.000594944917499251,-0.000894944917499251,-1.5042483617829998
long,2026-02-13 08:45:00,1.18645,2026-02-13 10:45:00,1.185458683432936,SL,0.0008355316844907308,-0.0008355316844907769,-0.001135531684490777,-1.359052811004888
short,2026-02-13 12:00:00,1.18687,2026-02-13 12:00:00,1.1881960849905961,SL,0.0011172959048556647,-0.0011172959048556747,-0.0014172959048556746,-1.2685054144530894
long,2026-02-13 12:15:00,1.18822,2026-02-13 14:30:00,1.1868354210801608,SL,0.0011652546833407845,-0.0011652546833408207,-0.0014652546833408206,-1.2574544469024886
short,2026-02-13 16:00:00,1.18741,2026-02-15 23:00:00,1.18671,TECH,0.000792785730407927,0.000589518363497145,0.000289518363497145,0.3651911889839057
short,2026-02-16 01:00:00,1.18645,2026-02-16 01:30:00,1.1869832931943431,SL,0.00044948644641007863,-0.0004494864464099987,-0.0007494864464099986,-1.6674283560626473
long,2026-02-16 02:30:00,1.1866,2026-02-16 02:30:00,1.1860715099635497,SL,0.00044538179373875675,-0.00044538179373874163,-0.0007453817937387417,-1.6735793968622636
short,2026-02-16 03:45:00,1.18628,2026-02-16 06:00:00,1.1867,TECH,0.000596930389532823,-0.00035404794820791634,-0.0006540479482079163,-1.0956854596057597
short,2026-02-16 06:30:00,1.1864,2026-02-16 07:45:00,1.1851357271602005,TP,0.0005328189648514215,0.0010656379297027578,0.0007656379297027579,1.4369569782792149
long,2026-02-16 15:45:00,1.1854,2026-02-16 17:00:00,1.1849659453266665,SL,0.00036616726280878475,-0.00036616726280872414,-0.0006661672628087241,-1.8192977102832961
short,2026-02-16 18:00:00,1.18497,2026-02-16 19:30:00,1.1842627083784327,TP,0.0002984428388766983,0.0005968856777533203,0.0002968856777533203,0.9947823806755124
long,2026-02-17 02:15:00,1.18394,2026-02-17 02:30:00,1.1834391782809601,SL,0.00042301275321379907,-0.0004230127532137337,-0.0007230127532137337,-1.7091984762178285
short,2026-02-17 02:45:00,1.1832,2026-02-17 03:15:00,1.1837252748495803,SL,0.0004439442609705528,-0.0004439442609705164,-0.0007439442609705163,-1.6757605095380719
long,2026-02-17 05:15:00,1.18413,2026-02-17 06:45:00,1.183490146249949,SL,0.0005403576888103817,-0.0005403576888102944,-0.0008403576888102943,-1.5551878065441693
short,2026-02-17 07:30:00,1.18301,2026-02-17 10:00:00,1.1814041428637994,TP,0.0006787166364614237,0.0013574332729229164,0.0010574332729229165,1.5579893229610233
long,2026-02-17 12:30:00,1.18395,2026-02-17 20:15:00,1.18444,TECH,0.0009290150008080222,0.00041386882892003837,0.00011386882892003839,0.12256941903090862
long,2026-02-18 07:15:00,1.18369,2026-02-18 08:45:00,1.1830092747373233,SL,0.0005750874491433682,-0.0005750874491434378,-0.0008750874491434378,-1.521659793561727
short,2026-02-18 09:30:00,1.18177,2026-02-18 13:15:00,1.1798849460694407,TP,0.0007975553324924597,0.0015951106649849515,0.0012951106649849516,1.6238505495757511
long,2026-02-18 19:00:00,1.17884,2026-02-18 23:45:00,1.17855,TECH,0.00048801793463822753,-0.00024600454684276364,-0.0005460045468427637,-1.118820658194708
long,2026-02-19 01:45:00,1.17979,2026-02-19 05:15:00,1.179231254745186,SL,0.0004735972120579766,-0.0004735972120580098,-0.0007735972120580098,-1.6334496748754255
short,2026-02-19 06:15:00,1.17887,2026-02-19 07:15:00,1.177330502866294,TP,0.0006529545809572584,0.0013059091619145096,0.0010059091619145097,1.5405499727711618
long,2026-02-19 12:15:00,1.17601,2026-02-19 20:15:00,1.17663,TECH,0.0011438906822640242,0.0005272064013061666,0.0002272064013061666,0.19862597434264662
long,2026-02-20 02:45:00,1.17573,2026-02-20 02:45:00,1.1750574487669228,SL,0.0005720286401446258,-0.0005720286401445824,-0.0008720286401445825,-1.5244492652048116
short,2026-02-20 03:15:00,1.17474,2026-02-20 03:15:00,1.1755149803999492,SL,0.000659703764193985,-0.0006597037641940146,-0.0009597037641940146,-1.4547495653091576
long,2026-02-20 03:45:00,1.17573,2026-02-20 08:15:00,1.177461343750933,TP,0.0007362845852929275,0.0014725691705859158,0.0011725691705859159,1.592548851364876
short,2026-02-20 15:15:00,1.17796,2026-02-20 15:30:00,1.17826,TECH,0.0012273674686207642,-0.00025467757818617697,-0.0005546775781861769,-0.45192462108311177
short,2026-02-22 23:15:00,1.182,2026-02-23 01:15:00,1.1830547536720273,SL,0.0008923465922396305,-0.0008923465922397141,-0.001192346592239714,-1.336192240334708
long,2026-02-23 02:30:00,1.18225,2026-02-23 03:30:00,1.1813849375891288,SL,0.000731708531081542,-0.0007317085310816269,-0.001031708531081627,-1.4099993197518874
short,2026-02-23 04:00:00,1.18101,2026-02-23 06:00:00,1.1791679434057145,TP,0.0007798649436860949,0.0015597298873721473,0.0012597298873721473,1.615318008036022
long,2026-02-23 10:00:00,1.18053,2026-02-23 10:45:00,1.1795055145213666,SL,0.0008678182499668876,-0.0008678182499669047,-0.0011678182499669048,-1.3456945045940945
short,2026-02-23 13:30:00,1.17962,2026-02-23 19:30:00,1.17908,TECH,0.0008915556718778587,0.0004577745375629313,0.0001577745375629313,0.17696543529425954
short,2026-02-23 20:45:00,1.17798,2026-02-24 02:30:00,1.17757,TECH,0.0007094992082822895,0.0003480534474269694,4.805344742696944e-05,0.06772868364900324
short,2026-02-24 07:15:00,1.17757,2026-02-24 07:45:00,1.1783435114315846,SL,0.000656870871017948,-0.0006568708710179016,-0.0009568708710179015,-1.4567107680312352
long,2026-02-24 11:45:00,1.17877,2026-02-24 13:45:00,1.1777666655686299,SL,0.0008511706536222679,-0.0008511706536221991,-0.001151170653622199,-1.3524557604556056
short,2026-02-24 15:15:00,1.17778,2026-02-24 20:15:00,1.17776,TECH,0.0006791217858775489,1.6981100035771556e-05,-0.0002830188999642284,-0.41674248396922875
short,2026-02-25 04:15:00,1.17886,2026-02-25 06:15:00,1.1773897320092506,TP,0.0006235973698104734,0.0012471947396208642,0.0009471947396208643,1.518920357070685
long,2026-02-25 09:15:00,1.17762,2026-02-25 10:00:00,1.1792626910643875,TP,0.0006974622817154948,0.0013949245634310185,0.0010949245634310186,1.5698692131966134
short,2026-02-25 16:00:00,1.18058,2026-02-25 17:45:00,1.18091,TECH,0.0006237442132132742,-0.0002795236239813833,-0.0005795236239813832,-0.9291046100386494
short,2026-02-25 23:30:00,1.18133,2026-02-26 00:15:00,1.181961922164871,SL,0.0005349243351738602,-0.0005349243351738779,-0.0008349243351738779,-1.5608269810767017
long,2026-02-26 02:00:00,1.18185,2026-02-26 02:00:00,1.18120654648715,SL,0.0005444460065575996,-0.0005444460065576103,-0.0008444460065576104,-1.5510188271869936
short,2026-02-26 02:45:00,1.18135,2026-02-26 04:15:00,1.179940639673665,TP,0.0005965041377809166,0.0011930082755618448,0.0008930082755618449,1.4970697083241826
long,2026-02-26 08:00:00,1.1809,2026-02-26 10:15:00,1.1801990450522415,SL,0.0005935768886091841,-0.0005935768886091707,-0.0008935768886091707,-1.5054105133758149
short,2026-02-26 10:45:00,1.17927,2026-02-26 15:30:00,1.17993,TECH,0.0009759835216346122,-0.0005596682693529751,-0.0008596682693529751,-0.8808225244553022
short,2026-02-26 21:00:00,1.17902,2026-02-26 21:15:00,1.179777162947187,SL,0.000642196864503512,-0.0006421968645035482,-0.0009421968645035481,-1.4671464726505146
long,2026-02-26 23:15:00,1.18052,2026-02-27 02:00:00,1.1798793154383032,SL,0.0005427138563488682,-0.0005427138563487769,-0.000842713856348777,-1.5527774839179014
short,2026-02-27 03:30:00,1.18147,2026-02-27 03:45:00,1.18126,TECH,0.0006758651017389311,0.00017774467400784064,-0.00012225532599215933,-0.18088717064634496
short,2026-02-27 05:15:00,1.17966,2026-02-27 07:00:00,1.180512542704805,SL,0.0007227020538164264,-0.0007227020538164983,-0.0010227020538164982,-1.4151088244676204
long,2026-02-27 09:45:00,1.18132,2026-02-27 09:45:00,1.1802909548718046,SL,0.0008710976942702941,-0.000871097694270265,-0.001171097694270265,-1.3443930594389606
short,2026-02-27 10:00:00,1.17968,2026-02-27 10:30:00,1.1808273276190386,SL,0.0009725752907895074,-0.000972575290789514,-0.001272575290789514,-1.3084594096118518
long,2026-02-27 10:45:00,1.18128,2026-02-27 10:45:00,1.1800513379085176,SL,0.0010401108047900804,-0.0010401108047901726,-0.0013401108047901725,-1.2884308081585973
short,2026-03-01 17:00:00,1.17751,2026-03-01 17:15:00,1.17574789357068,TP,0.0007482341675739484,0.001496468335147952,0.0011964683351479522,1.5990560001120298
long,2026-03-01 21:30:00,1.17833,2026-03-02 00:45:00,1.17733,TECH,0.0012377478376627575,-0.0008486586949327539,-0.0011486586949327538,-0.9280231885533075
long,2026-03-02 05:45:00,1.17455,2026-03-02 06:15:00,1.1729731592563384,SL,0.0013425062736039748,-0.001342506273604019,-0.001642506273604019,-1.22346264289305
short,2026-03-02 08:00:00,1.17041,2026-03-02 09:30:00,1.1718947882219297,SL,0.0012686052083712923,-0.0012686052083712264,-0.0015686052083712263,-1.2364801894397794
long,2026-03-02 14:15:00,1.17021,2026-03-02 15:00:00,1.1686452811982224,SL,0.0013371265001816054,-0.0013371265001816373,-0.0016371265001816372,-1.22436171892434
short,2026-03-02 16:45:00,1.16923,2026-03-02 19:45:00,1.16903,TECH,0.0012426485881917048,0.0001710527441136286,-0.00012894725588637136,-0.10376807820947567
short,2026-03-02 23:00:00,1.16902,2026-03-03 00:30:00,1.1670260350587518,TP,0.0008528361111221938,0.0017056722222444011,0.0014056722222444012,1.6482325313298059
long,2026-03-03 12:45:00,1.1594,2026-03-03 18:15:00,1.1619,TECH,0.001902325693258176,0.002156287735035317,0.0018562877350353172,0.9757991187387013
long,2026-03-03 23:30:00,1.1604,2026-03-03 23:45:00,1.159283419002983,SL,0.0009622380188012866,-0.0009622380188013254,-0.0012622380188013255,-1.3117731726852422
short,2026-03-04 01:15:00,1.15948,2026-03-04 01:15:00,1.1606142975315876,SL,0.0009782812395104784,-0.000978281239510434,-0.0012782812395104339,-1.3066602811989652
long,2026-03-04 02:15:00,1.16163,2026-03-04 03:00:00,1.160409087963357,SL,0.0010510334931457686,-0.0010510334931457296,-0.0013510334931457295,-1.2854333396189437
short,2026-03-04 10:00:00,1.16245,2026-03-04 11:00:00,1.1642653617588443,SL,0.0015616686815298428,-0.0015616686815298172,-0.001861668681529817,-1.1921022067920888
long,2026-03-04 12:15:00,1.16343,2026-03-04 13:15:00,1.16282,TECH,0.0014490541139667052,-0.0005243117334089713,-0.0008243117334089712,-0.568861939291186
long,2026-03-04 15:45:00,1.16431,2026-03-04 17:00:00,1.1632021979707199,SL,0.0009514665589748979,-0.0009514665589749031,-0.0012514665589749032,-1.3153027262705088
short,2026-03-04 18:45:00,1.16349,2026-03-04 19:15:00,1.1642601979237377,SL,0.0006619721043909201,-0.000661972104390911,-0.000961972104390911,-1.4531913021863974
long,2026-03-04 20:00:00,1.16449,2026-03-04 20:00:00,1.163728878419895,SL,0.0006536093741509144,-0.0006536093741510071,-0.0009536093741510071,-1.4589897450443
short,2026-03-04 22:00:00,1.16256,2026-03-04 23:15:00,1.1607050701582684,TP,0.0007977781111218615,0.0015955562222436984,0.0012955562222436985,1.6239555888815316
long,2026-03-05 04:15:00,1.16409,2026-03-05 04:30:00,1.162258570403854,SL,0.0015732714791348462,-0.0015732714791348848,-0.0018732714791348847,-1.1906854627308257
short,2026-03-05 07:45:00,1.16194,2026-03-05 08:00:00,1.16202,TECH,0.0013791103445860687,-6.885037093144225e-05,-0.00036885037093144224,-0.26745529999062573
short,2026-03-05 08:45:00,1.15981,2026-03-05 11:15:00,1.1564640314944363,TP,0.0014424640697889017,0.0028849281395777575,0.0025849281395777576,1.7920225492729607
long,2026-03-05 14:30:00,1.1578,2026-03-05 20:00:00,1.1614406964034558,TP,0.001572247539927365,0.0031444950798547927,0.0028444950798547928,1.8091903517853196
short,2026-03-06 01:00:00,1.16064,2026-03-06 02:15:00,1.1614498905001125,SL,0.0006977964744559863,-0.0006977964744559879,-0.000997796474455988,-1.4299247860687267
long,2026-03-06 10:30:00,1.15756,2026-03-06 13:15:00,1.1618182407674649,TP,0.001839317515923555,0.003678635031847118,0.003378635031847118,1.8368960239856376
short,2026-03-08 16:30:00,1.15536,2026-03-08 20:00:00,1.1511548615469247,TP,0.0018198390341863816,0.0036396780683728373,0.0033396780683728373,1.835150255399346
long,2026-03-08 23:30:00,1.15223,2026-03-09 00:15:00,1.1551943616052,TP,0.0012863584549959461,0.0025727169099919044,0.0022727169099919045,1.7667835129198624
short,2026-03-09 04:30:00,1.15495,2026-03-09 04:30:00,1.1570703432726002,SL,0.0018358745162996902,-0.0018358745162996189,-0.002135874516299619,-1.1634098612603414
long,2026-03-09 06:00:00,1.156,2026-03-09 14:15:00,1.1582,TECH,0.001873894135466091,0.0019031141868511936,0.0016031141868511937,0.8554988014050503
long,2026-03-09 14:30:00,1.16176,2026-03-09 19:30:00,1.16277,TECH,0.0014376769437542563,0.0008693706101089532,0.0005693706101089532,0.39603515419961854
long,2026-03-10 01:30:00,1.16283,2026-03-10 02:30:00,1.1647273210351343,TP,0.0008158204703758926,0.0016316409407516935,0.0013316409407516936,1.6322720366873542
short,2026-03-10 06:45:00,1.16431,2026-03-10 10:00:00,1.16483,TECH,0.0012520385312049073,-0.00044661645094526024,-0.0007466164509452602,-0.5963206661273827
short,2026-03-10 14:00:00,1.16243,2026-03-10 19:45:00,1.16227,TECH,0.001518169922092092,0.000137642696764674,-0.00016235730323532597,-0.1069427742393894
short,2026-03-11 03:00:00,1.16168,2026-03-11 04:00:00,1.1594103418274961,TP,0.000976886135813628,0.001953772271627219,0.001653772271627219,1.692901773296052
long,2026-03-11 15:30:00,1.157,2026-03-11 15:45:00,1.15659,TECH,0.0008601349506552555,-0.00035436473638722683,-0.0006543647363872267,-0.7607698488344511
long,2026-03-12 02:00:00,1.15477,2026-03-12 07:15:00,1.1538410031660085,SL,0.0008044864639638824,-0.0008044864639639176,-0.0011044864639639176,-1.3729086982046523
short,2026-03-12 08:00:00,1.15394,2026-03-12 09:30:00,1.1517297911179132,TP,0.0009576792909885842,0.001915358581977212,0.001615358581977212,1.6867427302408564
long,2026-03-12 18:15:00,1.15194,2026-03-12 21:30:00,1.1512207653790456,SL,0.0006243681276407129,-0.000624368127640638,-0.0009243681276406379,-1.4804857690823023
short,2026-03-12 22:00:00,1.15136,2026-03-13 01:15:00,1.1498767898717759,TP,0.0006441122360617245,0.0012882244721234498,0.00098822447212345,1.534242662685187
long,2026-03-13 07:00:00,1.14683,2026-03-13 10:00:00,1.1453829912584113,SL,0.0012617465026105036,-0.0012617465026104674,-0.0015617465026104673,-1.237765667968388
short,2026-03-13 10:45:00,1.14369,2026-03-15 18:30:00,1.14284,TECH,0.0014829159566026125,0.0007432083868880705,0.0004432083868880705,0.2988762680141827
short,2026-03-16 00:15:00,1.14416,2026-03-16 01:15:00,1.1426213669311087,TP,0.0006723854482289691,0.0013447708964579679,0.001044770896457968,1.5538273459216647
long,2026-03-16 04:45:00,1.14476,2026-03-16 05:15:00,1.1468526027640975,TP,0.0009139919127579641,0.0018279838255158343,0.0015279838255158344,1.6717695246396154
short,2026-03-16 17:00:00,1.15057,2026-03-16 22:45:00,1.14978,TECH,0.0008765256120899563,0.0006866161989275475,0.00038661619892754756,0.44107803992825007
short,2026-03-17 01:00:00,1.14794,2026-03-17 02:00:00,1.1487222533545907,SL,0.0006814409765238113,-0.0006814409765237736,-0.0009814409765237736,-1.4402435578945252
long,2026-03-17 03:45:00,1.15103,2026-03-17 08:00:00,1.153551520540701,TP,0.0010953322418620177,0.002190664483724128,0.0018906644837241283,1.7261105000525503
short,2026-03-17 12:15:00,1.15282,2026-03-17 13:00:00,1.15396,TECH,0.001162373641441162,-0.000988879443451832,-0.0012888794434518318,-1.1088340250505184
short,2026-03-17 17:00:00,1.1535,2026-03-17 17:00:00,1.1542767422626319,SL,0.0006733786412067452,-0.0006733786412066868,-0.0009733786412066867,-1.445514576260273
long,2026-03-17 18:30:00,1.15389,2026-03-17 19:45:00,1.1532137192426,SL,0.0005860877184135597,-0.0005860877184134676,-0.0008860877184134676,-1.5118687707907568
short,2026-03-17 20:15:00,1.15349,2026-03-17 23:45:00,1.1542296359226185,SL,0.0006412157215221966,-0.0006412157215221709,-0.0009412157215221708,-1.467861267168867
long,2026-03-18 00:00:00,1.15414,2026-03-18 02:15:00,1.153613613274926,SL,0.00045608567857807194,-0.0004560856785779807,-0.0007560856785779807,-1.6577711471564114
short,2026-03-18 03:15:00,1.15282,2026-03-18 04:15:00,1.1535480989943463,SL,0.0006315808143043645,-0.0006315808143043474,-0.0009315808143043475,-1.474998595912716
long,2026-03-18 06:00:00,1.15397,2026-03-18 06:30:00,1.1530593320289018,SL,0.0007891608716849145,-0.0007891608716848602,-0.0010891608716848602,-1.3801506267783201
short,2026-03-18 08:15:00,1.14951,2026-03-18 08:30:00,1.1510599438581437,SL,0.0013483517830584863,-0.0013483517830585774,-0.0016483517830585773,-1.2224938653024187
long,2026-03-18 12:00:00,1.15107,2026-03-18 13:15:00,1.15132,TECH,0.001315289629918524,0.00021718922393934464,-8.281077606065533e-05,-0.06296010717106093
long,2026-03-18 19:45:00,1.14668,2026-03-18 21:15:00,1.1489636487951211,TP,0.0009957655122271518,0.0019915310244542662,0.0016915310244542663,1.6987242515267973
short,2026-03-19 00:00:00,1.14687,2026-03-19 02:45:00,1.145108538448894,TP,0.0007679429887895336,0.0015358859775790846,0.0012358859775790847,1.609346000446132
long,2026-03-19 05:45:00,1.14728,2026-03-19 08:45:00,1.1504839759329193,TP,0.0013963356516801092,0.0027926713033603057,0.0024926713033603057,1.7851519442055752
short,2026-03-19 18:30:00,1.15766,2026-03-20 02:15:00,1.15721,TECH,0.0011694938073921817,0.00038871516680185844,8.871516680185847e-05,0.07585774823355558
short,2026-03-20 05:30:00,1.15444,2026-03-20 05:30:00,1.155532444219189,SL,0.0009462979619461884,-0.0009462979619461225,-0.0012462979619461225,-1.3170248822928288
long,2026-03-20 07:30:00,1.15762,2026-03-20 07:45:00,1.1563131428842217,SL,0.0011289171885233234,-0.0011289171885233336,-0.0014289171885233335,-1.2657413697389304
short,2026-03-20 09:15:00,1.15368,2026-03-20 10:15:00,1.1551298028437702,SL,0.0012566767593875823,-0.0012566767593874947,-0.0015566767593874946,-1.2387248731695426
long,2026-03-20 12:15:00,1.15621,2026-03-20 15:45:00,1.15624,TECH,0.0014820169274834954,2.5946843566458076e-05,-0.0002740531564335419,-0.18491904603201229
long,2026-03-22 19:00:00,1.1562,2026-03-22 19:30:00,1.154846809457543,SL,0.0011703775665602091,-0.0011703775665601638,-0.0014703775665601637,-1.256327537857435
short,2026-03-22 21:30:00,1.15508,2026-03-23 01:15:00,1.152403855684773,TP,0.001158423795419762,0.0023168475908395977,0.0020168475908395977,1.7410274191655228
long,2026-03-23 07:15:00,1.15555,2026-03-23 09:15:00,1.1628151186850288,TP,0.0031435760828301784,0.006287152165660309,0.005987152165660309,1.9045672851251763
short,2026-03-23 12:15:00,1.15953,2026-03-23 13:30:00,1.1623864551091088,SL,0.002463459426758108,-0.0024634594267580944,-0.0027634594267580944,-1.1217799638757533
long,2026-03-23 14:00:00,1.1635,2026-03-23 15:45:00,1.160952626546608,SL,0.002189405632481458,-0.0021894056324813626,-0.0024894056324813625,-1.1370234896399196
short,2026-03-23 17:30:00,1.16148,2026-03-23 19:30:00,1.1587870746042792,TP,0.0011592646432658509,0.002318529286531716,0.002018529286531716,1.7412152593950996
long,2026-03-24 02:15:00,1.16148,2026-03-24 02:30:00,1.1602233397511599,SL,0.001081947385095002,-0.0010819473850950435,-0.0013819473850950434,-1.277277808637339
short,2026-03-24 05:15:00,1.15926,2026-03-24 09:45:00,1.1606778727335605,SL,0.0012230843241038568,-0.0012230843241037665,-0.0015230843241037665,-1.2452815346314876
long,2026-03-24 11:00:00,1.15776,2026-03-24 12:00:00,1.1559790514541362,SL,0.0015382709247718114,-0.0015382709247717555,-0.0018382709247717554,-1.1950241632789402
short,2026-03-24 12:30:00,1.15707,2026-03-24 13:30:00,1.1588684625400174,SL,0.0015543247513265187,-0.0015543247513265098,-0.0018543247513265098,-1.193009858296318
long,2026-03-24 15:00:00,1.15854,2026-03-24 15:15:00,1.1616411607307522,TP,0.0013383917390647987,0.0026767834781296147,0.002376783478129615,1.775850379792685
short,2026-03-24 22:00:00,1.16039,2026-03-25 03:30:00,1.16135,TECH,0.0010568503783845505,-0.0008273080602211945,-0.0011273080602211944,-1.0666676033596563
short,2026-03-25 06:30:00,1.16057,2026-03-25 07:00:00,1.16053,TECH,0.0010395870764077653,3.446582282847222e-05,-0.00026553417717152777,-0.2554227377364734
short,2026-03-25 08:00:00,1.15914,2026-03-25 10:45:00,1.156464504099837,TP,0.0011540866073826675,0.0023081732147653762,0.0020081732147653763,1.7400541709080886
long,2026-03-25 14:00:00,1.15663,2026-03-25 14:15:00,1.15605,TECH,0.001185486440372789,-0.0005014568185158823,-0.0008014568185158823,-0.6760573476182955
long,2026-03-25 19:30:00,1.15604,2026-03-25 19:45:00,1.1553919064386065,SL,0.0005606151702306999,-0.0005606151702307044,-0.0008606151702307044,-1.5351264395441726
short,2026-03-26 01:45:00,1.15547,2026-03-26 01:45:00,1.1561911170228518,SL,0.0006240897841154686,-0.0006240897841154031,-0.0009240897841154031,-1.4807000653361582
long,2026-03-26 05:30:00,1.15613,2026-03-26 06:00:00,1.1551672252170186,SL,0.0008327565092001455,-0.0008327565092000527,-0.0011327565092000527,-1.360249360630101
short,2026-03-26 06:30:00,1.15437,2026-03-26 06:45:00,1.1523717182644346,TP,0.0008655291351842184,0.0017310582703684834,0.0014310582703684835,1.6533912172279428
long,2026-03-26 10:15:00,1.15471,2026-03-26 10:30:00,1.1533792604101742,SL,0.001152444847473032,-0.0011524448474730955,-0.0014524448474730954,-1.2603161449833145
short,2026-03-26 12:15:00,1.15336,2026-03-26 15:00:00,1.1545979918971607,SL,0.0010733785610398008,-0.0010733785610397308,-0.0013733785610397307,-1.2794913284920788
long,2026-03-26 16:45:00,1.15332,2026-03-26 20:15:00,1.15334,TECH,0.001140432420840153,1.7341240939315217e-05,-0.0002826587590606848,-0.2478522654174028
long,2026-03-26 21:45:00,1.15404,2026-03-27 02:00:00,1.1532307646192488,SL,0.0007012195251041241,-0.0007012195251041316,-0.0010012195251041316,-1.4278260790805284
short,2026-03-27 02:30:00,1.1523,2026-03-27 06:45:00,1.1508089238476418,TP,0.0006469999793275603,0.0012939999586551489,0.000993999958655149,1.5363214689562006
long,2026-03-27 09:15:00,1.15304,2026-03-27 10:45:00,1.1519196594751213,SL,0.0009716406411562615,-0.0009716406411562036,-0.0012716406411562035,-1.308756125765735
short,2026-03-27 12:30:00,1.15092,2026-03-29 22:15:00,1.15083,TECH,0.0011694958176592719,7.819831091641772e-05,-0.00022180168908358225,-0.18965582068306577
short,2026-03-30 03:15:00,1.15055,2026-03-30 05:00:00,1.1488340566289486,TP,0.0007457056933864113,0.001491411386772769,0.001191411386772769,1.597696513972304
long,2026-03-30 14:45:00,1.14641,2026-03-30 17:15:00,1.14572,TECH,0.0009703614491067668,-0.0006018789089417027,-0.0009018789089417028,-0.9294257410698834
long,2026-03-30 17:45:00,1.14652,2026-03-30 19:00:00,1.1455656028176504,SL,0.0008324295976952069,-0.0008324295976952653,-0.0011324295976952654,-1.360390837652439
short,2026-03-30 19:15:00,1.14524,2026-03-30 19:45:00,1.14568,TECH,0.000718315151813384,-0.000384198945199256,-0.0006841989451992559,-0.9525052387827239
short,2026-03-30 20:00:00,1.14565,2026-03-30 20:30:00,1.1463969049592146,SL,0.0006519486398241529,-0.0006519486398241952,-0.0009519486398241951,-1.460158947614278
long,2026-03-30 21:30:00,1.14893,2026-03-30 21:45:00,1.147921347148844,SL,0.000877906270317552,-0.0008779062703175323,-0.0011779062703175323,-1.3417221292786368
short,2026-03-31 01:15:00,1.14628,2026-03-31 01:45:00,1.1470210276699997,SL,0.0006464630544017802,-0.0006464630544018282,-0.0009464630544018281,-1.4640636428599312
long,2026-03-31 04:30:00,1.14678,2026-03-31 06:45:00,1.145925936516541,SL,0.0007447491964097972,-0.0007447491964098123,-0.0010447491964098122,-1.4028201728128356
short,2026-03-31 07:00:00,1.14586,2026-03-31 07:00:00,1.1466998790538618,SL,0.0007329682979262632,-0.000732968297926218,-0.001032968297926218,-1.409294645960438
long,2026-03-31 08:00:00,1.14911,2026-03-31 09:15:00,1.1515360584473837,TP,0.0010556249825446238,0.0021112499650891895,0.0018112499650891896,1.7158081658157647
short,2026-03-31 23:15:00,1.15671,2026-04-01 02:00:00,1.15679,TECH,0.0008271130918263215,-6.916167405838975e-05,-0.00036916167405838974,-0.44632551183932523
short,2026-04-01 13:30:00,1.16075,2026-04-01 14:30:00,1.1577755705604846,TP,0.0012812532584601565,0.002562506516920365,0.002262506516920365,1.7658542540133746
long,2026-04-01 18:30:00,1.15931,2026-04-01 21:00:00,1.1583728173991008,SL,0.0008083968920298993,-0.0008083968920299623,-0.0011083968920299623,-1.3711048408990756
short,2026-04-01 21:30:00,1.15631,2026-04-02 00:15:00,1.1536075090091544,TP,0.0011685841127575735,0.0023371682255152325,0.0020371682255152326,1.7432790701800767
long,2026-04-02 09:30:00,1.15273,2026-04-02 10:30:00,1.1550383853539599,TP,0.0010012688808133357,0.0020025377616265994,0.0017025377616265995,1.7003801818384883
short,2026-04-02 14:45:00,1.1537,2026-04-02 18:45:00,1.15397,TECH,0.0010359347417605235,-0.0002340296437548691,-0.0005340296437548691,-0.5155051010716275
short,2026-04-02 22:15:00,1.15367,2026-04-03 02:45:00,1.15389,TECH,0.000456561637788985,-0.00019069577955577332,-0.0004906957795557733,-1.0747634907130865
short,2026-04-03 08:45:00,1.15318,2026-04-03 14:30:00,1.1517453589049993,TP,0.0006220369304882291,0.0012440738609764297,0.0009440738609764298,1.5177135226286933
long,2026-04-05 19:15:00,1.15125,2026-04-05 19:30:00,1.15093,TECH,0.0006551878768624502,-0.0002779587404995422,-0.0005779587404995422,-0.8821267317509883
long,2026-04-05 22:45:00,1.15208,2026-04-06 03:30:00,1.1538110646739004,TP,0.0007512779815205767,0.0015025559630410946,0.0012025559630410947,1.6006804307070697
short,2026-04-06 07:45:00,1.15438,2026-04-06 08:45:00,1.15537320359993,SL,0.0008603783848732193,-0.000860378384873307,-0.001160378384873307,-1.3486837945659154
long,2026-04-06 10:00:00,1.15601,2026-04-06 10:45:00,1.1551456803650497,SL,0.0007476748773369755,-0.0007476748773369273,-0.0010476748773369272,-1.4012439217811814
short,2026-04-06 12:15:00,1.15468,2026-04-06 15:45:00,1.15438,TECH,0.0009491312212005578,0.00025981224235283105,-4.018775764716892e-05,-0.04234162437132281
short,2026-04-06 16:45:00,1.15432,2026-04-06 22:00:00,1.1527064238536702,TP,0.0006989293031090765,0.0013978586062182432,0.0010978586062182433,1.570772038508892
long,2026-04-07 01:15:00,1.15372,2026-04-07 01:30:00,1.153219269176234,SL,0.0004340141661462119,-0.0004340141661461322,-0.0007340141661461322,-1.6912216775404871
short,2026-04-07 08:00:00,1.156,2026-04-07 10:00:00,1.15635,TECH,0.00104028790242396,-0.0003027681660900281,-0.0006027681660900281,-0.5794243734696198
short,2026-04-08 00:00:00,1.16707,2026-04-08 01:15:00,1.1685420522984318,SL,0.0012613230555422223,-0.001261323055542277,-0.0015613230555422768,-1.237845489846445
long,2026-04-08 01:30:00,1.16854,2026-04-08 04:30:00,1.1671922890643538,SL,0.0011533288853150584,-0.0011533288853151095,-0.0014533288853151095,-1.2601166101186299
short,2026-04-08 05:15:00,1.16843,2026-04-08 07:15:00,1.1700905911709225,SL,0.0014212157946324627,-0.0014212157946324828,-0.0017212157946324828,-1.2110868744444276
long,2026-04-08 07:45:00,1.16996,2026-04-08 11:15:00,1.16866,TECH,0.0013212575929364826,-0.001111149099114567,-0.0014111490991145668,-1.0680348076398192
long,2026-04-08 18:45:00,1.16627,2026-04-08 20:15:00,1.16552,TECH,0.0008987720185816581,-0.0006430757886252998,-0.0009430757886252999,-1.0492936686141576
long,2026-04-08 23:15:00,1.16643,2026-04-09 02:15:00,1.1657023483603755,SL,0.0006238279533488585,-0.000623827953348788,-0.000923827953348788,-1.4809018229937556
short,2026-04-09 02:45:00,1.16594,2026-04-09 03:00:00,1.1666043389938503,SL,0.0005697883200253079,-0.0005697883200253203,-0.0008697883200253203,-1.5265113191275796
long,2026-04-09 05:00:00,1.16719,2026-04-09 07:30:00,1.1688280381353153,TP,0.0007017015804262732,0.0014034031608524563,0.0011034031608524563,1.5724678291050098
short,2026-04-09 16:00:00,1.17007,2026-04-09 23:45:00,1.16937,TECH,0.000939809312602725,0.0005982548052679951,0.0002982548052679951,0.31735672467641635
short,2026-04-10 02:15:00,1.16882,2026-04-10 05:15:00,1.169368051769297,SL,0.00046889321648924207,-0.0004688932164893348,-0.0007688932164893348,-1.6398045214778143
long,2026-04-10 05:45:00,1.17023,2026-04-10 08:30:00,1.1721070886992806,TP,0.0008020169963513688,0.001604033992702711,0.001304033992702711,1.6259430892801245
short,2026-04-10 13:15:00,1.17233,2026-04-10 14:30:00,1.173409102188175,SL,0.0009204764769091122,-0.0009204764769091151,-0.0012204764769091151,-1.325918160350365
long,2026-04-10 15:30:00,1.17282,2026-04-12 17:00:00,1.1719191775679205,SL,0.0007680824270385679,-0.0007680824270386344,-0.0010680824270386344,-1.3905830799394172
short,2026-04-12 17:15:00,1.16684,2026-04-12 20:15:00,1.1681659031534832,SL,0.0011363195926461153,-0.001136319592646063,-0.001436319592646063,-1.2640102326330096
long,2026-04-12 21:45:00,1.16819,2026-04-13 02:45:00,1.16791,TECH,0.0008489777313132938,-0.00023968703721146214,-0.0005396870372114621,-0.6356904513580277
long,2026-04-13 03:30:00,1.16967,2026-04-13 04:30:00,1.1688433437897872,SL,0.0007067431072121229,-0.0007067431072121439,-0.001006743107212144,-1.4244823853796407
short,2026-04-13 06:15:00,1.16856,2026-04-13 06:45:00,1.1693407218803162,SL,0.0006681059426269061,-0.000668105942626988,-0.0009681059426269879,-1.4490305816178204
long,2026-04-13 07:30:00,1.16973,2026-04-13 07:45:00,1.1689604439851917,SL,0.0006578920048286635,-0.0006578920048286483,-0.0009578920048286482,-1.456001893620997
short,2026-04-13 08:00:00,1.16816,2026-04-13 08:30:00,1.16855,TECH,0.0007533649923837513,-0.0003338583755648973,-0.0006338583755648973,-0.8413695645178328
short,2026-04-13 23:00:00,1.17607,2026-04-13 23:45:00,1.1766789326817022,SL,0.000517769079818671,-0.0005177690798185965,-0.0008177690798185965,-1.579408874908075
long,2026-04-14 01:00:00,1.17664,2026-04-14 01:15:00,1.1760942346615113,SL,0.0004638337456558723,-0.00046383374565593714,-0.0007638337456559372,-1.6467834710384375
short,2026-04-14 12:00:00,1.17903,2026-04-14 19:30:00,1.17974,TECH,0.0009801550708643469,-0.0006021899357946688,-0.0009021899357946688,-0.9204563263638225
short,2026-04-14 22:00:00,1.17907,2026-04-15 01:15:00,1.179697879423268,SL,0.0005325209048384782,-0.0005325209048384901,-0.0008325209048384902,-1.5633581654245228
long,2026-04-15 01:45:00,1.17912,2026-04-15 02:30:00,1.1785540290686416,SL,0.0004799943443909803,-0.0004799943443910294,-0.0007799943443910294,-1.6250073641611151
short,2026-04-15 04:15:00,1.17901,2026-04-15 05:00:00,1.1776357799847479,TP,0.0005827855638425163,0.0011655711276850947,0.0008655711276850948,1.48523090032991
long,2026-04-15 09:30:00,1.17962,2026-04-15 09:30:00,1.1785326972137813,SL,0.0009217398706520073,-0.0009217398706520766,-0.0012217398706520766,-1.3254714367382845
short,2026-04-15 15:15:00,1.17994,2026-04-15 17:00:00,1.17988,TECH,0.0006899317922453477,5.0850043222493506e-05,-0.00024914995677750645,-0.36112259150525683
short,2026-04-15 17:15:00,1.17971,2026-04-15 18:30:00,1.1801,TECH,0.0005752411906659938,-0.0003305897212025756,-0.0006305897212025755,-1.0962179541984833
short,2026-04-16 02:00:00,1.18044,2026-04-16 03:45:00,1.1792130353709618,TP,0.0005197064776855153,0.0010394129553710075,0.0007394129553710076,1.4227510856973407
long,2026-04-16 09:00:00,1.17814,2026-04-16 09:45:00,1.1772704254718942,SL,0.0007380909977640021,-0.0007380909977640734,-0.0010380909977640734,-1.406453947966987
short,2026-04-16 10:00:00,1.17726,2026-04-16 10:45:00,1.1781776597797071,SL,0.0007794877764530227,-0.0007794877764530752,-0.001079487776453075,-1.3848681263036233
long,2026-04-16 15:30:00,1.17835,2026-04-16 17:00:00,1.1775072829648416,SL,0.000715167000601095,-0.0007151670006011533,-0.0010151670006011532,-1.4194824422098746
short,2026-04-16 21:15:00,1.1777,2026-04-16 23:45:00,1.1782588326180974,SL,0.00047451186048867846,-0.00047451186048859276,-0.0007745118604885928,-1.6322286648240105
long,2026-04-17 00:45:00,1.17831,2026-04-17 02:00:00,1.177830056944504,SL,0.0004073147605435453,-0.00040731476054351986,-0.0007073147605435198,-1.736531127916004
short,2026-04-17 03:15:00,1.17778,2026-04-17 04:00:00,1.1783368971595947,SL,0.00047283631883253207,-0.0004728363188325629,-0.0007728363188325628,-1.6344690288190065
long,2026-04-17 05:00:00,1.17938,2026-04-17 08:15:00,1.180673629575791,TP,0.0005484362867739157,0.0010968725735478152,0.0007968725735478153,1.452990242923721
short,2026-04-17 12:15:00,1.17994,2026-04-17 15:45:00,1.176861223743782,TP,0.001304632547509995,0.0026092650950199888,0.002309265095019989,1.770050194920725
long,2026-04-19 21:15:00,1.17537,2026-04-20 02:00:00,1.1753,TECH,0.0008683522365755482,-5.955571437080621e-05,-0.00035955571437080617,-0.41406666468524056
long,2026-04-20 03:45:00,1.17623,2026-04-20 03:45:00,1.1753663138182444,SL,0.0007342834154507918,-0.0007342834154508014,-0.0010342834154508014,-1.4085615903715234
short,2026-04-20 16:30:00,1.17854,2026-04-20 17:00:00,1.17879,TECH,0.0006514759465257802,-0.0002121268688377853,-0.0005121268688377853,-0.7861024978264787
short,2026-04-20 20:15:00,1.17841,2026-04-20 23:30:00,1.1773285108102944,TP,0.0004588764478006751,0.0009177528956012934,0.0006177528956012935,1.3462292487707508
long,2026-04-21 03:15:00,1.1774,2026-04-21 03:30:00,1.17749,TECH,0.0004800544570624321,7.64396127058973e-05,-0.0002235603872941027,-0.46569797239696953
long,2026-04-21 08:45:00,1.17584,2026-04-21 10:30:00,1.1774349713431287,TP,0.0006782263501533459,0.0013564527003067533,0.0010564527003067534,1.5576697957369117
short,2026-04-21 11:45:00,1.17475,2026-04-21 13:00:00,1.172464941649901,TP,0.0009725721856135768,0.001945144371227127,0.001645144371227127,1.6915396055555891
long,2026-04-21 17:15:00,1.17432,2026-04-21 17:30:00,1.17345,TECH,0.0014628136958169298,-0.0007408542816267511,-0.0010408542816267511,-0.7115426144854836
long,2026-04-21 18:00:00,1.17408,2026-04-21 18:45:00,1.17391,TECH,0.0013892884533138793,-0.0001447942218588201,-0.00044479422185882004,-0.32015973414149473
long,2026-04-21 19:00:00,1.17387,2026-04-21 19:30:00,1.1741,TECH,0.0011113349792303206,0.0001959331101399239,-0.00010406688986007608,-0.09364133389569892
long,2026-04-21 19:45:00,1.17406,2026-04-21 20:00:00,1.17436,TECH,0.0009480863191191149,0.00025552356779037436,-4.447643220962562e-05,-0.04691179622858552
long,2026-04-21 20:15:00,1.17491,2026-04-21 23:45:00,1.17383191006211,SL,0.0009175936351634579,-0.0009175936351634907,-0.0012175936351634907,-1.3269421108687087
short,2026-04-22 00:00:00,1.17384,2026-04-22 01:15:00,1.1745723363884006,SL,0.0006238809278954006,-0.0006238809278953223,-0.0009238809278953222,-1.480860988990225
long,2026-04-22 01:45:00,1.17526,2026-04-22 06:00:00,1.1744166016440143,SL,0.0007176270408127558,-0.0007176270408128249,-0.0010176270408128248,-1.418044447796032
short,2026-04-22 06:30:00,1.17495,2026-04-22 07:45:00,1.1732765501483762,TP,0.0007121366235260194,0.0014242732470520151,0.0011242732470520152,1.5787325211353036
long,2026-04-22 20:45:00,1.17108,2026-04-22 22:15:00,1.1703869188016038,SL,0.0005918307873040987,-0.0005918307873040798,-0.0008918307873040797,-1.5069016455979554
short,2026-04-22 23:15:00,1.16968,2026-04-23 01:45:00,1.1704162963764018,SL,0.0006294853091458504,-0.0006294853091458456,-0.0009294853091458455,-1.4765798274261008
long,2026-04-23 02:30:00,1.17045,2026-04-23 03:30:00,1.1698908804621133,SL,0.0004776962175971679,-0.0004776962175972288,-0.0007776962175972288,-1.6280141833843138
short,2026-04-23 05:00:00,1.17015,2026-04-23 06:00:00,1.1686316977282585,TP,0.0006487639498104905,0.0012975278996210273,0.0009975278996210274,1.5375821975194737
long,2026-04-23 09:45:00,1.16922,2026-04-23 10:45:00,1.1714296656838363,TP,0.0009449315286415213,0.0018898630572829784,0.0015898630572829784,1.6825166788207835
short,2026-04-23 13:45:00,1.16715,2026-04-23 13:45:00,1.1684930538854834,SL,0.0011507123210242097,-0.0011507123210242924,-0.0014507123210242923,-1.2607080801334105
long,2026-04-23 20:00:00,1.16836,2026-04-23 22:45:00,1.16804,TECH,0.000587383618774252,-0.00027388818514849703,-0.0005738881851484971,-0.9770244977993817
long,2026-04-24 02:45:00,1.16823,2026-04-24 03:00:00,1.1676852921668073,SL,0.00046626762982709524,-0.0004662676298270252,-0.0007662676298270251,-1.6434073068962092
short,2026-04-24 11:15:00,1.17051,2026-04-24 11:45:00,1.1715457658434585,SL,0.000884884232905782,-0.0008848842329057822,-0.001184884232905782,-1.3390273991150916
long,2026-04-24 12:15:00,1.17156,2026-04-26 17:00:00,1.1704673489365103,SL,0.000932646269495114,-0.0009326462694950818,-0.0012326462694950819,-1.3216653621124461
short,2026-04-26 17:30:00,1.17008,2026-04-26 18:00:00,1.171002718992381,SL,0.0007885947904254515,-0.0007885947904254882,-0.001088594790425488,-1.3804235123569417
long,2026-04-26 21:15:00,1.17199,2026-04-27 02:30:00,1.17187,TECH,0.0006206702028567801,-0.00010238995213279977,-0.00040238995213279975,-0.6483152409777457
long,2026-04-27 04:15:00,1.17432,2026-04-27 10:45:00,1.1735206492724817,SL,0.0006806924241419637,-0.0006806924241419335,-0.0009806924241419334,-1.4407276904515722
short,2026-04-27 11:00:00,1.1736,2026-04-27 19:45:00,1.17223,TECH,0.0008574661000675878,0.0011673483299249074,0.0008673483299249075,1.011524921925824
short,2026-04-27 21:15:00,1.17148,2026-04-28 02:00:00,1.1704823512747482,TP,0.00042580698144737035,0.000851613962894694,0.0005516139628946939,1.295455422125044
long,2026-04-28 10:15:00,1.16973,2026-04-28 17:00:00,1.17096,TECH,0.0009069648729445405,0.0010515247108307596,0.0007515247108307596,0.8286150139319831
long,2026-04-28 18:15:00,1.17172,2026-04-28 21:00:00,1.171045043879192,SL,0.0005760387471478211,-0.000576038747147907,-0.0008760387471479069,-1.5207982995683809
short,2026-04-28 22:15:00,1.17146,2026-04-29 01:15:00,1.1702280021418099,TP,0.0005258386364835394,0.0010516772729671174,0.0007516772729671175,1.4294827743998375
long,2026-04-29 07:00:00,1.17093,2026-04-29 07:45:00,1.1702056276600856,SL,0.0006186299265664514,-0.0006186299265664071,-0.0009186299265664072,-1.4849425918739978
short,2026-04-29 09:30:00,1.16906,2026-04-29 10:45:00,1.1699345321113912,SL,0.00074806435203595,-0.0007480643520360058,-0.0010480643520360058,-1.4010350168184977
long,2026-04-29 19:15:00,1.16773,2026-04-29 22:30:00,1.1668131714272063,SL,0.0007851374656758373,-0.0007851374656758211,-0.0010851374656758212,-1.3820986936876682
short,2026-04-29 22:45:00,1.16647,2026-04-30 03:00:00,1.1672746787462647,SL,0.0006898409271261713,-0.0006898409271260945,-0.0009898409271260945,-1.4348828667642293
long,2026-04-30 03:30:00,1.1681,2026-04-30 04:00:00,1.1696801544587612,TP,0.0006763780749769678,0.0013527561499539864,0.0010527561499539865,1.5564610813114177
short,2026-04-30 10:00:00,1.16901,2026-04-30 10:15:00,1.1706047522035288,SL,0.0013641903863342766,-0.0013641903863343093,-0.0016641903863343092,-1.2199106539712279
long,2026-04-30 11:15:00,1.17345,2026-04-30 18:15:00,1.17309,TECH,0.0015159296200502246,-0.00030678767736174356,-0.0006067876773617435,-0.400274306495601
long,2026-04-30 22:45:00,1.17321,2026-05-01 00:15:00,1.1726429941683514,SL,0.00048329440735141253,-0.0004832944073513724,-0.0007832944073513724,-1.6207396473798303
short,2026-05-01 01:15:00,1.17251,2026-05-01 02:45:00,1.173001331132818,SL,0.0004190421683551812,-0.00041904216835513013,-0.0007190421683551301,-1.7159184030989172
long,2026-05-01 04:00:00,1.17346,2026-05-01 07:15:00,1.175126839137855,TP,0.0007102240970527501,0.0014204481941055913,0.0011204481941055914,1.5775981112935582
short,2026-05-01 12:45:00,1.17449,2026-05-01 15:45:00,1.1717916091589264,TP,0.0011487500281286782,0.0022975000562572645,0.0019975000562572646,1.7388465787558727
long,2026-05-03 18:00:00,1.17407,2026-05-03 18:15:00,1.1729337495219887,SL,0.0009677876770646222,-0.0009677876770646103,-0.0012677876770646104,-1.3099853481394932
short,2026-05-03 20:45:00,1.17246,2026-05-03 23:45:00,1.1733574504265125,SL,0.0007654422551834492,-0.0007654422551835101,-0.0010654422551835102,-1.3919302833995775
long,2026-05-04 00:00:00,1.17376,2026-05-04 00:15:00,1.1729458983730152,SL,0.0006935844013977995,-0.0006935844013978139,-0.000993584401397814,-1.4325356789965522
short,2026-05-04 03:45:00,1.17185,2026-05-04 06:00:00,1.1701806960958323,TP,0.0007122515271441636,0.001424503054288306,0.001124503054288306,1.5788004818987218
long,2026-05-04 10:15:00,1.17095,2026-05-04 11:15:00,1.1697822377464617,SL,0.0009972776408371513,-0.0009972776408371043,-0.0012972776408371042,-1.3008189371899703
short,2026-05-04 12:15:00,1.16852,2026-05-04 15:00:00,1.1698699377377517,SL,0.0011552542855506592,-0.0011552542855507106,-0.0014552542855507105,-1.259683087742933
long,2026-05-04 16:00:00,1.16949,2026-05-04 17:45:00,1.16891,TECH,0.0008905417984973913,-0.0004959426758672798,-0.0007959426758672797,-0.8937735176611267
long,2026-05-05 03:45:00,1.16919,2026-05-05 04:30:00,1.1684926956038453,SL,0.0005963995553799249,-0.000596399555379942,-0.0008963995553799419,-1.5030184836554878
short,2026-05-05 14:00:00,1.16987,2026-05-05 18:45:00,1.170744385580387,SL,0.0007474211496893381,-0.0007474211496892764,-0.0010474211496892764,-1.401380132371999
long,2026-05-05 19:15:00,1.17232,2026-05-05 19:45:00,1.1715608301443905,SL,0.0006475790361074644,-0.0006475790361074891,-0.000947579036107489,-1.4632639157118117
short,2026-05-06 09:30:00,1.17505,2026-05-06 17:00:00,1.17468,TECH,0.001223849059384811,0.0003148802178630539,1.4880217863053925e-05,0.012158540098509963
short,2026-05-06 17:30:00,1.17474,2026-05-06 18:45:00,1.17511,TECH,0.000619854635490147,-0.00031496331103069916,-0.0006149633110306991,-0.9921089168663227
short,2026-05-07 00:45:00,1.17518,2026-05-07 03:00:00,1.1757260033066488,SL,0.0004646124905537667,-0.000464612490553694,-0.000764612490553694,-1.6456993862613563
long,2026-05-07 03:30:00,1.17648,2026-05-07 08:30:00,1.17697,TECH,0.0007357959675740229,0.00041649666802674203,0.00011649666802674205,0.15832740754320893
long,2026-05-07 09:30:00,1.17754,2026-05-07 09:45:00,1.1766904401515725,SL,0.0007214700548834046,-0.0007214700548834813,-0.0010214700548834812,-1.4158176738860757
short,2026-05-07 12:00:00,1.17637,2026-05-07 13:30:00,1.1744396392500798,TP,0.0008204734691976564,0.001640946938395357,0.001340946938395357,1.634357463997798
long,2026-05-07 21:15:00,1.17308,2026-05-08 00:15:00,1.17288,TECH,0.0006274350530979839,-0.00017049135608822755,-0.00047049135608822755,-0.7498646334232667
long,2026-05-08 01:00:00,1.17352,2026-05-08 02:30:00,1.1747502079419951,TP,0.0005241529509489268,0.0010483059018979164,0.0007483059018979165,1.4276479805048947
short,2026-05-08 13:30:00,1.17743,2026-05-08 14:15:00,1.17803,TECH,0.0008091273736336219,-0.0005095844338941031,-0.0008095844338941031,-1.0005648804815843
short,2026-05-10 17:45:00,1.17677,2026-05-10 21:30:00,1.17688,TECH,0.0010271594166041847,-9.347621030433513e-05,-0.0003934762103043351,-0.38307219302450396
short,2026-05-10 23:00:00,1.1759,2026-05-11 02:45:00,1.1766285289223526,SL,0.0006195500657815629,-0.0006195500657816522,-0.0009195500657816521,-1.4842223680851991
long,2026-05-11 03:30:00,1.17711,2026-05-11 07:30:00,1.17741,TECH,0.000564558359556387,0.00025486148278407877,-4.51385172159212e-05,-0.07995367786492381
long,2026-05-11 09:15:00,1.17836,2026-05-11 12:30:00,1.1775222433916641,SL,0.0007109513292507809,-0.0007109513292507892,-0.0010109513292507891,-1.4219698137651084
short,2026-05-11 13:00:00,1.1773,2026-05-11 16:15:00,1.17808132770798,SL,0.0006636606710100047,-0.0006636606710099433,-0.0009636606710099432,-1.452038237467617
long,2026-05-11 17:00:00,1.17824,2026-05-11 17:00:00,1.1777011442015743,SL,0.0004573395899184659,-0.00045733958991852946,-0.0007573395899185295,-1.6559677023665225
short,2026-05-11 20:45:00,1.17719,2026-05-11 21:15:00,1.1761965142134385,TP,0.00042197342254069007,0.0008439468450814595,0.0005439468450814595,1.2890547509043837
long,2026-05-12 16:00:00,1.17403,2026-05-12 20:30:00,1.17353,TECH,0.000666710251017225,-0.00042588349531097583,-0.0007258834953109758,-1.0887540640082674
long,2026-05-12 23:00:00,1.17369,2026-05-12 23:15:00,1.17347,TECH,0.00044582498392070337,-0.0001874430215814116,-0.00048744302158141157,-1.093350617757462
long,2026-05-12 23:30:00,1.17353,2026-05-13 00:00:00,1.17345,TECH,0.00044693776247063574,-6.817039189441937e-05,-0.00036817039189441933,-0.8237621047261776
long,2026-05-13 08:00:00,1.17121,2026-05-13 08:15:00,1.1704973244961208,SL,0.0006084950639760727,-0.0006084950639759933,-0.0009084950639759932,-1.4930196114322418
short,2026-05-13 10:15:00,1.17105,2026-05-13 11:45:00,1.17144,TECH,0.0007226118188930341,-0.00033303445625730116,-0.0006330344562573011,-0.8760366765479202
short,2026-05-13 14:30:00,1.17065,2026-05-13 16:45:00,1.17131,TECH,0.00060149618357949,-0.0005637893477983214,-0.0008637893477983214,-1.4360678777011198
short,2026-05-13 22:15:00,1.17131,2026-05-14 02:45:00,1.171740901449389,SL,0.00036787993732559875,-0.0003678799373255953,-0.0006678799373255953,-1.8154834487059188
long,2026-05-15 07:30:00,1.16398,2026-05-15 08:00:00,1.1628972727041118,SL,0.0009301940719670977,-0.0009301940719670513,-0.0012301940719670512,-1.3225133432269014
short,2026-05-15 09:15:00,1.16285,2026-05-15 13:15:00,1.16339,TECH,0.0009279557869572815,-0.0004643763168078299,-0.0007643763168078298,-0.8237206206926947
short,2026-05-15 15:00:00,1.16221,2026-05-17 23:45:00,1.16215,TECH,0.0007071549309425616,5.16257819154447e-05,-0.0002483742180845553,-0.35123027107157284
short,2026-05-18 07:30:00,1.16305,2026-05-18 07:30:00,1.1637734011124294,SL,0.0006219862537547929,-0.0006219862537548022,-0.0009219862537548022,-1.482325771974824
long,2026-05-18 08:15:00,1.16474,2026-05-18 11:00:00,1.1637880458294434,SL,0.0008173104474446763,-0.0008173104474446764,-0.0011173104474446764,-1.3670575861815435
short,2026-05-18 12:15:00,1.1654,2026-05-18 13:15:00,1.16497,TECH,0.0009389528341454761,0.0003689720267718641,6.897202677186412e-05,0.07345632737200726
short,2026-05-18 15:00:00,1.16294,2026-05-18 15:00:00,1.1638745201416971,SL,0.0008035841416557196,-0.0008035841416556634,-0.0011035841416556634,-1.373327427021915
long,2026-05-18 17:00:00,1.16555,2026-05-18 20:30:00,1.1645661021376619,SL,0.0008441489960432694,-0.0008441489960432518,-0.0011441489960432518,-1.3553874984228553
short,2026-05-18 20:45:00,1.16456,2026-05-19 03:00:00,1.1631200762164593,TP,0.0006182265334292684,0.0012364530668585061,0.0009364530668585062,1.5147409828304406
long,2026-05-19 13:45:00,1.16102,2026-05-19 16:45:00,1.16052,TECH,0.0007744773585161032,-0.0004306558026562376,-0.0007306558026562376,-0.943417899338171
long,2026-05-19 19:15:00,1.1609,2026-05-19 20:00:00,1.1603605303649975,SL,0.0004646994874688525,-0.0004646994874687825,-0.0007646994874687825,-1.6455785041511117
short,2026-05-19 21:30:00,1.15958,2026-05-19 21:45:00,1.1602086957368984,SL,0.0005421753884150547,-0.0005421753884151055,-0.0008421753884151055,-1.5533264814491914
long,2026-05-20 01:00:00,1.1597,2026-05-20 02:00:00,1.15954,TECH,0.0005459744827197563,-0.00013796671552982493,-0.00043796671552982487,-0.8021743312033672
long,2026-05-20 07:30:00,1.16021,2026-05-20 08:45:00,1.159456303415629,SL,0.0006496208310313364,-0.0006496208310313266,-0.0009496208310313266,-1.4618078510870889
short,2026-05-20 10:15:00,1.15885,2026-05-20 10:15:00,1.159660922258194,SL,0.0006997646444267575,-0.0006997646444268141,-0.000999764644426814,-1.4287155722847567
long,2026-05-20 10:45:00,1.1617,2026-05-20 11:15:00,1.1639970496085181,TP,0.0009886586935173248,0.0019773173870346696,0.0016773173870346697,1.69655857783167
short,2026-05-20 17:45:00,1.16246,2026-05-20 21:00:00,1.16285,TECH,0.0007393817464084307,-0.00033549541489590214,-0.0006354954148959022,-0.8594956772774557
short,2026-05-20 23:15:00,1.16189,2026-05-21 02:00:00,1.1625357571358317,SL,0.0005557816452775876,-0.0005557816452776017,-0.0008557816452776017,-1.5397803301873665
long,2026-05-21 03:00:00,1.16201,2026-05-21 03:15:00,1.1613577714638788,SL,0.0005612933934486682,-0.0005612933934486239,-0.0008612933934486239,-1.534479834435093
short,2026-05-21 03:30:00,1.15974,2026-05-21 03:45:00,1.1606064368500228,SL,0.000747095771485797,-0.000747095771485726,-0.001047095771485726,-1.4015549430875507
long,2026-05-21 05:45:00,1.16271,2026-05-21 06:15:00,1.1616129707030343,SL,0.0009435106750313717,-0.0009435106750313027,-0.0012435106750313027,-1.3179614263399364
short,2026-05-21 07:30:00,1.16128,2026-05-21 09:15:00,1.1589152420068467,TP,0.001018168741885397,0.0020363374837708286,0.0017363374837708286,1.7053533587719072
long,2026-05-21 13:30:00,1.1618,2026-05-21 18:15:00,1.16162,TECH,0.0011191944216382994,-0.0001549320020656283,-0.0004549320020656283,-0.4064816561537982
long,2026-05-22 01:30:00,1.16144,2026-05-22 01:45:00,1.1610205452395104,SL,0.00036115060656576487,-0.00036115060656569174,-0.0006611506065656917,-1.8306783777900075
short,2026-05-22 04:15:00,1.16063,2026-05-22 04:15:00,1.1612180751323316,SL,0.0005066861379866578,-0.0005066861379866972,-0.0008066861379866972,-1.5920825092869209
long,2026-05-22 10:45:00,1.16007,2026-05-22 11:45:00,1.16011,TECH,0.0009028623974528065,3.4480677890161805e-05,-0.0002655193221098382,-0.2940861451965798
long,2026-05-22 15:30:00,1.16083,2026-05-24 17:00:00,1.1628787732223345,TP,0.000882460490482825,0.0017649209809657161,0.0014649209809657162,1.6600414372820325
short,2026-05-24 23:00:00,1.16375,2026-05-25 02:00:00,1.1639,TECH,0.000681290598650055,-0.00012889366272813958,-0.0004288936627281396,-0.629531162734334
short,2026-05-25 03:45:00,1.16355,2026-05-25 04:30:00,1.164212944523338,SL,0.0005697602366361642,-0.000569760236636094,-0.000869760236636094,-1.5265372707844878
long,2026-05-25 05:45:00,1.16447,2026-05-25 10:00:00,1.1638552899700418,SL,0.00052788824955391,-0.000527888249553921,-0.0008278882495539211,-1.568302098509533
short,2026-05-25 11:00:00,1.16419,2026-05-25 11:00:00,1.1648077391543594,SL,0.0005306171280971666,-0.0005306171280971015,-0.0008306171280971016,-1.5653794122247011
long,2026-05-25 14:45:00,1.16418,2026-05-25 17:00:00,1.1637155277451996,SL,0.00039896945042893975,-0.00039896945042896853,-0.0006989694504289685,-1.7519372715818038
short,2026-05-25 17:30:00,1.16395,2026-05-25 21:30:00,1.1630833651311723,TP,0.0003722818286127866,0.0007445636572256237,0.00044456365722562373,1.1941588953782056
long,2026-05-26 04:00:00,1.16371,2026-05-26 08:45:00,1.16337,TECH,0.000546780895053611,-0.00029216901117976724,-0.0005921690111797672,-1.0830096964556635
long,2026-05-26 14:15:00,1.16258,2026-05-26 19:45:00,1.1639735548538008,TP,0.0005993371870326956,0.0011986743740653395,0.0008986743740653396,1.499447045017606
short,2026-05-26 23:30:00,1.1639,2026-05-27 00:15:00,1.16397,TECH,0.0003813882685789025,-6.0142623936776785e-05,-0.00036014262393677674,-0.944293921988504
short,2026-05-27 06:45:00,1.16383,2026-05-27 08:15:00,1.1644310092138939,SL,0.0005164063599443007,-0.0005164063599442735,-0.0008164063599442734,-1.5809378490852253
long,2026-05-27 09:15:00,1.16454,2026-05-27 10:45:00,1.163585685599571,SL,0.0008194775623241597,-0.0008194775623241142,-0.0011194775623241142,-1.3660868994986393
short,2026-05-27 11:15:00,1.16334,2026-05-27 16:30:00,1.16279,TECH,0.0011414467920389916,0.00047277666030571495,0.00017277666030571497,0.151366372493877
short,2026-05-27 17:45:00,1.16285,2026-05-27 18:00:00,1.1628,TECH,0.0005513739696512149,4.2997807111737086e-05,-0.00025700219288826286,-0.4661123067721821
short,2026-05-27 18:30:00,1.16278,2026-05-27 21:45:00,1.1615094023398849,TP,0.0005463620203800365,0.001092724040760125,0.0007927240407601252,1.4509135173940624
long,2026-05-28 03:15:00,1.16171,2026-05-28 04:00:00,1.1609637480472699,SL,0.0006423737014660161,-0.0006423737014660699,-0.00094237370146607,-1.4670178734207178
short,2026-05-28 07:30:00,1.16106,2026-05-28 07:45:00,1.1618254402949921,SL,0.0006592598961227011,-0.0006592598961226362,-0.0009592598961226362,-1.4550557401782245
long,2026-05-28 08:45:00,1.16324,2026-05-28 10:00:00,1.1650143603797842,TP,0.0007626802636533453,0.0015253605273066425,0.0012253605273066426,1.6066503693657863
short,2026-05-28 15:15:00,1.16472,2026-05-28 18:30:00,1.16513,TECH,0.0007528387327474434,-0.0003520159351604003,-0.0006520159351604002,-0.8660765005818764
short,2026-05-28 22:15:00,1.16471,2026-05-28 23:45:00,1.1635964300801944,TP,0.00047804600278418395,0.0009560920055683308,0.0006560920055683308,1.372445333183816
long,2026-05-29 02:45:00,1.16492,2026-05-29 03:15:00,1.1643726065821114,SL,0.00046989786241854163,-0.0004698978624185045,-0.0007698978624185045,-1.638436613556566
short,2026-05-29 05:00:00,1.16281,2026-05-29 05:00:00,1.1635975362440865,SL,0.0006772699272336487,-0.0006772699272336512,-0.0009772699272336512,-1.4429548514362232
long,2026-05-29 07:45:00,1.16456,2026-05-29 10:45:00,1.1660959108883937,TP,0.000659438280721288,0.0013188765614426613,0.0010188765614426614,1.5450673569150744
short,2026-05-29 15:15:00,1.16677,2026-05-31 19:45:00,1.1650288638501587,TP,0.0007461351208213428,0.0014922702416426488,0.0011922702416426489,1.597928054010113
long,2026-06-01 01:15:00,1.16515,2026-06-01 02:45:00,1.1661542093750281,TP,0.0004309356628022622,0.0008618713256046079,0.000561871325604608,1.3038403968492775
short,2026-06-01 06:15:00,1.16492,2026-06-01 09:00:00,1.1635308005849763,TP,0.0005962638700613002,0.0011925277401226605,0.0008925277401226606,1.4968670498698877
long,2026-06-01 13:45:00,1.16352,2026-06-01 18:00:00,1.16322,TECH,0.0008531099646585844,-0.0002578382838285453,-0.0005578382838285453,-0.6538879006668182
long,2026-06-01 19:15:00,1.1635,2026-06-01 20:00:00,1.1630054213099874,SL,0.000425078375601684,-0.0004250783756016935,-0.0007250783756016935,-1.7057522029328585
short,2026-06-01 22:15:00,1.16317,2026-06-02 00:30:00,1.1636683445828373,SL,0.00042843658522602723,-0.0004284365852259449,-0.0007284365852259448,-1.7002203134488356
long,2026-06-02 00:45:00,1.16366,2026-06-02 02:00:00,1.1644550959538882,TP,0.0003416358532080522,0.0006832717064161951,0.00038327170641619515,1.121872024897771
short,2026-06-02 06:15:00,1.16436,2026-06-02 07:30:00,1.1648580593652156,SL,0.000427753757614001,-0.00042775375761407093,-0.0007277537576140709,-1.7013380821561028
long,2026-06-02 08:15:00,1.16486,2026-06-02 09:45:00,1.1643606631781946,SL,0.00042866681129514274,-0.0004286668112952311,-0.0007286668112952311,-1.699844242883395
short,2026-06-02 10:45:00,1.16464,2026-06-02 12:15:00,1.1631786144456124,TP,0.0006273979746477066,0.001254795949295458,0.000954795949295458,1.521834605589204
long,2026-06-02 16:45:00,1.16313,2026-06-02 17:00:00,1.162545273288335,SL,0.0005027182788381108,-0.0005027182788381217,-0.0008027182788381217,-1.5967557032009556
short,2026-06-02 19:15:00,1.1625,2026-06-02 20:30:00,1.1629861816349216,SL,0.00041822076122287354,-0.0004182207612228251,-0.0007182207612228251,-1.7173245037447553
long,2026-06-02 22:00:00,1.16294,2026-06-03 00:45:00,1.16256,TECH,0.0004600569806233805,-0.0003267580442671565,-0.0006267580442671564,-1.3623487321459502
long,2026-06-03 07:15:00,1.16181,2026-06-03 08:15:00,1.1610925913221315,SL,0.0006174922559355784,-0.0006174922559355782,-0.0009174922559355781,-1.4858360523816805
short,2026-06-03 09:15:00,1.16015,2026-06-03 10:45:00,1.1609689258669833,SL,0.0007058792974902913,-0.0007058792974902287,-0.0010058792974902287,-1.4250018396439281
long,2026-06-03 17:45:00,1.15995,2026-06-03 18:00:00,1.15974,TECH,0.0004525514297256896,-0.00018104228630548167,-0.00048104228630548165,-1.0629560635728443
long,2026-06-03 19:00:00,1.16056,2026-06-04 00:00:00,1.1606,TECH,0.0005498658925731872,3.446611980426691e-05,-0.00026553388019573307,-0.4829066210183067
long,2026-06-04 02:00:00,1.16099,2026-06-04 03:15:00,1.1604515726847107,SL,0.00046376567867886364,-0.0004637656786788023,-0.0007637656786788022,-1.646878399571424
short,2026-06-04 04:45:00,1.16073,2026-06-04 05:00:00,1.161451359944718,SL,0.0006214709232275726,-0.0006214709232276266,-0.0009214709232276265,-1.4827257218117649
long,2026-06-04 05:30:00,1.16207,2026-06-04 07:00:00,1.1635706798823215,TP,0.0006456925496405725,0.0012913850992811186,0.0009913850992811187,1.5353825901088334
short,2026-06-04 11:00:00,1.16304,2026-06-04 14:45:00,1.1614830970196943,TP,0.0006693247782989641,0.0013386495565980122,0.0010386495565980123,1.5517870998854364
long,2026-06-04 19:30:00,1.1613,2026-06-05 02:30:00,1.16208579690246,TP,0.00033832640250587847,0.0006766528050116734,0.0003766528050116735,1.1132823280179238
short,2026-06-05 08:45:00,1.16069,2026-06-05 08:45:00,1.158857235697136,TP,0.0007895149880088666,0.0015790299760176643,0.0012790299760176644,1.62001987985477
long,2026-06-07 20:30:00,1.15224,2026-06-07 21:30:00,1.1514735468187864,SL,0.0006651853617419811,-0.0006651853617419018,-0.0009651853617419018,-1.4510021074641262
short,2026-06-08 02:45:00,1.15188,2026-06-08 05:30:00,1.150121336947499,TP,0.0007633881361344246,0.0015267762722688584,0.0012267762722688585,1.607015113544856
long,2026-06-08 07:30:00,1.15407,2026-06-08 13:30:00,1.15395,TECH,0.0010713052912159485,-0.00010397982791329639,-0.00040397982791329635,-0.37709122808006745
long,2026-06-08 19:00:00,1.15334,2026-06-08 19:45:00,1.1527962499989888,SL,0.00047145681326517014,-0.0004714568132651743,-0.0007714568132651743,-1.6363255160579673
short,2026-06-08 20:15:00,1.15282,2026-06-08 21:00:00,1.1533027012816934,SL,0.0004187134866617322,-0.00041871348666181726,-0.0007187134866618172,-1.7164803846942893
long,2026-06-08 22:15:00,1.15394,2026-06-08 23:15:00,1.1534774472405842,SL,0.00040084645598186344,-0.0004008464559819033,-0.0007008464559819033,-1.7484162464782114
short,2026-06-09 04:45:00,1.15461,2026-06-09 05:00:00,1.155280402148693,SL,0.0005806308179325633,-0.0005806308179326208,-0.0008806308179326208,-1.5166794299142776
long,2026-06-09 05:30:00,1.1556,2026-06-09 07:15:00,1.157044291924693,TP,0.0006249099708779024,0.0012498199417558726,0.0009498199417558727,1.5199308476731805
short,2026-06-09 11:00:00,1.15623,2026-06-09 12:15:00,1.1544047068724357,TP,0.0007893296003236368,0.0015786592006472838,0.0012786592006472839,1.6199306349629037
long,2026-06-09 22:00:00,1.15378,2026-06-09 23:45:00,1.1551646926903774,TP,0.000600067903056616,0.0012001358061132378,0.0009001358061132378,1.5000565794773242
short,2026-06-10 07:30:00,1.15431,2026-06-10 08:30:00,1.1551344331247004,SL,0.0007142215909941326,-0.0007142215909941744,-0.0010142215909941744,-1.4200377078806434
long,2026-06-10 10:00:00,1.15623,2026-06-10 10:45:00,1.1550225202162732,SL,0.0010443249039783311,-0.0010443249039783849,-0.0013443249039783848,-1.2872669212973957
short,2026-06-10 13:00:00,1.15538,2026-06-10 18:00:00,1.1530333534378583,TP,0.0010155301987839027,0.002031060397567714,0.001731060397567714,1.7045878100332799
long,2026-06-10 21:00:00,1.15425,2026-06-11 01:00:00,1.15484,TECH,0.0006519681264106902,0.0005111544292831626,0.00021115442928316264,0.32387231941174904
long,2026-06-11 09:00:00,1.15398,2026-06-11 09:00:00,1.1528350911892924,SL,0.000992139214464379,-0.000992139214464386,-0.001292139214464386,-1.302376920119992
short,2026-06-11 10:00:00,1.15296,2026-06-11 13:00:00,1.1503417122791222,TP,0.0011354633815907336,0.002270926763181549,0.0019709267631815492,1.7357906869883983
long,2026-06-11 14:15:00,1.15521,2026-06-11 15:30:00,1.1585116217468607,TP,0.001429013662823452,0.0028580273256469915,0.0025580273256469916,1.790064988317067
short,2026-06-11 20:15:00,1.15711,2026-06-12 00:30:00,1.15716,TECH,0.0008234324874625354,-4.321110352506111e-05,-0.0003432111035250611,-0.41680539540368394
short,2026-06-12 02:30:00,1.15674,2026-06-12 04:15:00,1.1575077352817047,SL,0.0006637060028222945,-0.000663706002822238,-0.000963706002822238,-1.4520073627844945
long,2026-06-12 04:45:00,1.15802,2026-06-12 06:15:00,1.1569848741895628,SL,0.0008938755897457177,-0.0008938755897456853,-0.0011938755897456853,-1.335617174740513
short,2026-06-12 08:30:00,1.15614,2026-06-12 09:15:00,1.1571661210220217,SL,0.00088754045532691,-0.0008875404553269576,-0.0011875404553269575,-1.3380127612206114
long,2026-06-12 11:30:00,1.15823,2026-06-12 12:00:00,1.1570666215943615,SL,0.0010044450632763614,-0.0010044450632764013,-0.0013044450632764013,-1.2986723823615411
short,2026-06-12 16:00:00,1.15712,2026-06-14 17:15:00,1.1578760786437765,SL,0.0006534142040381712,-0.0006534142040381127,-0.0009534142040381127,-1.4591268419723793
long,2026-06-14 17:45:00,1.15967,2026-06-14 18:00:00,1.1615238012484121,TP,0.0007992796435245507,0.0015985592870490467,0.0012985592870490468,1.6246620285771862
short,2026-06-14 22:15:00,1.15948,2026-06-14 23:30:00,1.1603280262954714,SL,0.0007313850135159086,-0.0007313850135158138,-0.0010313850135158138,-1.4101806770113423
long,2026-06-15 00:30:00,1.1609,2026-06-15 02:30:00,1.1602436259726914,SL,0.0005654010055203411,-0.0005654010055204328,-0.0008654010055204329,-1.530596863236917
short,2026-06-15 04:15:00,1.16055,2026-06-15 06:30:00,1.1613322063196074,SL,0.0006739962255890845,-0.0006739962255891251,-0.000973996225589125,-1.4451063501695953
long,2026-06-15 07:00:00,1.16105,2026-06-15 11:15:00,1.1602675972414969,SL,0.0006738751634323137,-0.0006738751634322842,-0.0009738751634322841,-1.4451863138447651
short,2026-06-15 11:45:00,1.15977,2026-06-15 20:30:00,1.15882,TECH,0.0007200762912693751,0.000819127930537957,0.0005191279305379571,0.720934624333792
short,2026-06-15 22:30:00,1.15862,2026-06-16 02:00:00,1.1574886552822878,TP,0.00048822940986353186,0.0009764588197270426,0.0006764588197270425,1.3855347630863202
long,2026-06-16 03:45:00,1.15929,2026-06-16 04:45:00,1.160538054374021,TP,0.0005382839384541148,0.0010765678769082622,0.0007765678769082623,1.44267332058703
short,2026-06-16 09:00:00,1.15993,2026-06-16 10:45:00,1.1607114662596638,SL,0.0006737184654797183,-0.0006737184654797358,-0.0009737184654797359,-1.445289858259123
long,2026-06-16 12:15:00,1.16172,2026-06-16 14:30:00,1.1606820635859376,SL,0.0008934480030149482,-0.0008934480030148986,-0.0011934480030148986,-1.3357777945527862
short,2026-06-16 16:00:00,1.1608,2026-06-16 19:00:00,1.1612,TECH,0.0005725134896282841,-0.0003445899379737732,-0.0006445899379737732,-1.1258947599510472
short,2026-06-16 23:15:00,1.16109,2026-06-17 02:15:00,1.16113,TECH,0.0003757902876777032,-3.4450387136259896e-05,-0.00033445038713625987,-0.8899920995911993
short,2026-06-17 02:30:00,1.1606,2026-06-17 03:00:00,1.1610700056309493,SL,0.000404967801955233,-0.00040496780195522385,-0.0007049678019552238,-1.7407996353081774
long,2026-06-17 10:30:00,1.15927,2026-06-17 10:45:00,1.1585369229060625,SL,0.0006323609633109123,-0.0006323609633110068,-0.0009323609633110068,-1.474412586174447
short,2026-06-17 11:15:00,1.159,2026-06-17 14:00:00,1.157386643312405,TP,0.000696012376011717,0.001392024752023384,0.0010920247520233841,1.5689731815990016
long,2026-06-17 20:00:00,1.15067,2026-06-18 02:15:00,1.152664676042321,TP,0.0008667454797296013,0.0017334909594591342,0.0014334909594591343,1.653877629573956
short,2026-06-18 03:15:00,1.15124,2026-06-18 04:30:00,1.14943915607055,TP,0.0007821322788689526,0.0015642645577378517,0.0012642645577378517,1.6164331685250406
long,2026-06-18 10:15:00,1.14719,2026-06-18 13:15:00,1.14712,TECH,0.0011667903531705675,-6.101866299393692e-05,-0.0003610186629939369,-0.3094117653723533
long,2026-06-18 19:00:00,1.14632,2026-06-18 21:45:00,1.1455754255896762,SL,0.0006495345194394638,-0.0006495345194394483,-0.0009495345194394482,-1.4618692171416523
short,2026-06-18 22:00:00,1.14531,2026-06-19 00:00:00,1.1440612130980052,TP,0.000545174189518459,0.001090348379036954,0.0007903483790369541,1.4497171623899736
long,2026-06-19 04:00:00,1.14463,2026-06-19 04:30:00,1.1463972934762843,TP,0.00077199334120383,0.0015439866824076228,0.001243986682407623,1.6113956118685901
short,2026-06-21 17:30:00,1.14548,2026-06-21 17:30:00,1.1462476279413931,SL,0.0006701364854846524,-0.0006701364854847466,-0.0009701364854847465,-1.4476699993183177
long,2026-06-21 21:30:00,1.14681,2026-06-21 23:30:00,1.1460097044218283,SL,0.0006978449596462428,-0.0006978449596461926,-0.0009978449596461925,-1.4298949155583616
short,2026-06-21 23:45:00,1.1459,2026-06-22 03:30:00,1.1444957066913803,TP,0.0006127468839425751,0.0012254937678851342,0.0009254937678851343,1.5104014269811756
long,2026-06-22 06:30:00,1.14601,2026-06-22 07:15:00,1.1450743478034553,SL,0.0008164433089979209,-0.0008164433089978958,-0.0011164433089978958,-1.367447435350026
short,2026-06-22 09:15:00,1.14445,2026-06-22 14:45:00,1.142299628071352,TP,0.000939478320873804,0.0018789566417475435,0.0015789566417475436,1.6806738449046532
long,2026-06-22 18:00:00,1.1427,2026-06-22 20:45:00,1.14258,TECH,0.0005256176040430041,-0.00010501443948553426,-0.0004050144394855342,-0.7705496093932147
long,2026-06-22 22:30:00,1.14299,2026-06-22 23:00:00,1.1425044273405855,SL,0.00042482669088482494,-0.0004248266908847861,-0.000724826690884786,-1.706170319419253
short,2026-06-23 01:00:00,1.14208,2026-06-23 02:15:00,1.1426230334641774,SL,0.000475477605927215,-0.0004754776059272462,-0.0007754776059272462,-1.630944541362805
long,2026-06-23 03:30:00,1.14373,2026-06-23 03:30:00,1.1429444246430056,SL,0.0006868538527399657,-0.0006868538527399874,-0.0009868538527399873,-1.4367741387826178
short,2026-06-23 03:45:00,1.14158,2026-06-23 06:45:00,1.1395789314798679,TP,0.000876446906976392,0.0017528938139527272,0.0014528938139527273,1.6577088724803526
long,2026-06-23 17:00:00,1.13812,2026-06-23 20:00:00,1.13789,TECH,0.0004871918048715355,-0.00020208765332298216,-0.0005020876533229821,-1.0305749158801518
long,2026-06-24 11:15:00,1.13511,2026-06-24 20:15:00,1.13513,TECH,0.0011165411410953717,1.7619437763660772e-05,-0.0002823805622363392,-0.2529065449028708
long,2026-06-24 22:15:00,1.13604,2026-06-25 02:45:00,1.13568,TECH,0.0005934332927541038,-0.0003168902503432238,-0.0006168902503432237,-1.0395275389425103
long,2026-06-25 05:30:00,1.13697,2026-06-25 05:45:00,1.1361739096883237,SL,0.0007001858551029976,-0.0007001858551029301,-0.00100018585510293,-1.428457669936509
short,2026-06-25 07:15:00,1.13441,2026-06-25 08:30:00,1.1352385433680845,SL,0.0007303738225902961,-0.0007303738225902256,-0.0010303738225902255,-1.4107485656262557
long,2026-06-25 10:15:00,1.13739,2026-06-25 14:45:00,1.13746,TECH,0.0011669677212529077,6.154441308611339e-05,-0.00023845558691388657,-0.20433777436266207
long,2026-06-26 00:30:00,1.13738,2026-06-26 03:30:00,1.1386674706010296,TP,0.0005659808511796579,0.0011319617023593843,0.0008319617023593844,1.4699467316347365
short,2026-06-26 12:15:00,1.13993,2026-06-26 16:45:00,1.13854,EOD,0.0012017619688963516,0.0012193731194020704,0.0009193731194020705,0.7650209801915971
