direction,entry_time,entry_price,exit_time,exit_price,exit_reason,sl_dist_pct,gross_pnl_pct,net_pnl_pct,r_multiple
short,2025-01-02 01:30:00,1.03616,2025-01-02 16:30:00,1.02648,TECH,0.02,0.009342186534898,0.009042186534898,0.4521093267449
short,2025-01-03 00:30:00,1.02718,2025-01-03 01:30:00,1.02732,TECH,0.02,-0.00013629548861935492,-0.0004362954886193549,-0.021814774430967743
short,2025-01-03 10:30:00,1.02751,2025-01-03 12:45:00,1.02997,TECH,0.02,-0.0023941372833355674,-0.0026941372833355673,-0.13470686416677835
short,2025-01-05 19:15:00,1.02965,2025-01-05 21:30:00,1.03133,TECH,0.02,-0.0016316223959599145,-0.0019316223959599144,-0.09658111979799572
short,2025-01-06 01:30:00,1.0309,2025-01-06 03:00:00,1.03274,TECH,0.02,-0.0017848481909012164,-0.0020848481909012165,-0.10424240954506082
short,2025-01-06 10:45:00,1.03753,2025-01-06 16:15:00,1.03878,TECH,0.02,-0.0012047844399679752,-0.0015047844399679751,-0.07523922199839876
short,2025-01-06 19:00:00,1.03831,2025-01-06 22:45:00,1.03924,TECH,0.02,-0.0008956862594021778,-0.0011956862594021777,-0.05978431297010889
short,2025-01-07 07:30:00,1.04053,2025-01-07 20:00:00,1.03468,TECH,0.02,0.005622134873573959,0.005322134873573959,0.26610674367869797
short,2025-01-08 00:15:00,1.03502,2025-01-08 01:00:00,1.03549,TECH,0.02,-0.00045409750536218665,-0.0007540975053621866,-0.037704875268109325
short,2025-01-08 02:45:00,1.03356,2025-01-08 10:45:00,1.02989,TECH,0.02,0.0035508340106041856,0.0032508340106041857,0.16254170053020928
short,2025-01-08 19:45:00,1.03083,2025-01-08 22:00:00,1.03165,TECH,0.02,-0.0007954754906241019,-0.001095475490624102,-0.0547737745312051
short,2025-01-09 00:00:00,1.03089,2025-01-09 05:15:00,1.03063,TECH,0.02,0.00025220925607984264,-4.779074392015733e-05,-0.0023895371960078664
short,2025-01-09 07:30:00,1.03011,2025-01-09 09:15:00,1.03123,TECH,0.02,-0.0010872625253613786,-0.0013872625253613785,-0.06936312626806893
short,2025-01-09 11:30:00,1.02951,2025-01-09 15:15:00,1.03003,TECH,0.02,-0.0005050946566814077,-0.0008050946566814077,-0.040254732834070384
short,2025-01-09 18:00:00,1.03007,2025-01-09 21:45:00,1.02992,TECH,0.02,0.0001456211713767943,-0.0001543788286232057,-0.0077189414311602846
short,2025-01-10 00:00:00,1.0295,2025-01-10 04:00:00,1.03027,TECH,0.02,-0.0007479358912092641,-0.001047935891209264,-0.0523967945604632
short,2025-01-10 08:45:00,1.02505,2025-01-10 15:45:00,1.0243,TECH,0.02,0.0007316716257743802,0.0004316716257743802,0.021583581288719008
short,2025-01-12 19:00:00,1.0243,2025-01-12 19:15:00,1.02421,TECH,0.02,8.786488333488576e-05,-0.00021213511666511422,-0.01060675583325571
short,2025-01-12 19:30:00,1.02403,2025-01-12 20:00:00,1.02424,TECH,0.02,-0.00020507211702786393,-0.0005050721170278639,-0.025253605851393197
short,2025-01-12 20:15:00,1.02452,2025-01-12 20:30:00,1.02449,TECH,0.02,2.9282005231910098e-05,-0.00027071799476808986,-0.013535899738404493
short,2025-01-12 20:45:00,1.02419,2025-01-12 22:00:00,1.02402,TECH,0.02,0.00016598482703404982,-0.00013401517296595015,-0.006700758648297508
short,2025-01-12 22:15:00,1.02338,2025-01-13 03:15:00,1.02289,TECH,0.02,0.00047880552678367707,0.0001788055267836771,0.008940276339183855
short,2025-01-13 04:30:00,1.01868,2025-01-13 09:15:00,1.02064,TECH,0.02,-0.0019240585856205694,-0.0022240585856205695,-0.11120292928102847
short,2025-01-13 16:15:00,1.0219,2025-01-13 16:30:00,1.02224,TECH,0.02,-0.0003327135727566366,-0.0006327135727566366,-0.03163567863783183
short,2025-01-13 21:15:00,1.0242,2025-01-14 00:00:00,1.02501,TECH,0.02,-0.0007908611599296792,-0.0010908611599296791,-0.05454305799648396
short,2025-01-14 07:00:00,1.0254,2025-01-14 10:15:00,1.02745,TECH,0.02,-0.001999219816656802,-0.002299219816656802,-0.1149609908328401
short,2025-01-14 20:00:00,1.03012,2025-01-15 00:15:00,1.03011,TECH,0.02,9.707606880599802e-06,-0.0002902923931194002,-0.01451461965597001
short,2025-01-15 01:00:00,1.0293,2025-01-15 03:30:00,1.03015,TECH,0.02,-0.0008258039444280533,-0.0011258039444280532,-0.05629019722140266
short,2025-01-15 08:00:00,1.02996,2025-01-15 09:00:00,1.03444,TECH,0.02,-0.004349683482853741,-0.004649683482853741,-0.23248417414268707
short,2025-01-15 11:45:00,1.02768,2025-01-15 15:45:00,1.02958,TECH,0.02,-0.0018488245368208128,-0.0021488245368208128,-0.10744122684104064
short,2025-01-15 18:00:00,1.02923,2025-01-15 19:30:00,1.02948,TECH,0.02,-0.0002429000320626696,-0.0005429000320626696,-0.02714500160313348
short,2025-01-15 22:00:00,1.02869,2025-01-16 02:45:00,1.02961,TECH,0.02,-0.0008943413467612301,-0.00119434134676123,-0.0597170673380615
short,2025-01-16 06:00:00,1.02854,2025-01-16 10:45:00,1.03013,TECH,0.02,-0.0015458805685729094,-0.0018458805685729093,-0.09229402842864547
short,2025-01-16 15:15:00,1.02981,2025-01-16 18:00:00,1.03012,TECH,0.02,-0.00030102640292872714,-0.0006010264029287271,-0.030051320146436356
short,2025-01-16 23:30:00,1.0298,2025-01-17 04:30:00,1.02986,TECH,0.02,-5.826374053209262e-05,-0.0003582637405320926,-0.017913187026604632
short,2025-01-17 08:45:00,1.02954,2025-01-17 11:30:00,1.02938,TECH,0.02,0.00015540921188097402,-0.00014459078811902596,-0.007229539405951298
short,2025-01-17 12:45:00,1.0282,2025-01-19 19:15:00,1.02898,TECH,0.02,-0.0007586072748492539,-0.0010586072748492539,-0.05293036374246269
short,2025-01-20 13:30:00,1.03861,2025-01-20 15:15:00,1.04289,TECH,0.02,-0.004120892346501633,-0.004420892346501633,-0.22104461732508165
short,2025-01-20 20:00:00,1.0362,2025-01-21 00:00:00,1.03897,TECH,0.02,-0.002673229106350067,-0.0029732291063500667,-0.14866145531750333
short,2025-01-21 01:45:00,1.03721,2025-01-21 08:30:00,1.03628,TECH,0.02,0.0008966361681818295,0.0005966361681818296,0.029831808409091477
short,2025-01-21 16:15:00,1.04237,2025-01-21 17:45:00,1.04276,TECH,0.02,-0.0003741473756918277,-0.0006741473756918276,-0.03370736878459138
short,2025-01-21 18:15:00,1.03955,2025-01-21 23:15:00,1.04169,TECH,0.02,-0.002058583040738811,-0.002358583040738811,-0.11792915203694054
short,2025-01-21 23:30:00,1.04193,2025-01-21 23:45:00,1.04176,TECH,0.02,0.00016315875346712685,-0.00013684124653287312,-0.006842062326643656
short,2025-01-22 00:15:00,1.0415,2025-01-22 00:30:00,1.04116,TECH,0.02,0.0003264522323571838,2.6452232357183838e-05,0.0013226116178591918
short,2025-01-22 01:45:00,1.0403,2025-01-22 04:00:00,1.04232,TECH,0.02,-0.0019417475728154482,-0.0022417475728154484,-0.11208737864077242
short,2025-01-22 08:45:00,1.04285,2025-01-22 14:45:00,1.04196,TECH,0.02,0.0008534305029487053,0.0005534305029487054,0.02767152514743527
short,2025-01-22 16:30:00,1.04104,2025-01-22 20:45:00,1.04094,TECH,0.02,9.605778836547009e-05,-0.00020394221163452987,-0.010197110581726494
short,2025-01-22 21:30:00,1.04054,2025-01-23 00:00:00,1.04107,TECH,0.02,-0.0005093509139484493,-0.0008093509139484492,-0.04046754569742246
short,2025-01-23 02:15:00,1.03961,2025-01-23 05:30:00,1.04178,TECH,0.02,-0.0020873212069910884,-0.0023873212069910883,-0.11936606034955441
short,2025-01-23 08:15:00,1.03984,2025-01-23 10:30:00,1.0395,TECH,0.02,0.0003269733805200867,2.69733805200867e-05,0.001348669026004335
short,2025-01-23 10:45:00,1.03955,2025-01-23 12:15:00,1.04209,TECH,0.02,-0.0024433649175123725,-0.0027433649175123724,-0.13716824587561863
short,2025-01-23 16:15:00,1.04144,2025-01-23 20:15:00,1.0419,TECH,0.02,-0.0004416961130743269,-0.0007416961130743268,-0.03708480565371634
short,2025-01-24 08:00:00,1.04737,2025-01-24 10:45:00,1.05102,TECH,0.02,-0.0034849193694684337,-0.0037849193694684336,-0.18924596847342168
short,2025-01-24 14:30:00,1.0495,2025-01-27 03:45:00,1.04785,TECH,0.02,0.001572177227251216,0.001272177227251216,0.0636088613625608
short,2025-01-27 10:45:00,1.04954,2025-01-27 16:30:00,1.04898,TECH,0.02,0.0005335670865330468,0.0002335670865330468,0.011678354326652339
short,2025-01-27 18:30:00,1.04454,2025-01-28 01:45:00,1.04377,TECH,0.02,0.0007371665996514613,0.00043716659965146136,0.021858329982573067
short,2025-01-28 04:00:00,1.04254,2025-01-28 10:15:00,1.04374,TECH,0.02,-0.0011510349722791142,-0.0014510349722791141,-0.0725517486139557
short,2025-01-28 12:45:00,1.04307,2025-01-28 15:15:00,1.04326,TECH,0.02,-0.00018215460132122918,-0.0004821546013212292,-0.02410773006606146
short,2025-01-28 18:00:00,1.04283,2025-01-28 20:30:00,1.04325,TECH,0.02,-0.00040275020856715574,-0.0007027502085671558,-0.03513751042835779
short,2025-01-29 02:45:00,1.04183,2025-01-29 10:45:00,1.04252,TECH,0.02,-0.0006622961519632352,-0.0009622961519632353,-0.04811480759816176
short,2025-01-29 15:15:00,1.04193,2025-01-29 18:00:00,1.04211,TECH,0.02,-0.00017275632720054992,-0.0004727563272005499,-0.023637816360027496
short,2025-01-29 22:15:00,1.0424,2025-01-29 23:00:00,1.04251,TECH,0.02,-0.00010552570990028252,-0.0004055257099002825,-0.020276285495014125
short,2025-01-29 23:45:00,1.04193,2025-01-30 04:30:00,1.04085,TECH,0.02,0.0010365379632028733,0.0007365379632028734,0.036826898160143666
short,2025-01-30 05:00:00,1.0407,2025-01-30 09:00:00,1.0456,TECH,0.02,-0.004708369366772486,-0.005008369366772486,-0.2504184683386243
short,2025-01-30 12:45:00,1.04156,2025-01-30 15:15:00,1.04275,TECH,0.02,-0.0011425169937401823,-0.0014425169937401822,-0.07212584968700911
short,2025-01-30 16:00:00,1.04071,2025-01-30 20:45:00,1.03879,TECH,0.02,0.0018448943509718574,0.0015448943509718575,0.07724471754859287
short,2025-01-30 21:00:00,1.03885,2025-01-31 01:45:00,1.03939,TECH,0.02,-0.0005198055542185926,-0.0008198055542185925,-0.040990277710929626
short,2025-01-31 04:45:00,1.03775,2025-01-31 08:30:00,1.03882,TECH,0.02,-0.0010310768489521817,-0.0013310768489521816,-0.06655384244760908
short,2025-01-31 10:15:00,1.03704,2025-01-31 11:45:00,1.04053,TECH,0.02,-0.003365347527578486,-0.003665347527578486,-0.1832673763789243
short,2025-01-31 14:45:00,1.03685,2025-02-03 01:00:00,1.024,TECH,0.02,0.012393306649949393,0.012093306649949393,0.6046653324974697
short,2025-02-03 14:00:00,1.02782,2025-02-03 16:15:00,1.02936,TECH,0.02,-0.0014983168259034626,-0.0017983168259034625,-0.08991584129517312
short,2025-02-03 20:45:00,1.03168,2025-02-04 03:15:00,1.03197,TECH,0.02,-0.00028109491315148446,-0.0005810949131514844,-0.02905474565757422
short,2025-02-04 07:30:00,1.03249,2025-02-04 09:30:00,1.03494,TECH,0.02,-0.0023729043380566043,-0.0026729043380566042,-0.1336452169028302
short,2025-02-04 17:45:00,1.03768,2025-02-04 21:15:00,1.03829,TECH,0.02,-0.0005878498188266127,-0.0008878498188266127,-0.04439249094133063
short,2025-02-05 00:30:00,1.03745,2025-02-05 02:15:00,1.03903,TECH,0.02,-0.0015229649621667694,-0.0018229649621667693,-0.09114824810833846
short,2025-02-05 10:30:00,1.04202,2025-02-05 10:45:00,1.04173,TECH,0.02,0.00027830559874081253,-2.1694401259187443e-05,-0.001084720062959372
short,2025-02-05 12:45:00,1.04177,2025-02-06 09:30:00,1.03671,TECH,0.02,0.004857118173877213,0.004557118173877213,0.22785590869386063
short,2025-02-06 18:00:00,1.03822,2025-02-06 22:45:00,1.03784,TECH,0.02,0.00036601105738651244,6.601105738651247e-05,0.003300552869325623
short,2025-02-06 23:15:00,1.03767,2025-02-07 03:15:00,1.03919,TECH,0.02,-0.001464820222228614,-0.0017648202222286138,-0.08824101111143069
short,2025-02-07 06:45:00,1.03814,2025-02-07 16:15:00,1.03305,TECH,0.02,0.004902999595430326,0.004602999595430326,0.23014997977151627
short,2025-02-09 17:15:00,1.02958,2025-02-09 23:45:00,1.03145,TECH,0.02,-0.0018162745974086895,-0.0021162745974086894,-0.10581372987043447
short,2025-02-10 08:00:00,1.03137,2025-02-11 00:30:00,1.03039,TECH,0.02,0.0009501924624528356,0.0006501924624528355,0.03250962312264177
short,2025-02-11 20:00:00,1.03571,2025-02-11 22:15:00,1.03638,TECH,0.02,-0.0006468992285486966,-0.0009468992285486966,-0.04734496142743483
short,2025-02-12 00:15:00,1.03556,2025-02-12 03:00:00,1.03758,TECH,0.02,-0.0019506354049981757,-0.0022506354049981756,-0.11253177024990878
short,2025-02-12 08:45:00,1.03279,2025-02-12 12:00:00,1.0391,TECH,0.02,-0.006109664113711224,-0.006409664113711224,-0.3204832056855612
short,2025-02-12 15:45:00,1.03938,2025-02-12 19:45:00,1.03994,TECH,0.02,-0.0005387827358618754,-0.0008387827358618753,-0.041939136793093766
short,2025-02-13 03:30:00,1.04191,2025-02-13 11:00:00,1.04332,TECH,0.02,-0.0013532838728874217,-0.0016532838728874216,-0.08266419364437108
short,2025-02-13 14:45:00,1.04341,2025-02-13 15:30:00,1.04573,TECH,0.02,-0.002223478785904007,-0.002523478785904007,-0.12617393929520035
short,2025-02-13 20:30:00,1.04629,2025-02-14 02:30:00,1.04678,TECH,0.02,-0.00046832140228818156,-0.0007683214022881815,-0.038416070114409076
short,2025-02-14 07:00:00,1.04674,2025-02-14 09:00:00,1.04882,TECH,0.02,-0.0019871219213941204,-0.0022871219213941203,-0.11435609606970601
short,2025-02-14 14:15:00,1.05001,2025-02-14 14:30:00,1.04997,TECH,0.02,3.809487528694012e-05,-0.00026190512471305986,-0.013095256235652993
short,2025-02-14 15:15:00,1.04948,2025-02-16 20:45:00,1.05029,TECH,0.02,-0.0007718108015397887,-0.0010718108015397886,-0.05359054007698943
short,2025-02-17 00:15:00,1.04954,2025-02-17 07:00:00,1.04819,TECH,0.02,0.0012862777978923743,0.0009862777978923744,0.04931388989461872
short,2025-02-17 08:15:00,1.04715,2025-02-17 11:15:00,1.04787,TECH,0.02,-0.0006875805758487837,-0.0009875805758487836,-0.04937902879243918
short,2025-02-17 18:30:00,1.04786,2025-02-18 03:00:00,1.04634,TECH,0.02,0.0014505754585535909,0.001150575458553591,0.05752877292767955
short,2025-02-18 06:00:00,1.0462,2025-02-18 06:45:00,1.04634,TECH,0.02,-0.00013381762569301183,-0.0004338176256930118,-0.02169088128465059
short,2025-02-18 07:15:00,1.04585,2025-02-18 11:30:00,1.04627,TECH,0.02,-0.0004015872257016656,-0.0007015872257016655,-0.03507936128508327
short,2025-02-18 13:15:00,1.0437,2025-02-18 16:45:00,1.04455,TECH,0.02,-0.0008144102711507305,-0.0011144102711507305,-0.05572051355753652
short,2025-02-18 20:15:00,1.04464,2025-02-18 22:00:00,1.04517,TECH,0.02,-0.0005073518149792458,-0.0008073518149792458,-0.04036759074896229
short,2025-02-19 03:45:00,1.04475,2025-02-19 09:15:00,1.04321,TECH,0.02,0.0014740368509213657,0.0011740368509213658,0.058701842546068285
short,2025-02-19 11:30:00,1.04066,2025-02-19 15:00:00,1.04255,TECH,0.02,-0.0018161551323200367,-0.0021161551323200366,-0.10580775661600184
short,2025-02-19 18:45:00,1.04209,2025-02-19 20:15:00,1.04317,TECH,0.02,-0.0010363788156492913,-0.0013363788156492912,-0.06681894078246456
short,2025-02-20 02:15:00,1.0427,2025-02-20 03:15:00,1.04401,TECH,0.02,-0.0012563536971325832,-0.0015563536971325831,-0.07781768485662915
short,2025-02-20 19:45:00,1.04891,2025-02-20 22:45:00,1.05013,TECH,0.02,-0.0011631121831234318,-0.0014631121831234317,-0.07315560915617159
short,2025-02-21 01:30:00,1.049,2025-02-21 09:30:00,1.0477,TECH,0.02,0.001239275500476508,0.0009392755004765082,0.046963775023825406
short,2025-02-21 11:15:00,1.04538,2025-02-21 14:45:00,1.04625,TECH,0.02,-0.0008322332548928872,-0.0011322332548928872,-0.05661166274464436
short,2025-02-23 17:30:00,1.04636,2025-02-23 17:45:00,1.04723,TECH,0.02,-0.0008314538017509733,-0.0011314538017509733,-0.056572690087548665
short,2025-02-24 01:00:00,1.05162,2025-02-24 12:00:00,1.04777,TECH,0.02,0.003661018238527138,0.003361018238527138,0.1680509119263569
short,2025-02-24 16:00:00,1.04651,2025-02-24 21:45:00,1.04716,TECH,0.02,-0.0006211120772854912,-0.0009211120772854911,-0.046055603864274555
short,2025-02-25 03:00:00,1.04642,2025-02-25 06:30:00,1.04774,TECH,0.02,-0.0012614437797442595,-0.0015614437797442594,-0.07807218898721296
short,2025-02-25 12:45:00,1.04966,2025-02-25 14:30:00,1.05062,TECH,0.02,-0.0009145818646038449,-0.0012145818646038448,-0.06072909323019224
short,2025-02-25 21:45:00,1.05063,2025-02-26 03:45:00,1.04999,TECH,0.02,0.0006091583145350636,0.00030915831453506365,0.015457915726753183
short,2025-02-26 06:15:00,1.05007,2025-02-26 11:00:00,1.05061,TECH,0.02,-0.0005142514308569761,-0.0008142514308569762,-0.04071257154284881
short,2025-02-26 14:30:00,1.04859,2025-02-26 19:00:00,1.04877,TECH,0.02,-0.00017165908505714246,-0.00047165908505714246,-0.023582954252857124
short,2025-02-26 20:30:00,1.04767,2025-02-27 02:45:00,1.04763,TECH,0.02,3.8179961247377514e-05,-0.0002618200387526225,-0.013091001937631123
short,2025-02-27 08:30:00,1.04819,2025-02-28 02:15:00,1.03904,TECH,0.02,0.008729333422375706,0.008429333422375706,0.42146667111878533
short,2025-02-28 12:15:00,1.04093,2025-03-02 17:45:00,1.04017,TECH,0.02,0.0007301163382743047,0.0004301163382743047,0.021505816913715236
short,2025-03-03 01:15:00,1.04132,2025-03-03 05:15:00,1.04369,TECH,0.02,-0.002275957438635562,-0.0025759574386355617,-0.12879787193177808
short,2025-03-03 14:15:00,1.04886,2025-03-03 18:00:00,1.04865,TECH,0.02,0.00020021737886831556,-9.978262113168442e-05,-0.004989131056584221
short,2025-03-03 22:30:00,1.04805,2025-03-04 02:00:00,1.0486,TECH,0.02,-0.0005247841228949483,-0.0008247841228949482,-0.04123920614474741
short,2025-03-04 10:30:00,1.0515,2025-03-04 13:00:00,1.05414,TECH,0.02,-0.0025106990014265103,-0.0028106990014265102,-0.14053495007132552
short,2025-03-04 20:45:00,1.06123,2025-03-05 00:15:00,1.06238,TECH,0.02,-0.0010836482195190548,-0.0013836482195190548,-0.06918241097595274
short,2025-03-05 07:30:00,1.0703,2025-03-05 08:45:00,1.07053,TECH,0.02,-0.00021489302064837192,-0.0005148930206483719,-0.025744651032418592
short,2025-03-05 23:30:00,1.07891,2025-03-06 01:30:00,1.08102,TECH,0.02,-0.001955677489317975,-0.002255677489317975,-0.11278387446589874
short,2025-03-06 04:30:00,1.07923,2025-03-06 08:00:00,1.08,TECH,0.02,-0.0007134716418188519,-0.001013471641818852,-0.050673582090942595
short,2025-03-06 12:45:00,1.07985,2025-03-06 19:45:00,1.07908,TECH,0.02,0.0007130619993517039,0.0004130619993517039,0.020653099967585197
short,2025-03-07 07:45:00,1.08506,2025-03-07 09:45:00,1.08687,TECH,0.02,-0.0016681105192340418,-0.001968110519234042,-0.0984055259617021
short,2025-03-07 12:00:00,1.08583,2025-03-07 16:30:00,1.08406,TECH,0.02,0.0016300894246797835,0.0013300894246797835,0.06650447123398917
short,2025-03-09 17:00:00,1.08388,2025-03-09 18:15:00,1.08609,TECH,0.02,-0.002038971103812272,-0.0023389711038122717,-0.11694855519061359
short,2025-03-09 22:00:00,1.08368,2025-03-10 02:30:00,1.08335,TECH,0.02,0.0003045179388748906,4.517938874890645e-06,0.00022589694374453224
short,2025-03-10 03:15:00,1.08112,2025-03-10 05:30:00,1.08668,TECH,0.02,-0.005142814858665096,-0.005442814858665096,-0.2721407429332548
short,2025-03-10 09:15:00,1.08386,2025-03-10 16:45:00,1.08345,TECH,0.02,0.0003782776373332547,7.827763733325472e-05,0.003913881866662736
short,2025-03-11 00:30:00,1.08449,2025-03-11 02:30:00,1.08754,TECH,0.02,-0.002812381856909697,-0.003112381856909697,-0.15561909284548484
short,2025-03-11 07:15:00,1.0909,2025-03-11 08:00:00,1.09179,TECH,0.02,-0.0008158401320011526,-0.0011158401320011525,-0.05579200660005763
short,2025-03-11 15:30:00,1.09121,2025-03-12 03:00:00,1.09012,TECH,0.02,0.000998891139194138,0.0006988911391941381,0.034944556959706906
short,2025-03-12 07:15:00,1.08942,2025-03-12 10:45:00,1.09124,TECH,0.02,-0.001670613721062522,-0.001970613721062522,-0.09853068605312611
short,2025-03-12 13:45:00,1.08836,2025-03-12 21:00:00,1.08888,TECH,0.02,-0.00047778308647880845,-0.0007777830864788085,-0.038889154323940425
short,2025-03-13 00:00:00,1.08933,2025-03-13 05:15:00,1.08739,TECH,0.02,0.0017809112022985055,0.0014809112022985055,0.07404556011492527
short,2025-03-13 05:45:00,1.08701,2025-03-13 10:45:00,1.08611,TECH,0.02,0.0008279592644043044,0.0005279592644043044,0.026397963220215218
short,2025-03-13 14:00:00,1.08536,2025-03-13 18:30:00,1.08522,TECH,0.02,0.00012898945971846114,-0.00017101054028153883,-0.008550527014076941
short,2025-03-13 20:30:00,1.08428,2025-03-14 00:45:00,1.08434,TECH,0.02,-5.533626000679809e-05,-0.00035533626000679803,-0.0177668130003399
short,2025-03-14 03:00:00,1.0839,2025-03-14 03:45:00,1.085,TECH,0.02,-0.0010148537687977477,-0.0013148537687977476,-0.06574268843988738
short,2025-03-14 10:00:00,1.08776,2025-03-14 13:15:00,1.0879,TECH,0.02,-0.00012870486136650454,-0.0004287048613665045,-0.021435243068325224
short,2025-03-16 17:15:00,1.08787,2025-03-16 18:30:00,1.08828,TECH,0.02,-0.00037688326730217904,-0.000676883267302179,-0.03384416336510895
short,2025-03-16 20:00:00,1.08793,2025-03-16 21:30:00,1.08826,TECH,0.02,-0.00030332833913941285,-0.0006033283391394128,-0.03016641695697064
short,2025-03-17 00:45:00,1.0877,2025-03-17 04:45:00,1.08944,TECH,0.02,-0.0015997058012320263,-0.0018997058012320263,-0.09498529006160131
short,2025-03-17 14:30:00,1.09206,2025-03-17 14:45:00,1.09195,TECH,0.02,0.00010072706627845951,-0.00019927293372154047,-0.009963646686077023
short,2025-03-17 18:00:00,1.09209,2025-03-18 02:00:00,1.09206,TECH,0.02,2.747026343980303e-05,-0.00027252973656019693,-0.013626486828009847
short,2025-03-18 07:00:00,1.09162,2025-03-18 11:15:00,1.09294,TECH,0.02,-0.001209211996848709,-0.001509211996848709,-0.07546059984243544
short,2025-03-18 17:00:00,1.09437,2025-03-18 22:45:00,1.09365,TECH,0.02,0.0006579127717317305,0.0003579127717317305,0.017895638586586524
short,2025-03-19 00:00:00,1.09296,2025-03-19 07:15:00,1.09147,TECH,0.02,0.0013632703850095075,0.0010632703850095076,0.05316351925047538
short,2025-03-19 09:30:00,1.08975,2025-03-19 14:30:00,1.08886,TECH,0.02,0.0008167010782290043,0.0005167010782290043,0.025835053911450214
short,2025-03-19 23:45:00,1.09045,2025-03-20 11:30:00,1.08482,TECH,0.02,0.005163006098399765,0.004863006098399765,0.24315030491998826
short,2025-03-20 20:15:00,1.0851,2025-03-21 03:00:00,1.08386,TECH,0.02,0.001142751820108661,0.000842751820108661,0.042137591005433045
short,2025-03-21 05:30:00,1.08281,2025-03-21 06:15:00,1.08421,TECH,0.02,-0.0012929322780541792,-0.001592932278054179,-0.07964661390270895
short,2025-03-21 06:30:00,1.08395,2025-03-21 07:00:00,1.08505,TECH,0.02,-0.001014806956040501,-0.0013148069560405008,-0.06574034780202503
short,2025-03-21 09:30:00,1.08251,2025-03-21 14:30:00,1.08197,TECH,0.02,0.000498840657361119,0.00019884065736111898,0.009942032868055948
short,2025-03-23 16:15:00,1.08128,2025-03-23 18:30:00,1.0824,TECH,0.02,-0.0010358094110683724,-0.0013358094110683724,-0.06679047055341862
short,2025-03-23 22:15:00,1.08279,2025-03-24 01:30:00,1.08381,TECH,0.02,-0.0009420109162441664,-0.0012420109162441665,-0.06210054581220832
short,2025-03-24 07:45:00,1.08258,2025-03-24 14:45:00,1.08003,TECH,0.02,0.002355484121265913,0.002055484121265913,0.10277420606329564
short,2025-03-24 17:45:00,1.08007,2025-03-24 19:30:00,1.0796,TECH,0.02,0.0004351569805662526,0.00013515698056625264,0.006757849028312632
short,2025-03-24 23:00:00,1.08031,2025-03-24 23:45:00,1.08034,TECH,0.02,-2.7769806814686978e-05,-0.00032776980681468694,-0.016388490340734346
short,2025-03-25 01:45:00,1.07954,2025-03-25 05:30:00,1.08167,TECH,0.02,-0.001973062600737319,-0.002273062600737319,-0.11365313003686595
short,2025-03-25 10:00:00,1.08125,2025-03-25 22:00:00,1.0795,TECH,0.02,0.0016184971098267193,0.0013184971098267194,0.06592485549133596
short,2025-03-25 23:45:00,1.07815,2025-03-26 03:00:00,1.07859,TECH,0.02,-0.0004081064786903455,-0.0007081064786903454,-0.03540532393451727
short,2025-03-26 07:30:00,1.07913,2025-03-26 11:15:00,1.07808,TECH,0.02,0.0009730060326373981,0.0006730060326373981,0.033650301631869904
short,2025-03-26 12:15:00,1.07801,2025-03-26 20:15:00,1.0759,TECH,0.02,0.001957310229032972,0.0016573102290329722,0.08286551145164861
short,2025-03-27 02:00:00,1.07729,2025-03-27 05:45:00,1.07768,TECH,0.02,-0.0003620195119233358,-0.0006620195119233358,-0.03310097559616679
short,2025-03-27 14:30:00,1.07978,2025-03-27 16:00:00,1.08004,TECH,0.02,-0.00024078979051281462,-0.0005407897905128146,-0.02703948952564073
short,2025-03-27 19:30:00,1.07942,2025-03-28 08:30:00,1.08038,TECH,0.02,-0.0008893665116450036,-0.0011893665116450036,-0.059468325582250174
short,2025-03-28 13:45:00,1.08233,2025-03-28 15:30:00,1.08323,TECH,0.02,-0.0008315393641494746,-0.0011315393641494747,-0.05657696820747373
short,2025-03-30 18:30:00,1.08136,2025-03-30 21:15:00,1.08421,TECH,0.02,-0.002635570022933895,-0.002935570022933895,-0.14677850114669475
short,2025-03-31 01:00:00,1.08341,2025-03-31 13:45:00,1.08155,TECH,0.02,0.001716801580195838,0.001416801580195838,0.0708400790097919
short,2025-04-01 01:45:00,1.08159,2025-04-01 05:45:00,1.08164,TECH,0.02,-4.6228238056826956e-05,-0.00034622823805682693,-0.017311411902841346
short,2025-04-01 07:30:00,1.07871,2025-04-01 11:00:00,1.08074,TECH,0.02,-0.0018818774276682113,-0.002181877427668211,-0.10909387138341056
short,2025-04-01 14:00:00,1.07928,2025-04-01 18:15:00,1.07953,TECH,0.02,-0.00023163590541850444,-0.0005316359054185044,-0.02658179527092522
short,2025-04-01 21:15:00,1.07889,2025-04-01 23:30:00,1.07979,TECH,0.02,-0.000834190695993218,-0.001134190695993218,-0.05670953479966089
short,2025-04-02 01:45:00,1.07885,2025-04-02 05:15:00,1.07982,TECH,0.02,-0.0008991055290354686,-0.0011991055290354687,-0.05995527645177343
short,2025-04-02 15:45:00,1.08519,2025-04-02 16:15:00,1.08857,TECH,0.02,-0.003114661948598806,-0.003414661948598806,-0.1707330974299403
short,2025-04-02 16:45:00,1.0818,2025-04-02 20:00:00,1.09038,TECH,0.02,-0.007931225734886124,-0.008231225734886124,-0.4115612867443062
short,2025-04-03 12:15:00,1.10486,2025-04-03 17:30:00,1.10495,TECH,0.02,-8.145828430764579e-05,-0.0003814582843076458,-0.019072914215382288
short,2025-04-03 21:30:00,1.10608,2025-04-03 21:45:00,1.10622,TECH,0.02,-0.00012657312310142938,-0.00042657312310142936,-0.021328656155071467
short,2025-04-04 03:15:00,1.10639,2025-04-04 07:45:00,1.10696,TECH,0.02,-0.0005151890382233747,-0.0008151890382233746,-0.040759451911168726
short,2025-04-04 10:30:00,1.09987,2025-04-06 19:30:00,1.09871,TECH,0.02,0.0010546700973749878,0.0007546700973749879,0.03773350486874939
short,2025-04-06 22:30:00,1.09362,2025-04-07 01:15:00,1.09827,TECH,0.02,-0.00425193394414883,-0.00455193394414883,-0.22759669720744147
short,2025-04-07 05:30:00,1.09592,2025-04-07 14:45:00,1.09328,TECH,0.02,0.0024089349587560916,0.0021089349587560917,0.10544674793780458
short,2025-04-07 16:30:00,1.09079,2025-04-07 20:15:00,1.09252,TECH,0.02,-0.0015860064723732428,-0.0018860064723732427,-0.09430032361866213
short,2025-04-08 04:00:00,1.09233,2025-04-08 08:30:00,1.09473,TECH,0.02,-0.0021971382274586964,-0.0024971382274586963,-0.12485691137293481
short,2025-04-08 11:00:00,1.091,2025-04-08 14:00:00,1.09335,TECH,0.02,-0.00215398716773609,-0.00245398716773609,-0.1226993583868045
short,2025-04-09 04:30:00,1.10208,2025-04-09 07:45:00,1.10466,TECH,0.02,-0.002341027874564484,-0.002641027874564484,-0.1320513937282242
short,2025-04-09 11:30:00,1.1062,2025-04-09 19:15:00,1.0949,TECH,0.02,0.010215150967275436,0.009915150967275436,0.4957575483637718
short,2025-04-09 19:45:00,1.09471,2025-04-09 20:00:00,1.09504,TECH,0.02,-0.00030144969900698946,-0.0006014496990069894,-0.030072484950349473
short,2025-04-10 16:45:00,1.11869,2025-04-10 19:00:00,1.12346,TECH,0.02,-0.00426391583012268,-0.00456391583012268,-0.22819579150613398
short,2025-04-11 02:00:00,1.12847,2025-04-11 04:15:00,1.13698,TECH,0.02,-0.007541184081100974,-0.007841184081100974,-0.3920592040550487
short,2025-04-11 07:45:00,1.13363,2025-04-11 10:15:00,1.13776,TECH,0.02,-0.003643163995307278,-0.003943163995307278,-0.1971581997653639
short,2025-04-11 11:45:00,1.1338,2025-04-11 16:15:00,1.13479,TECH,0.02,-0.0008731698712295347,-0.0011731698712295346,-0.05865849356147673
short,2025-04-13 19:15:00,1.13332,2025-04-13 20:15:00,1.13666,TECH,0.02,-0.002947093495217501,-0.003247093495217501,-0.16235467476087506
short,2025-04-14 00:45:00,1.13713,2025-04-14 02:45:00,1.14141,TECH,0.02,-0.003763861651702146,-0.0040638616517021465,-0.20319308258510732
short,2025-04-14 06:15:00,1.13756,2025-04-14 12:15:00,1.13668,TECH,0.02,0.000773585569112831,0.000473585569112831,0.02367927845564155
short,2025-04-14 14:30:00,1.13475,2025-04-14 16:15:00,1.13577,TECH,0.02,-0.0008988764044944005,-0.0011988764044944004,-0.05994382022472002
short,2025-04-14 18:30:00,1.13525,2025-04-14 23:45:00,1.13513,TECH,0.02,0.00010570358951783308,-0.0001942964104821669,-0.009714820524108344
short,2025-04-15 03:15:00,1.13421,2025-04-15 05:45:00,1.13454,TECH,0.02,-0.00029095141111448806,-0.0005909514111144881,-0.029547570555724403
short,2025-04-15 06:15:00,1.13419,2025-04-15 16:45:00,1.12835,TECH,0.02,0.005149049101120683,0.004849049101120683,0.24245245505603416
short,2025-04-16 06:15:00,1.13662,2025-04-16 10:45:00,1.1363,TECH,0.02,0.00028153648536879164,-1.8463514631208338e-05,-0.0009231757315604169
short,2025-04-16 20:30:00,1.13768,2025-04-17 04:15:00,1.13752,TECH,0.02,0.00014063708599952357,-0.0001593629140004764,-0.00796814570002382
short,2025-04-17 07:30:00,1.13662,2025-04-17 11:00:00,1.13493,TECH,0.02,0.0014868645633544803,0.0011868645633544804,0.05934322816772402
short,2025-04-17 13:00:00,1.13505,2025-04-17 15:45:00,1.13749,TECH,0.02,-0.0021496850359015002,-0.0024496850359015,-0.12248425179507501
short,2025-04-17 19:30:00,1.13707,2025-04-17 20:15:00,1.13749,TECH,0.02,-0.00036937039935963916,-0.0006693703993596392,-0.03346851996798196
short,2025-04-17 23:45:00,1.137,2025-04-18 05:15:00,1.13691,TECH,0.02,7.91556728231517e-05,-0.00022084432717684826,-0.011042216358842413
short,2025-04-18 05:45:00,1.13688,2025-04-18 06:45:00,1.13733,TECH,0.02,-0.00039582013932874317,-0.0006958201393287432,-0.03479100696643716
short,2025-04-21 07:45:00,1.15422,2025-04-21 14:15:00,1.15157,TECH,0.02,0.002295922787683493,0.001995922787683493,0.09979613938417464
short,2025-04-21 17:45:00,1.15081,2025-04-21 19:00:00,1.15233,TECH,0.02,-0.0013208088216125735,-0.0016208088216125734,-0.08104044108062866
short,2025-04-21 20:45:00,1.1488,2025-04-21 23:30:00,1.1537,TECH,0.02,-0.004265320334261755,-0.004565320334261755,-0.22826601671308774
short,2025-04-22 03:15:00,1.14972,2025-04-22 21:45:00,1.14088,TECH,0.02,0.007688828584351129,0.007388828584351129,0.36944142921755646
short,2025-04-23 01:00:00,1.139,2025-04-23 04:00:00,1.13853,TECH,0.02,0.0004126426690078757,0.00011264266900787572,0.005632133450393786
short,2025-04-23 08:15:00,1.14097,2025-04-23 19:00:00,1.13318,TECH,0.02,0.006827523948920623,0.006527523948920623,0.32637619744603114
short,2025-04-24 00:45:00,1.1334,2025-04-24 03:15:00,1.13647,TECH,0.02,-0.002708664196223865,-0.0030086641962238647,-0.15043320981119324
short,2025-04-24 08:30:00,1.13652,2025-04-24 14:15:00,1.13711,TECH,0.02,-0.0005191285679091353,-0.0008191285679091352,-0.04095642839545676
short,2025-04-24 19:45:00,1.13737,2025-04-25 03:15:00,1.13613,TECH,0.02,0.0010902344883370477,0.0007902344883370478,0.03951172441685239
short,2025-04-25 08:00:00,1.13492,2025-04-25 08:30:00,1.1353,TECH,0.02,-0.00033482536214010417,-0.0006348253621401041,-0.031741268107005206
short,2025-04-25 09:45:00,1.13402,2025-04-25 10:45:00,1.1369,TECH,0.02,-0.002539637748893312,-0.002839637748893312,-0.14198188744466558
short,2025-04-25 16:15:00,1.1358,2025-04-27 21:30:00,1.13527,TECH,0.02,0.0004666314491987317,0.00016663144919873174,0.008331572459936588
short,2025-04-27 23:00:00,1.13531,2025-04-28 00:30:00,1.13616,TECH,0.02,-0.00074869418925229,-0.00104869418925229,-0.0524347094626145
short,2025-04-28 03:30:00,1.13495,2025-04-28 07:15:00,1.13485,TECH,0.02,8.810960835278118e-05,-0.00021189039164721879,-0.01059451958236094
short,2025-04-28 19:15:00,1.14063,2025-04-29 03:45:00,1.14052,TECH,0.02,9.643793342280537e-05,-0.00020356206657719462,-0.01017810332885973
short,2025-04-29 06:15:00,1.13813,2025-04-29 09:15:00,1.14074,TECH,0.02,-0.002293235394902165,-0.002593235394902165,-0.12966176974510824
short,2025-04-29 14:00:00,1.13856,2025-04-29 18:15:00,1.13893,TECH,0.02,-0.0003249718943226369,-0.0006249718943226369,-0.031248594716131842
short,2025-04-29 21:30:00,1.13827,2025-04-30 02:00:00,1.13825,TECH,0.02,1.75705236893786e-05,-0.00028242947631062137,-0.014121473815531069
short,2025-04-30 05:00:00,1.13709,2025-04-30 08:45:00,1.13794,TECH,0.02,-0.0007475221838201176,-0.0010475221838201175,-0.052376109191005875
short,2025-04-30 10:45:00,1.13558,2025-05-01 04:15:00,1.13196,TECH,0.02,0.0031877983057115806,0.0028877983057115806,0.14438991528557904
short,2025-05-01 09:30:00,1.13235,2025-05-01 15:15:00,1.12839,TECH,0.02,0.003497151940654359,0.003197151940654359,0.15985759703271796
short,2025-05-01 21:00:00,1.1282,2025-05-01 23:00:00,1.12938,TECH,0.02,-0.0010459138450628956,-0.0013459138450628955,-0.06729569225314477
short,2025-05-02 09:00:00,1.13184,2025-05-02 09:45:00,1.13671,TECH,0.02,-0.004302728300820039,-0.0046027283008200385,-0.23013641504100193
short,2025-05-02 12:45:00,1.13312,2025-05-04 19:15:00,1.13029,TECH,0.02,0.0024975289466251487,0.0021975289466251487,0.10987644733125744
short,2025-05-05 02:45:00,1.13246,2025-05-05 06:15:00,1.13337,TECH,0.02,-0.0008035603906539449,-0.001103560390653945,-0.05517801953269724
short,2025-05-05 11:30:00,1.1329,2025-05-05 16:15:00,1.13161,TECH,0.02,0.0011386706681966751,0.0008386706681966752,0.04193353340983376
short,2025-05-05 20:00:00,1.13121,2025-05-05 23:45:00,1.13123,TECH,0.02,-1.7680183166617145e-05,-0.0003176801831666171,-0.015884009158330856
short,2025-05-06 06:15:00,1.13202,2025-05-06 08:45:00,1.13378,TECH,0.02,-0.0015547428490662566,-0.0018547428490662565,-0.09273714245331283
short,2025-05-06 18:15:00,1.13416,2025-05-06 23:15:00,1.13404,TECH,0.02,0.00010580517740011991,-0.00019419482259988005,-0.009709741129994003
short,2025-05-06 23:30:00,1.13391,2025-05-07 00:00:00,1.13456,TECH,0.02,-0.0005732377349172681,-0.0008732377349172681,-0.0436618867458634
short,2025-05-07 06:00:00,1.13565,2025-05-07 08:00:00,1.13573,TECH,0.02,-7.044423898195568e-05,-0.00037044423898195564,-0.01852221194909778
short,2025-05-07 09:30:00,1.13603,2025-05-07 20:30:00,1.13152,TECH,0.02,0.003969965581894857,0.003669965581894857,0.18349827909474284
short,2025-05-08 01:45:00,1.1304,2025-05-08 07:00:00,1.12871,TECH,0.02,0.0014950460014154009,0.001195046001415401,0.059752300070770044
short,2025-05-08 11:30:00,1.12741,2025-05-08 17:45:00,1.12252,TECH,0.02,0.004337375045458228,0.0040373750454582285,0.20186875227291143
short,2025-05-08 20:45:00,1.12184,2025-05-09 00:30:00,1.12256,TECH,0.02,-0.0006418027526207427,-0.0009418027526207427,-0.047090137631037136
short,2025-05-09 07:45:00,1.125,2025-05-09 08:30:00,1.12534,TECH,0.02,-0.0003022222222222284,-0.0006022222222222284,-0.030111111111111418
short,2025-05-09 13:15:00,1.12541,2025-05-11 21:00:00,1.12383,TECH,0.02,0.0014039327889390665,0.0011039327889390666,0.05519663944695333
short,2025-05-11 23:15:00,1.12306,2025-05-12 09:45:00,1.11228,TECH,0.02,0.009598774776058281,0.009298774776058281,0.46493873880291403
short,2025-05-12 12:30:00,1.10958,2025-05-12 16:45:00,1.1089,TECH,0.02,0.0006128444997206276,0.0003128444997206276,0.01564222498603138
short,2025-05-13 05:00:00,1.11118,2025-05-13 05:30:00,1.11097,TECH,0.02,0.00018898828272651008,-0.0001110117172734899,-0.005550585863674495
short,2025-05-13 05:45:00,1.11097,2025-05-13 08:45:00,1.11304,TECH,0.02,-0.0018632366310521583,-0.0021632366310521583,-0.1081618315526079
short,2025-05-13 23:15:00,1.11892,2025-05-14 00:45:00,1.11927,TECH,0.02,-0.0003128016301434173,-0.0006128016301434173,-0.030640081507170864
short,2025-05-14 02:15:00,1.11859,2025-05-14 02:30:00,1.11949,TECH,0.02,-0.0008045843427887992,-0.0011045843427887991,-0.05522921713943996
short,2025-05-14 03:00:00,1.11879,2025-05-14 03:45:00,1.12042,TECH,0.02,-0.001456931148830451,-0.001756931148830451,-0.08784655744152255
short,2025-05-14 08:15:00,1.12121,2025-05-14 18:45:00,1.11832,TECH,0.02,0.002577572444056028,0.002277572444056028,0.1138786222028014
short,2025-05-15 02:00:00,1.11929,2025-05-15 02:45:00,1.12161,TECH,0.02,-0.0020727425421473433,-0.0023727425421473432,-0.11863712710736717
short,2025-05-15 07:00:00,1.12001,2025-05-15 10:15:00,1.12026,TECH,0.02,-0.00022321229274746074,-0.0005232122927474607,-0.026160614637373035
short,2025-05-15 11:15:00,1.11928,2025-05-15 16:30:00,1.11858,TECH,0.02,0.0006254020441713824,0.00032540204417138245,0.016270102208569122
short,2025-05-16 01:00:00,1.1203,2025-05-16 01:45:00,1.12136,TECH,0.02,-0.0009461751316610183,-0.0012461751316610182,-0.06230875658305091
short,2025-05-16 05:15:00,1.12024,2025-05-16 15:45:00,1.11548,TECH,0.02,0.0042490894808254265,0.003949089480825427,0.19745447404127134
short,2025-05-18 22:45:00,1.11785,2025-05-19 02:15:00,1.11926,TECH,0.02,-0.001261349912778916,-0.0015613499127789159,-0.0780674956389458
short,2025-05-19 09:30:00,1.12593,2025-05-19 16:45:00,1.12425,TECH,0.02,0.0014920998641124454,0.0011920998641124455,0.05960499320562227
short,2025-05-19 19:45:00,1.12327,2025-05-19 22:45:00,1.12413,TECH,0.02,-0.000765621800635718,-0.001065621800635718,-0.0532810900317859
short,2025-05-20 06:15:00,1.12482,2025-05-20 11:00:00,1.12684,TECH,0.02,-0.0017958428904181407,-0.002095842890418141,-0.10479214452090704
short,2025-05-21 04:30:00,1.13228,2025-05-21 06:45:00,1.13523,TECH,0.02,-0.0026053626311513126,-0.0029053626311513125,-0.14526813155756563
short,2025-05-21 09:00:00,1.13345,2025-05-21 11:00:00,1.13407,TECH,0.02,-0.0005470025144469036,-0.0008470025144469036,-0.04235012572234518
short,2025-05-21 15:30:00,1.13292,2025-05-21 20:45:00,1.13316,TECH,0.02,-0.00021184196589345936,-0.0005118419658934594,-0.025592098294672967
short,2025-05-22 01:00:00,1.1333,2025-05-22 09:15:00,1.13045,TECH,0.02,0.0025147798464660895,0.0022147798464660895,0.11073899232330447
short,2025-05-22 10:15:00,1.12873,2025-05-22 16:00:00,1.12786,TECH,0.02,0.000770777776793322,0.000470777776793322,0.0235388888396661
short,2025-05-23 08:30:00,1.13255,2025-05-23 11:45:00,1.13487,TECH,0.02,-0.002048474681029623,-0.002348474681029623,-0.11742373405148115
short,2025-05-26 03:15:00,1.13964,2025-05-26 11:00:00,1.1384,TECH,0.02,0.0010880628970551295,0.0007880628970551296,0.03940314485275648
short,2025-05-27 00:30:00,1.13934,2025-05-27 08:30:00,1.13623,TECH,0.02,0.002729650499411893,0.002429650499411893,0.12148252497059465
short,2025-05-27 11:30:00,1.13378,2025-05-27 15:45:00,1.13373,TECH,0.02,4.410026636570191e-05,-0.0002558997336342981,-0.012794986681714905
short,2025-05-27 17:00:00,1.13242,2025-05-27 19:30:00,1.13347,TECH,0.02,-0.0009272178167111102,-0.0012272178167111103,-0.061360890835555515
short,2025-05-27 22:15:00,1.13186,2025-05-28 03:30:00,1.13169,TECH,0.02,0.00015019525382998204,-0.00014980474617001794,-0.007490237308500897
short,2025-05-28 08:15:00,1.13119,2025-05-28 18:00:00,1.12936,TECH,0.02,0.001617765362140753,0.0013177653621407532,0.06588826810703766
short,2025-05-28 19:30:00,1.12697,2025-05-29 00:00:00,1.12484,TECH,0.02,0.0018900236918462472,0.0015900236918462473,0.07950118459231237
short,2025-05-29 16:45:00,1.1367,2025-05-29 19:30:00,1.13758,TECH,0.02,-0.0007741708454297457,-0.0010741708454297457,-0.05370854227148728
short,2025-05-29 22:15:00,1.13541,2025-05-30 08:15:00,1.1348,TECH,0.02,0.0005372508609224856,0.00023725086092248564,0.011862543046124281
short,2025-05-30 11:00:00,1.13521,2025-05-30 12:00:00,1.13461,TECH,0.02,0.0005285365703263325,0.00022853657032633254,0.011426828516316627
short,2025-05-30 16:45:00,1.13458,2025-06-01 19:45:00,1.13581,TECH,0.02,-0.001084101605880647,-0.0013841016058806469,-0.06920508029403234
short,2025-06-02 00:00:00,1.13617,2025-06-02 02:00:00,1.13793,TECH,0.02,-0.0015490639604990503,-0.0018490639604990503,-0.09245319802495251
short,2025-06-02 08:00:00,1.1414,2025-06-02 10:30:00,1.14432,TECH,0.02,-0.002558261783774342,-0.002858261783774342,-0.1429130891887171
short,2025-06-02 13:30:00,1.1418,2025-06-02 15:45:00,1.14419,TECH,0.02,-0.00209318619723254,-0.00239318619723254,-0.119659309861627
short,2025-06-02 22:00:00,1.14276,2025-06-03 03:30:00,1.14296,TECH,0.02,-0.0001750148762644632,-0.0004750148762644632,-0.023750743813223157
short,2025-06-03 04:45:00,1.14105,2025-06-03 19:15:00,1.13765,TECH,0.02,0.0029797116690765944,0.0026797116690765945,0.13398558345382972
short,2025-06-03 23:45:00,1.13674,2025-06-04 03:30:00,1.1394,TECH,0.02,-0.0023400249837252887,-0.0026400249837252887,-0.13200124918626444
short,2025-06-04 07:15:00,1.13856,2025-06-04 09:00:00,1.14091,TECH,0.02,-0.002064010680157457,-0.002364010680157457,-0.11820053400787285
short,2025-06-04 15:30:00,1.14146,2025-06-04 19:15:00,1.14215,TECH,0.02,-0.0006044889877876399,-0.0009044889877876398,-0.04522444938938199
short,2025-06-04 22:45:00,1.14167,2025-06-05 04:00:00,1.1412,TECH,0.02,0.0004116776301382803,0.00011167763013828034,0.005583881506914017
short,2025-06-05 12:45:00,1.14388,2025-06-05 16:45:00,1.14411,TECH,0.02,-0.00020107004231208908,-0.0005010700423120891,-0.025053502115604455
short,2025-06-05 22:30:00,1.14349,2025-06-06 13:45:00,1.13884,TECH,0.02,0.0040664981766345325,0.0037664981766345326,0.18832490883172662
short,2025-06-06 14:00:00,1.13932,2025-06-06 15:45:00,1.13996,TECH,0.02,-0.000561738580907887,-0.000861738580907887,-0.04308692904539435
short,2025-06-08 17:45:00,1.13929,2025-06-08 18:45:00,1.14031,TECH,0.02,-0.0008952944377638889,-0.001195294437763889,-0.05976472188819444
short,2025-06-09 07:30:00,1.14156,2025-06-09 12:00:00,1.14243,TECH,0.02,-0.0007621150005257267,-0.0010621150005257266,-0.05310575002628633
short,2025-06-09 17:15:00,1.14189,2025-06-09 20:00:00,1.1426,TECH,0.02,-0.0006217761780906991,-0.0009217761780906991,-0.046088808904534956
short,2025-06-09 22:00:00,1.13963,2025-06-10 02:30:00,1.14069,TECH,0.02,-0.0009301264445478453,-0.0012301264445478454,-0.06150632222739227
short,2025-06-10 03:45:00,1.13981,2025-06-10 05:30:00,1.14066,TECH,0.02,-0.000745738324808536,-0.001045738324808536,-0.0522869162404268
short,2025-06-10 12:00:00,1.14223,2025-06-10 15:45:00,1.14318,TECH,0.02,-0.0008317063988863945,-0.0011317063988863945,-0.05658531994431972
short,2025-06-10 18:30:00,1.14281,2025-06-10 18:45:00,1.14282,TECH,0.02,-8.750360952252314e-06,-0.0003087503609522523,-0.015437518047612614
short,2025-06-10 22:00:00,1.14085,2025-06-11 02:00:00,1.14219,TECH,0.02,-0.001174562825963202,-0.001474562825963202,-0.07372814129816009
short,2025-06-11 03:15:00,1.14065,2025-06-11 04:45:00,1.14382,TECH,0.02,-0.002779117170034732,-0.003079117170034732,-0.1539558585017366
short,2025-06-11 16:00:00,1.14828,2025-06-11 18:45:00,1.14963,TECH,0.02,-0.0011756714390218086,-0.0014756714390218085,-0.07378357195109042
short,2025-06-12 04:15:00,1.15307,2025-06-12 04:30:00,1.15352,TECH,0.02,-0.0003902625165862102,-0.0006902625165862102,-0.03451312582931051
short,2025-06-12 11:00:00,1.15818,2025-06-12 15:45:00,1.15786,TECH,0.02,0.00027629556718307863,-2.3704432816921343e-05,-0.0011852216408460672
short,2025-06-12 21:00:00,1.15585,2025-06-13 03:30:00,1.15477,TECH,0.02,0.0009343772980922869,0.000634377298092287,0.03171886490461435
short,2025-06-13 06:00:00,1.15233,2025-06-13 10:15:00,1.154,TECH,0.02,-0.0014492376315810907,-0.0017492376315810907,-0.08746188157905453
short,2025-06-13 15:00:00,1.15408,2025-06-15 21:15:00,1.15381,TECH,0.02,0.00023395258560930999,-6.604741439068999e-05,-0.0033023707195344995
short,2025-06-15 22:45:00,1.15318,2025-06-16 01:30:00,1.15555,TECH,0.02,-0.0020551865276886377,-0.0023551865276886376,-0.11775932638443187
short,2025-06-16 08:00:00,1.15729,2025-06-16 09:30:00,1.15954,TECH,0.02,-0.0019441972193660062,-0.002244197219366006,-0.11220986096830031
short,2025-06-16 12:45:00,1.15809,2025-06-16 23:30:00,1.15615,TECH,0.02,0.001675172050531524,0.001375172050531524,0.0687586025265762
short,2025-06-17 03:45:00,1.15549,2025-06-17 07:15:00,1.15723,TECH,0.02,-0.001505854659062454,-0.0018058546590624539,-0.09029273295312269
short,2025-06-17 10:00:00,1.15588,2025-06-17 21:00:00,1.1492,TECH,0.02,0.005779146624217063,0.005479146624217063,0.27395733121085314
short,2025-06-18 05:45:00,1.15051,2025-06-18 09:15:00,1.15052,TECH,0.02,-8.691797550708393e-06,-0.00030869179755070835,-0.015434589877535418
short,2025-06-18 10:30:00,1.15017,2025-06-18 11:30:00,1.15294,TECH,0.02,-0.0024083396367494906,-0.0027083396367494905,-0.13541698183747453
short,2025-06-18 14:00:00,1.14968,2025-06-18 19:45:00,1.14781,TECH,0.02,0.0016265395588337956,0.0013265395588337957,0.06632697794168978
short,2025-06-18 20:45:00,1.14803,2025-06-19 01:30:00,1.14613,TECH,0.02,0.0016550090154438583,0.0013550090154438583,0.06775045077219291
short,2025-06-19 03:15:00,1.14646,2025-06-19 04:30:00,1.14703,TECH,0.02,-0.0004971826317533621,-0.0007971826317533621,-0.0398591315876681
short,2025-06-19 10:00:00,1.14725,2025-06-19 14:30:00,1.14854,TECH,0.02,-0.0011244279799518773,-0.0014244279799518773,-0.07122139899759386
short,2025-06-20 03:15:00,1.15157,2025-06-20 06:00:00,1.15267,TECH,0.02,-0.0009552176593694703,-0.0012552176593694704,-0.06276088296847351
short,2025-06-20 08:30:00,1.15158,2025-06-20 12:30:00,1.15298,TECH,0.02,-0.0012157210093956528,-0.0015157210093956527,-0.07578605046978264
short,2025-06-20 16:15:00,1.15198,2025-06-22 21:45:00,1.14861,TECH,0.02,0.0029253980103822073,0.0026253980103822074,0.13126990051911036
short,2025-06-22 22:00:00,1.1492,2025-06-22 22:15:00,1.15015,TECH,0.02,-0.000826662025757054,-0.0011266620257570539,-0.0563331012878527
short,2025-06-23 04:45:00,1.14873,2025-06-23 09:45:00,1.14872,TECH,0.02,8.7052658153487e-06,-0.00029129473418465127,-0.014564736709232563
short,2025-06-23 23:15:00,1.16064,2025-06-24 00:00:00,1.16056,TECH,0.02,6.892748828220463e-05,-0.00023107251171779533,-0.011553625585889767
short,2025-06-24 04:15:00,1.1592,2025-06-24 07:00:00,1.15967,TECH,0.02,-0.000405452035886793,-0.000705452035886793,-0.03527260179433965
short,2025-06-24 09:45:00,1.15839,2025-06-24 11:00:00,1.16165,TECH,0.02,-0.0028142508136292962,-0.003114250813629296,-0.1557125406814648
short,2025-06-24 16:15:00,1.16099,2025-06-24 20:30:00,1.16223,TECH,0.02,-0.0010680539884065582,-0.0013680539884065581,-0.06840269942032791
short,2025-06-25 00:30:00,1.16152,2025-06-25 08:00:00,1.15991,TECH,0.02,0.0013861147461947372,0.0010861147461947373,0.05430573730973686
short,2025-06-25 09:00:00,1.15926,2025-06-25 10:45:00,1.162,TECH,0.02,-0.00236357676448766,-0.0026635767644876598,-0.13317883822438298
short,2025-06-26 01:45:00,1.16781,2025-06-26 03:45:00,1.1702,TECH,0.02,-0.0020465657940931248,-0.0023465657940931247,-0.11732828970465624
short,2025-06-26 08:00:00,1.16949,2025-06-26 10:45:00,1.17145,TECH,0.02,-0.001675944214999858,-0.001975944214999858,-0.0987972107499929
short,2025-06-26 16:00:00,1.17044,2025-06-26 22:00:00,1.17012,TECH,0.02,0.0002734014558626465,-2.6598544137353467e-05,-0.0013299272068676732
short,2025-06-27 01:30:00,1.16898,2025-06-27 03:15:00,1.17259,TECH,0.02,-0.003088162329552356,-0.003388162329552356,-0.1694081164776178
short,2025-06-27 07:00:00,1.17138,2025-06-27 08:30:00,1.17183,TECH,0.02,-0.00038416227014277123,-0.0006841622701427712,-0.03420811350713856
short,2025-06-27 12:00:00,1.17233,2025-06-29 17:15:00,1.17222,TECH,0.02,9.383023551393762e-05,-0.00020616976448606237,-0.010308488224303119
short,2025-06-29 21:45:00,1.17321,2025-06-30 01:45:00,1.17323,TECH,0.02,-1.7047246443440627e-05,-0.0003170472464434406,-0.01585236232217203
short,2025-06-30 05:15:00,1.17262,2025-06-30 10:45:00,1.17471,TECH,0.02,-0.001782333577800076,-0.002082333577800076,-0.1041166788900038
short,2025-06-30 23:15:00,1.17912,2025-07-01 00:45:00,1.1785,TECH,0.02,0.0005258158626771176,0.0002258158626771176,0.01129079313385588
short,2025-07-01 01:45:00,1.17843,2025-07-01 05:00:00,1.18041,TECH,0.02,-0.0016802016241947936,-0.0019802016241947935,-0.09901008120973967
short,2025-07-01 09:30:00,1.17979,2025-07-01 15:15:00,1.17894,TECH,0.02,0.0007204672017899757,0.00042046720178997573,0.021023360089498785
short,2025-07-01 22:15:00,1.17933,2025-07-02 11:15:00,1.17775,TECH,0.02,0.001339743752808726,0.001039743752808726,0.0519871876404363
short,2025-07-02 18:15:00,1.17997,2025-07-02 20:00:00,1.17985,TECH,0.02,0.00010169750078383176,-0.00019830249921616821,-0.009915124960808411
short,2025-07-02 23:30:00,1.17947,2025-07-03 03:15:00,1.17976,TECH,0.02,-0.0002458731464131359,-0.0005458731464131358,-0.02729365732065679
short,2025-07-03 06:00:00,1.17921,2025-07-03 17:30:00,1.17525,TECH,0.02,0.0033581804767600218,0.003058180476760022,0.1529090238380011
short,2025-07-04 04:30:00,1.17693,2025-07-04 07:00:00,1.17777,TECH,0.02,-0.0007137212918354973,-0.0010137212918354974,-0.05068606459177487
short,2025-07-04 08:30:00,1.17663,2025-07-04 11:00:00,1.17782,TECH,0.02,-0.0010113629603188973,-0.0013113629603188973,-0.06556814801594486
short,2025-07-04 14:00:00,1.17755,2025-07-04 16:45:00,1.1779,TECH,0.02,-0.0002972272939576667,-0.0005972272939576667,-0.029861364697883332
short,2025-07-06 22:00:00,1.1772,2025-07-07 10:00:00,1.17351,TECH,0.02,0.0031345565749235226,0.0028345565749235226,0.14172782874617612
short,2025-07-07 13:00:00,1.16942,2025-07-07 16:45:00,1.17073,TECH,0.02,-0.0011202134391408941,-0.001420213439140894,-0.0710106719570447
short,2025-07-07 18:15:00,1.17174,2025-07-07 18:45:00,1.1734,TECH,0.02,-0.0014166965367743652,-0.0017166965367743652,-0.08583482683871825
short,2025-07-08 02:15:00,1.17392,2025-07-08 03:45:00,1.17592,TECH,0.02,-0.0017036936077415852,-0.0020036936077415853,-0.10018468038707927
short,2025-07-08 06:30:00,1.1731,2025-07-08 13:15:00,1.17195,TECH,0.02,0.0009803085840934143,0.0006803085840934144,0.03401542920467072
short,2025-07-08 19:00:00,1.17288,2025-07-08 19:15:00,1.1727,TECH,0.02,0.00015346838551245394,-0.00014653161448754604,-0.007326580724377301
short,2025-07-08 21:00:00,1.17243,2025-07-09 02:30:00,1.17146,TECH,0.02,0.0008273415043969681,0.0005273415043969682,0.026367075219848407
short,2025-07-09 05:30:00,1.17098,2025-07-09 10:15:00,1.1715,TECH,0.02,-0.0004440724862935968,-0.0007440724862935968,-0.037203624314679835
short,2025-07-09 13:00:00,1.17048,2025-07-09 15:00:00,1.17133,TECH,0.02,-0.0007261977991935082,-0.0010261977991935082,-0.051309889959675406
short,2025-07-10 00:15:00,1.17328,2025-07-10 03:15:00,1.17335,TECH,0.02,-5.96618028090417e-05,-0.0003596618028090417,-0.017983090140452084
short,2025-07-10 03:45:00,1.17281,2025-07-10 14:15:00,1.16939,TECH,0.02,0.002916073362266675,0.002616073362266675,0.13080366811333374
short,2025-07-10 20:45:00,1.16708,2025-07-11 01:15:00,1.16776,TECH,0.02,-0.000582650718031338,-0.000882650718031338,-0.0441325359015669
short,2025-07-11 02:15:00,1.16761,2025-07-11 02:45:00,1.16809,TECH,0.02,-0.00041109617081048973,-0.0007110961708104897,-0.035554808540524487
short,2025-07-11 09:30:00,1.16948,2025-07-11 09:45:00,1.17025,TECH,0.02,-0.0006584122858021833,-0.0009584122858021832,-0.04792061429010916
short,2025-07-11 10:15:00,1.16834,2025-07-11 11:30:00,1.16945,TECH,0.02,-0.0009500659054728645,-0.0012500659054728645,-0.06250329527364322
short,2025-07-11 12:00:00,1.16958,2025-07-11 12:15:00,1.16934,TECH,0.02,0.00020520186733700814,-9.479813266299183e-05,-0.004739906633149591
short,2025-07-11 14:30:00,1.16907,2025-07-11 15:00:00,1.16885,TECH,0.02,0.00018818377000531106,-0.00011181622999468892,-0.005590811499734446
short,2025-07-11 15:15:00,1.16872,2025-07-13 20:45:00,1.16868,TECH,0.02,3.4225477445444595e-05,-0.0002657745225545554,-0.013288726127727768
short,2025-07-13 23:45:00,1.16777,2025-07-14 04:30:00,1.16836,TECH,0.02,-0.0005052364763610047,-0.0008052364763610047,-0.040261823818050234
short,2025-07-14 09:30:00,1.16774,2025-07-14 16:30:00,1.1668,TECH,0.02,0.000804973709901126,0.0005049737099011261,0.025248685495056305
short,2025-07-14 17:45:00,1.16627,2025-07-14 20:30:00,1.16765,TECH,0.02,-0.0011832594510706432,-0.001483259451070643,-0.07416297255353216
short,2025-07-15 06:45:00,1.1681,2025-07-15 16:45:00,1.16009,TECH,0.02,0.006857289615614974,0.006557289615614974,0.3278644807807487
short,2025-07-15 19:00:00,1.16039,2025-07-15 19:30:00,1.16046,TECH,0.02,-6.0324546057803406e-05,-0.0003603245460578034,-0.01801622730289017
short,2025-07-16 06:00:00,1.16156,2025-07-16 11:45:00,1.16891,TECH,0.02,-0.006327697234753235,-0.006627697234753235,-0.33138486173766174
short,2025-07-16 15:45:00,1.16293,2025-07-16 18:15:00,1.1642,TECH,0.02,-0.0010920691701133192,-0.0013920691701133192,-0.06960345850566596
short,2025-07-16 20:30:00,1.16277,2025-07-17 02:00:00,1.16168,TECH,0.02,0.0009374166860170415,0.0006374166860170416,0.03187083430085208
short,2025-07-17 02:15:00,1.16081,2025-07-17 10:30:00,1.15909,TECH,0.02,0.0014817239686080788,0.001181723968608079,0.05908619843040395
short,2025-07-17 14:15:00,1.1587,2025-07-17 16:30:00,1.15953,TECH,0.02,-0.0007163200138084805,-0.0010163200138084804,-0.050816000690424024
short,2025-07-18 01:15:00,1.16186,2025-07-18 04:15:00,1.16376,TECH,0.02,-0.0016353089012445673,-0.0019353089012445672,-0.09676544506222835
short,2025-07-18 12:15:00,1.16408,2025-07-20 17:45:00,1.16331,TECH,0.02,0.0006614665658717077,0.0003614665658717077,0.018073328293585385
short,2025-07-20 21:30:00,1.1624,2025-07-21 01:00:00,1.16289,TECH,0.02,-0.000421541637990261,-0.0007215416379902609,-0.036077081899513044
short,2025-07-21 15:00:00,1.16936,2025-07-21 18:45:00,1.16939,TECH,0.02,-2.5655059177648022e-05,-0.000325655059177648,-0.0162827529588824
short,2025-07-21 21:00:00,1.16885,2025-07-22 00:15:00,1.16881,TECH,0.02,3.4221670873114605e-05,-0.00026577832912688535,-0.013288916456344268
short,2025-07-22 00:30:00,1.16925,2025-07-22 02:15:00,1.16893,TECH,0.02,0.0002736797092152029,-2.63202907847971e-05,-0.001316014539239855
short,2025-07-22 02:30:00,1.16857,2025-07-22 04:45:00,1.16989,TECH,0.02,-0.0011295857329898832,-0.0014295857329898831,-0.07147928664949416
short,2025-07-22 09:00:00,1.16906,2025-07-22 11:15:00,1.17319,TECH,0.02,-0.003532752809949846,-0.003832752809949846,-0.1916376404974923
short,2025-07-22 16:30:00,1.17497,2025-07-22 17:00:00,1.17537,TECH,0.02,-0.0003404342238524864,-0.0006404342238524863,-0.032021711192624314
short,2025-07-22 19:30:00,1.17428,2025-07-23 04:00:00,1.17419,TECH,0.02,7.664270872357825e-05,-0.00022335729127642172,-0.011167864563821087
short,2025-07-23 06:15:00,1.17298,2025-07-23 11:15:00,1.17393,TECH,0.02,-0.0008099029821480387,-0.0011099029821480387,-0.055495149107401935
short,2025-07-23 21:00:00,1.17668,2025-07-23 23:00:00,1.17765,TECH,0.02,-0.0008243532651189257,-0.0011243532651189258,-0.056217663255946286
short,2025-07-24 02:00:00,1.17707,2025-07-24 10:00:00,1.1771,TECH,0.02,-2.548701436615876e-05,-0.0003254870143661587,-0.016274350718307934
short,2025-07-24 14:00:00,1.17695,2025-07-24 15:30:00,1.17674,TECH,0.02,0.0001784272908790038,-0.00012157270912099618,-0.006078635456049809
short,2025-07-24 16:00:00,1.1758,2025-07-24 20:45:00,1.17578,TECH,0.02,1.7009695526372664e-05,-0.0002829903044736273,-0.014149515223681365
short,2025-07-24 22:15:00,1.17433,2025-07-25 02:15:00,1.17465,TECH,0.02,-0.0002724958061191283,-0.0005724958061191283,-0.028624790305956414
short,2025-07-25 05:45:00,1.17365,2025-07-25 11:30:00,1.17375,TECH,0.02,-8.52042772547088e-05,-0.00038520427725470877,-0.019260213862735437
short,2025-07-27 22:45:00,1.17521,2025-07-28 19:30:00,1.15902,TECH,0.02,0.013776261263944442,0.013476261263944442,0.6738130631972221
short,2025-07-28 21:30:00,1.15911,2025-07-28 21:45:00,1.15962,TECH,0.02,-0.0004399927530605468,-0.0007399927530605467,-0.036999637653027335
short,2025-07-28 22:15:00,1.15965,2025-07-28 22:30:00,1.1598,TECH,0.02,-0.00012934937265543262,-0.0004293493726554326,-0.02146746863277163
short,2025-07-29 00:15:00,1.15801,2025-07-29 06:00:00,1.15765,TECH,0.02,0.00031087814440282547,1.0878144402825499e-05,0.0005439072201412749
short,2025-07-29 08:30:00,1.15342,2025-07-29 12:45:00,1.15461,TECH,0.02,-0.0010317143798443103,-0.0013317143798443102,-0.0665857189922155
short,2025-07-29 18:00:00,1.15479,2025-07-29 20:15:00,1.15565,TECH,0.02,-0.00074472414897954,-0.00104472414897954,-0.052236207448977
short,2025-07-30 00:45:00,1.1555,2025-07-30 04:30:00,1.15553,TECH,0.02,-2.59627866724141e-05,-0.00032596278667241407,-0.016298139333620704
short,2025-07-30 05:45:00,1.15498,2025-07-30 14:00:00,1.14802,TECH,0.02,0.006026078373651367,0.005726078373651367,0.2863039186825683
short,2025-07-30 15:00:00,1.14239,2025-07-30 20:00:00,1.14278,TECH,0.02,-0.0003413895429755954,-0.0006413895429755954,-0.032069477148779765
short,2025-07-30 23:45:00,1.14202,2025-07-31 01:45:00,1.14365,TECH,0.02,-0.0014272954939493357,-0.0017272954939493356,-0.08636477469746678
short,2025-07-31 06:00:00,1.14328,2025-07-31 12:15:00,1.14263,TECH,0.02,0.0005685396403331113,0.0002685396403331113,0.013426982016655565
short,2025-07-31 13:30:00,1.1423,2025-07-31 20:00:00,1.14217,TECH,0.02,0.00011380548017174605,-0.00018619451982825394,-0.009309725991412696
short,2025-07-31 22:45:00,1.14078,2025-08-01 01:15:00,1.1419,TECH,0.02,-0.0009817843931345307,-0.0012817843931345306,-0.06408921965672652
short,2025-08-01 04:45:00,1.14114,2025-08-01 08:45:00,1.15293,TECH,0.02,-0.010331773489668197,-0.010631773489668197,-0.5315886744834099
short,2025-08-01 13:30:00,1.15263,2025-08-01 16:00:00,1.15687,TECH,0.02,-0.0036785438518865737,-0.003978543851886574,-0.19892719259432867
short,2025-08-03 20:30:00,1.15644,2025-08-03 23:45:00,1.15766,TECH,0.02,-0.0010549617792535704,-0.0013549617792535703,-0.06774808896267852
short,2025-08-04 02:45:00,1.15741,2025-08-04 07:00:00,1.15737,TECH,0.02,3.455992258580797e-05,-0.000265440077414192,-0.013272003870709601
short,2025-08-04 11:45:00,1.15717,2025-08-04 15:30:00,1.15713,TECH,0.02,3.456709040161774e-05,-0.00026543290959838225,-0.013271645479919112
short,2025-08-04 21:45:00,1.15695,2025-08-05 09:30:00,1.15508,TECH,0.02,0.0016163187691774202,0.0013163187691774202,0.06581593845887102
short,2025-08-05 15:45:00,1.1571,2025-08-05 19:00:00,1.15758,TECH,0.02,-0.0004148301788955457,-0.0007148301788955457,-0.03574150894477728
short,2025-08-05 21:45:00,1.15691,2025-08-06 00:30:00,1.15817,TECH,0.02,-0.0010891080550775919,-0.0013891080550775918,-0.06945540275387958
short,2025-08-06 04:30:00,1.15731,2025-08-06 06:00:00,1.15848,TECH,0.02,-0.001010965082821278,-0.001310965082821278,-0.0655482541410639
short,2025-08-06 18:15:00,1.16645,2025-08-06 19:00:00,1.16633,TECH,0.02,0.00010287624844605253,-0.00019712375155394744,-0.009856187577697371
short,2025-08-06 19:15:00,1.16596,2025-08-06 19:30:00,1.16607,TECH,0.02,-9.434285910308453e-05,-0.0003943428591030845,-0.019717142955154227
short,2025-08-06 21:15:00,1.16532,2025-08-06 23:45:00,1.16595,TECH,0.02,-0.0005406240346000502,-0.0008406240346000501,-0.04203120173000251
short,2025-08-07 06:30:00,1.16622,2025-08-07 14:00:00,1.16332,TECH,0.02,0.0024866663236783153,0.0021866663236783154,0.10933331618391577
short,2025-08-07 14:45:00,1.16224,2025-08-07 16:15:00,1.16596,TECH,0.02,-0.0032007158590309816,-0.0035007158590309815,-0.17503579295154906
short,2025-08-07 22:00:00,1.16572,2025-08-08 04:30:00,1.16522,TECH,0.02,0.0004289194660811918,0.00012891946608119183,0.0064459733040595915
short,2025-08-08 05:30:00,1.16318,2025-08-08 09:00:00,1.16417,TECH,0.02,-0.0008511150466822197,-0.0011511150466822196,-0.05755575233411098
short,2025-08-08 15:30:00,1.16414,2025-08-10 19:45:00,1.16491,TECH,0.02,-0.0006614324737573981,-0.000961432473757398,-0.0480716236878699
short,2025-08-11 03:00:00,1.16639,2025-08-11 14:30:00,1.1614,TECH,0.02,0.004278157391610053,0.003978157391610053,0.19890786958050263
short,2025-08-12 02:15:00,1.16133,2025-08-12 09:00:00,1.1642,TECH,0.02,-0.0024713044526533615,-0.0027713044526533614,-0.13856522263266807
short,2025-08-12 15:30:00,1.16727,2025-08-12 17:30:00,1.16712,TECH,0.02,0.00012850497314254158,-0.0001714950268574584,-0.00857475134287292
short,2025-08-13 08:30:00,1.17147,2025-08-13 11:45:00,1.17158,TECH,0.02,-9.389911820196376e-05,-0.00039389911820196375,-0.019694955910098188
short,2025-08-13 14:00:00,1.1704,2025-08-13 18:00:00,1.17045,TECH,0.02,-4.2720437457179995e-05,-0.00034272043745718,-0.017136021872858998
short,2025-08-13 23:15:00,1.17015,2025-08-14 07:15:00,1.16936,TECH,0.02,0.000675127120454701,0.000375127120454701,0.018756356022735052
short,2025-08-14 09:15:00,1.16636,2025-08-14 16:00:00,1.16481,TECH,0.02,0.0013289207448816509,0.001028920744881651,0.051446037244082546
short,2025-08-15 14:15:00,1.17041,2025-08-17 17:15:00,1.17104,TECH,0.02,-0.0005382729129109718,-0.0008382729129109718,-0.041913645645548586
short,2025-08-17 21:00:00,1.17012,2025-08-18 00:45:00,1.17068,TECH,0.02,-0.0004785833931561668,-0.0007785833931561667,-0.038929169657808335
short,2025-08-18 03:00:00,1.16967,2025-08-18 16:00:00,1.16669,TECH,0.02,0.0025477271367137593,0.0022477271367137594,0.11238635683568797
short,2025-08-18 18:00:00,1.16613,2025-08-18 19:30:00,1.16643,TECH,0.02,-0.00025726119729358387,-0.0005572611972935839,-0.027863059864679195
short,2025-08-18 21:15:00,1.16574,2025-08-19 01:15:00,1.16634,TECH,0.02,-0.0005146945287971022,-0.0008146945287971022,-0.04073472643985511
short,2025-08-19 09:30:00,1.16739,2025-08-19 19:15:00,1.16444,TECH,0.02,0.0025270046856663226,0.0022270046856663226,0.11135023428331613
short,2025-08-19 19:30:00,1.16424,2025-08-20 01:00:00,1.16344,TECH,0.02,0.0006871435442863258,0.00038714354428632587,0.019357177214316294
short,2025-08-20 12:30:00,1.16595,2025-08-20 14:15:00,1.16626,TECH,0.02,-0.0002658776105322119,-0.0005658776105322118,-0.02829388052661059
short,2025-08-20 16:00:00,1.16528,2025-08-21 04:45:00,1.16534,TECH,0.02,-5.148977069884404e-05,-0.000351489770698844,-0.0175744885349422
short,2025-08-21 08:00:00,1.16404,2025-08-21 19:00:00,1.16132,TECH,0.02,0.002336689460843318,0.002036689460843318,0.10183447304216589
short,2025-08-21 23:00:00,1.16086,2025-08-22 04:00:00,1.15944,TECH,0.02,0.0012232310528401157,0.0009232310528401158,0.04616155264200579
short,2025-08-22 16:15:00,1.17203,2025-08-25 00:30:00,1.17045,TECH,0.02,0.0013480883595129091,0.0010480883595129092,0.05240441797564546
short,2025-08-25 05:00:00,1.17039,2025-08-25 09:15:00,1.16985,TECH,0.02,0.0004613846666495655,0.0001613846666495655,0.008069233332478274
short,2025-08-25 11:45:00,1.16758,2025-08-25 19:30:00,1.16142,TECH,0.02,0.005275869747683384,0.004975869747683384,0.2487934873841692
short,2025-08-26 00:15:00,1.1624,2025-08-26 06:15:00,1.1644,TECH,0.02,-0.0017205781142463881,-0.0020205781142463883,-0.10102890571231941
short,2025-08-26 13:45:00,1.16452,2025-08-26 18:30:00,1.16455,TECH,0.02,-2.5761687218746342e-05,-0.0003257616872187463,-0.016288084360937316
short,2025-08-26 20:15:00,1.16407,2025-08-27 09:30:00,1.15935,TECH,0.02,0.004054738976178267,0.003754738976178267,0.18773694880891337
short,2025-08-28 00:45:00,1.16416,2025-08-28 05:15:00,1.16467,TECH,0.02,-0.00043808411214954165,-0.0007380841121495416,-0.03690420560747708
short,2025-08-28 16:45:00,1.16791,2025-08-29 02:15:00,1.16634,TECH,0.02,0.0013442816655393577,0.0010442816655393578,0.05221408327696789
short,2025-08-29 07:30:00,1.1663,2025-08-29 10:45:00,1.16956,TECH,0.02,-0.0027951641944611513,-0.0030951641944611512,-0.15475820972305757
short,2025-08-29 15:15:00,1.16948,2025-08-31 21:15:00,1.16928,TECH,0.02,0.0001710161781304323,-0.00012898382186956768,-0.006449191093478384
short,2025-09-01 07:15:00,1.17259,2025-09-01 15:30:00,1.17106,TECH,0.02,0.0013048038956498275,0.0010048038956498276,0.05024019478249138
short,2025-09-01 20:45:00,1.17061,2025-09-02 03:00:00,1.17031,TECH,0.02,0.000256276642092556,-4.3723357907443985e-05,-0.0021861678953721993
short,2025-09-02 03:30:00,1.1673,2025-09-02 10:00:00,1.165,TECH,0.02,0.0019703589479996304,0.0016703589479996304,0.08351794739998152
short,2025-09-02 13:45:00,1.16444,2025-09-02 17:45:00,1.16405,TECH,0.02,0.0003349249424615184,3.492494246151842e-05,0.001746247123075921
short,2025-09-02 20:00:00,1.16327,2025-09-03 02:15:00,1.16321,TECH,0.02,5.1578739243639894e-05,-0.00024842126075636005,-0.012421063037818002
short,2025-09-03 08:45:00,1.16457,2025-09-03 10:15:00,1.1669,TECH,0.02,-0.0020007384699931674,-0.0023007384699931673,-0.11503692349965837
short,2025-09-03 14:45:00,1.16618,2025-09-03 19:45:00,1.16593,TECH,0.02,0.00021437513934391216,-8.562486065608781e-05,-0.004281243032804391
short,2025-09-03 20:45:00,1.1656,2025-09-04 03:00:00,1.16517,TECH,0.02,0.00036890871654077765,6.890871654077768e-05,0.0034454358270388837
short,2025-09-04 04:30:00,1.16521,2025-09-04 15:15:00,1.16503,TECH,0.02,0.0001544785918418731,-0.00014552140815812686,-0.007276070407906343
short,2025-09-05 02:45:00,1.16699,2025-09-05 03:15:00,1.16715,TECH,0.02,-0.00013710485951031113,-0.00043710485951031113,-0.021855242975515558
short,2025-09-05 14:15:00,1.17226,2025-09-07 22:45:00,1.17129,TECH,0.02,0.0008274614846536923,0.0005274614846536923,0.026373074232684614
short,2025-09-08 07:00:00,1.17256,2025-09-08 08:45:00,1.17346,TECH,0.02,-0.0007675513406562571,-0.001067551340656257,-0.05337756703281285
short,2025-09-08 13:45:00,1.17424,2025-09-08 15:00:00,1.1761,TECH,0.02,-0.0015840032702002767,-0.0018840032702002766,-0.09420016351001383
short,2025-09-09 00:15:00,1.17669,2025-09-09 02:00:00,1.17789,TECH,0.02,-0.001019809805471356,-0.001319809805471356,-0.06599049027356779
short,2025-09-09 03:45:00,1.17536,2025-09-09 07:00:00,1.17542,TECH,0.02,-5.104818949083599e-05,-0.00035104818949083596,-0.017552409474541796
short,2025-09-09 07:45:00,1.17472,2025-09-09 18:30:00,1.1709,TECH,0.02,0.0032518387360391705,0.0029518387360391706,0.14759193680195853
short,2025-09-09 20:15:00,1.16994,2025-09-09 23:30:00,1.17082,TECH,0.02,-0.0007521753252303468,-0.0010521753252303468,-0.05260876626151734
short,2025-09-10 03:30:00,1.17035,2025-09-10 07:00:00,1.17001,TECH,0.02,0.0002905113854829811,-9.488614517018856e-06,-0.0004744307258509428
short,2025-09-10 08:15:00,1.16963,2025-09-10 09:45:00,1.17206,TECH,0.02,-0.0020775800894301225,-0.0023775800894301224,-0.11887900447150612
short,2025-09-10 13:30:00,1.17027,2025-09-10 19:30:00,1.17041,TECH,0.02,-0.00011963051261677134,-0.00041963051261677134,-0.020981525630838566
short,2025-09-10 21:45:00,1.17,2025-09-11 09:00:00,1.17147,TECH,0.02,-0.001256410256410327,-0.0015564102564103268,-0.07782051282051634
short,2025-09-11 14:30:00,1.17329,2025-09-11 16:00:00,1.17368,TECH,0.02,-0.00033239863972258564,-0.0006323986397225856,-0.03161993198612928
short,2025-09-11 20:30:00,1.17296,2025-09-12 02:15:00,1.17275,TECH,0.02,0.00017903423816672647,-0.0001209657618332735,-0.006048288091663675
short,2025-09-12 05:30:00,1.1723,2025-09-12 12:00:00,1.1714,TECH,0.02,0.0007677215729761162,0.0004677215729761162,0.02338607864880581
short,2025-09-14 17:30:00,1.1729,2025-09-14 23:30:00,1.17318,TECH,0.02,-0.00023872452894520925,-0.0005387245289452092,-0.026936226447260462
short,2025-09-15 02:45:00,1.17201,2025-09-15 04:45:00,1.17322,TECH,0.02,-0.0010324143991944893,-0.0013324143991944892,-0.06662071995972446
short,2025-09-15 11:15:00,1.176,2025-09-15 12:45:00,1.17616,TECH,0.02,-0.00013605442176884355,-0.00043605442176884355,-0.021802721088442178
short,2025-09-15 17:30:00,1.17641,2025-09-15 22:30:00,1.17733,TECH,0.02,-0.0007820402750741935,-0.0010820402750741935,-0.054102013753709675
short,2025-09-16 17:00:00,1.18657,2025-09-16 19:30:00,1.18717,TECH,0.02,-0.0005056591688650109,-0.000805659168865011,-0.04028295844325055
short,2025-09-16 21:45:00,1.18546,2025-09-17 02:30:00,1.1854,TECH,0.02,5.061326404935551e-05,-0.0002493867359506445,-0.012469336797532224
short,2025-09-17 03:15:00,1.18434,2025-09-17 09:45:00,1.18505,TECH,0.02,-0.0005994900113143088,-0.0008994900113143088,-0.04497450056571544
short,2025-09-17 16:15:00,1.18207,2025-09-17 20:15:00,1.18183,TECH,0.02,0.00020303366128910977,-9.69663387108902e-05,-0.00484831693554451
short,2025-09-17 22:15:00,1.18152,2025-09-18 04:15:00,1.18262,TECH,0.02,-0.0009310041302729543,-0.0012310041302729543,-0.06155020651364771
short,2025-09-18 08:15:00,1.18178,2025-09-18 13:30:00,1.17912,TECH,0.02,0.002250841950278484,0.001950841950278484,0.0975420975139242
short,2025-09-18 17:30:00,1.17877,2025-09-18 19:00:00,1.17866,TECH,0.02,9.331761072987478e-05,-0.0002066823892701252,-0.010334119463506259
short,2025-09-18 20:30:00,1.17783,2025-09-19 00:30:00,1.17794,TECH,0.02,-9.339208544531427e-05,-0.00039339208544531424,-0.01966960427226571
short,2025-09-19 01:45:00,1.17742,2025-09-19 11:00:00,1.1757,TECH,0.02,0.0014608211173582442,0.0011608211173582442,0.05804105586791221
short,2025-09-19 13:15:00,1.17497,2025-09-22 02:30:00,1.17433,TECH,0.02,0.000544694758164016,0.00024469475816401605,0.012234737908200802
short,2025-09-22 11:00:00,1.17695,2025-09-22 13:00:00,1.17882,TECH,0.02,-0.0015888525425889278,-0.0018888525425889277,-0.09444262712944639
short,2025-09-23 00:15:00,1.18017,2025-09-23 05:45:00,1.18029,TECH,0.02,-0.00010168026640239967,-0.00040168026640239967,-0.020084013320119984
short,2025-09-23 08:00:00,1.17918,2025-09-23 10:45:00,1.18,TECH,0.02,-0.0006953984972608448,-0.0009953984972608447,-0.049769924863042235
short,2025-09-23 18:45:00,1.18149,2025-09-23 19:00:00,1.18143,TECH,0.02,5.0783332910095715e-05,-0.0002492166670899043,-0.012460833354495214
short,2025-09-23 19:15:00,1.18137,2025-09-23 19:30:00,1.18169,TECH,0.02,-0.0002708719537485089,-0.0005708719537485089,-0.028543597687425443
short,2025-09-23 20:30:00,1.18062,2025-09-24 02:15:00,1.1795,TECH,0.02,0.0009486540969998897,0.0006486540969998897,0.032432704849994484
short,2025-09-24 02:30:00,1.17928,2025-09-24 17:30:00,1.17385,TECH,0.02,0.004604504443389225,0.004304504443389225,0.21522522216946127
short,2025-09-25 02:15:00,1.17425,2025-09-25 06:30:00,1.17487,TECH,0.02,-0.0005279965935704194,-0.0008279965935704193,-0.04139982967852096
short,2025-09-25 08:30:00,1.1735,2025-09-25 17:30:00,1.16619,TECH,0.02,0.006229228802726824,0.005929228802726824,0.2964614401363412
short,2025-09-26 03:45:00,1.16735,2025-09-26 05:45:00,1.16824,TECH,0.02,-0.0007624105880839811,-0.001062410588083981,-0.05312052940419905
short,2025-09-26 07:00:00,1.16631,2025-09-26 09:30:00,1.16804,TECH,0.02,-0.001483310612101422,-0.0017833106121014218,-0.08916553060507108
short,2025-09-29 03:00:00,1.17196,2025-09-29 09:00:00,1.175,TECH,0.02,-0.0025939451858426514,-0.0028939451858426514,-0.14469725929213256
short,2025-09-29 12:30:00,1.17294,2025-09-29 16:15:00,1.17255,TECH,0.02,0.0003324978259758491,3.2497825975849116e-05,0.0016248912987924557
short,2025-09-29 17:15:00,1.17242,2025-09-29 19:45:00,1.17307,TECH,0.02,-0.0005544088296003476,-0.0008544088296003475,-0.04272044148001737
short,2025-09-29 21:45:00,1.17203,2025-09-30 01:00:00,1.17283,TECH,0.02,-0.0006825763845636494,-0.0009825763845636494,-0.04912881922818246
short,2025-09-30 07:30:00,1.1739,2025-09-30 12:00:00,1.1734,TECH,0.02,0.00042593065848875114,0.00012593065848875117,0.006296532924437558
short,2025-09-30 15:45:00,1.17384,2025-09-30 20:00:00,1.17342,TECH,0.02,0.0003578000408915073,5.780004089150735e-05,0.0028900020445753677
short,2025-09-30 20:15:00,1.17323,2025-09-30 21:00:00,1.1736,TECH,0.02,-0.00031536868303741076,-0.0006153686830374107,-0.030768434151870538
short,2025-09-30 21:30:00,1.17379,2025-09-30 23:00:00,1.17378,TECH,0.02,8.519411478921671e-06,-0.00029148058852107833,-0.014574029426053917
short,2025-10-01 05:15:00,1.17513,2025-10-01 09:15:00,1.17535,TECH,0.02,-0.00018721332958897055,-0.0004872133295889705,-0.024360666479448526
short,2025-10-01 12:00:00,1.17228,2025-10-01 15:30:00,1.17334,TECH,0.02,-0.0009042208346129431,-0.001204220834612943,-0.06021104173064715
short,2025-10-01 17:45:00,1.17315,2025-10-01 19:30:00,1.17355,TECH,0.02,-0.0003409623662789737,-0.0006409623662789736,-0.03204811831394868
short,2025-10-01 21:30:00,1.17345,2025-10-01 22:30:00,1.17384,TECH,0.02,-0.0003323533171416681,-0.0006323533171416681,-0.0316176658570834
short,2025-10-02 01:30:00,1.17313,2025-10-02 03:00:00,1.17427,TECH,0.02,-0.0009717593105622726,-0.0012717593105622726,-0.06358796552811363
short,2025-10-02 08:00:00,1.17502,2025-10-02 14:30:00,1.17182,TECH,0.02,0.002723357900290948,0.0024233579002909482,0.12116789501454742
short,2025-10-02 17:45:00,1.17185,2025-10-02 19:45:00,1.17249,TECH,0.02,-0.0005461449844263121,-0.000846144984426312,-0.0423072492213156
short,2025-10-03 01:00:00,1.17179,2025-10-03 03:45:00,1.17303,TECH,0.02,-0.001058210088838365,-0.001358210088838365,-0.06791050444191825
short,2025-10-03 08:45:00,1.17334,2025-10-03 09:45:00,1.17428,TECH,0.02,-0.0008011318117510192,-0.0011011318117510193,-0.05505659058755096
short,2025-10-03 10:00:00,1.17379,2025-10-03 10:15:00,1.17443,TECH,0.02,-0.0005452423346596888,-0.0008452423346596888,-0.04226211673298444
short,2025-10-03 14:00:00,1.17337,2025-10-03 16:45:00,1.17395,TECH,0.02,-0.0004943027348577387,-0.0007943027348577387,-0.03971513674288693
short,2025-10-05 17:30:00,1.17221,2025-10-05 22:30:00,1.1729,TECH,0.02,-0.0005886317298095729,-0.0008886317298095728,-0.04443158649047864
short,2025-10-06 01:45:00,1.17153,2025-10-06 08:30:00,1.16784,TECH,0.02,0.0031497272797111225,0.0028497272797111226,0.1424863639855561
short,2025-10-06 17:45:00,1.171,2025-10-07 12:00:00,1.1673,TECH,0.02,0.0031596925704526356,0.0028596925704526357,0.14298462852263177
short,2025-10-07 15:00:00,1.16577,2025-10-07 19:00:00,1.16591,TECH,0.02,-0.00012009229951021985,-0.00042009229951021985,-0.021004614975510993
short,2025-10-07 20:45:00,1.16485,2025-10-08 04:15:00,1.16311,TECH,0.02,0.0014937545606729216,0.0011937545606729217,0.05968772803364608
short,2025-10-08 06:45:00,1.16294,2025-10-08 07:00:00,1.16335,TECH,0.02,-0.00035255473197243317,-0.0006525547319724331,-0.03262773659862166
short,2025-10-08 11:30:00,1.16173,2025-10-08 15:30:00,1.16242,TECH,0.02,-0.0005939417937042854,-0.0008939417937042853,-0.04469708968521426
short,2025-10-09 02:15:00,1.16299,2025-10-09 07:00:00,1.16184,TECH,0.02,0.0009888305144498098,0.0006888305144498099,0.03444152572249049
short,2025-10-09 08:30:00,1.1608,2025-10-09 17:00:00,1.15634,TECH,0.02,0.003842177808408107,0.003542177808408107,0.17710889042040534
short,2025-10-10 03:45:00,1.15746,2025-10-10 04:15:00,1.15857,TECH,0.02,-0.0009589964232026735,-0.0012589964232026735,-0.06294982116013367
short,2025-10-10 07:00:00,1.15715,2025-10-10 11:15:00,1.16074,TECH,0.02,-0.003102449984876813,-0.003402449984876813,-0.17012249924384065
short,2025-10-10 16:15:00,1.16101,2025-10-10 16:30:00,1.16123,TECH,0.02,-0.00018949018526962468,-0.0004894901852696247,-0.024474509263481235
short,2025-10-12 18:30:00,1.15957,2025-10-12 21:30:00,1.16109,TECH,0.02,-0.0013108307389807995,-0.0016108307389807995,-0.08054153694903997
short,2025-10-13 03:00:00,1.1614,2025-10-13 12:45:00,1.15714,TECH,0.02,0.0036679869123471074,0.0033679869123471075,0.16839934561735537
short,2025-10-13 16:15:00,1.15689,2025-10-13 22:45:00,1.15718,TECH,0.02,-0.00025067206043800493,-0.000550672060438005,-0.027533603021900246
short,2025-10-14 03:15:00,1.15673,2025-10-14 09:30:00,1.15756,TECH,0.02,-0.0007175399617887375,-0.0010175399617887374,-0.050876998089436874
short,2025-10-14 16:45:00,1.16026,2025-10-14 18:45:00,1.16059,TECH,0.02,-0.00028441900953229574,-0.0005844190095322957,-0.029220950476614785
short,2025-10-14 19:45:00,1.16051,2025-10-14 21:00:00,1.16106,TECH,0.02,-0.0004739295654497165,-0.0007739295654497165,-0.038696478272485825
short,2025-10-15 06:45:00,1.16234,2025-10-15 11:30:00,1.1634,TECH,0.02,-0.0009119534731662517,-0.0012119534731662516,-0.06059767365831258
short,2025-10-16 01:00:00,1.16559,2025-10-16 06:00:00,1.16583,TECH,0.02,-0.00020590430597381413,-0.0005059043059738142,-0.025295215298690707
short,2025-10-16 08:00:00,1.1654,2025-10-16 10:15:00,1.16636,TECH,0.02,-0.0008237515016304032,-0.001123751501630403,-0.056187575081520155
short,2025-10-16 18:00:00,1.16884,2025-10-16 19:00:00,1.16943,TECH,0.02,-0.0005047739639299376,-0.0008047739639299376,-0.04023869819649688
short,2025-10-17 04:15:00,1.17046,2025-10-17 13:30:00,1.16731,TECH,0.02,0.0026912495941766364,0.0023912495941766365,0.11956247970883183
short,2025-10-17 15:45:00,1.16674,2025-10-19 21:15:00,1.16669,TECH,0.02,4.285444914900107e-05,-0.0002571455508509989,-0.012857277542549944
short,2025-10-20 03:15:00,1.16616,2025-10-20 11:15:00,1.16566,TECH,0.02,0.00042875763188599073,0.00012875763188599076,0.006437881594299538
short,2025-10-20 13:30:00,1.16492,2025-10-20 19:15:00,1.16431,TECH,0.02,0.0005236411084022933,0.00022364110840229328,0.011182055420114663
short,2025-10-20 20:00:00,1.16438,2025-10-20 20:15:00,1.16513,TECH,0.02,-0.0006441196173070891,-0.0009441196173070891,-0.047205980865354456
short,2025-10-20 23:00:00,1.1634,2025-10-21 12:30:00,1.16159,TECH,0.02,0.0015557847687812354,0.0012557847687812355,0.06278923843906177
short,2025-10-21 14:00:00,1.16038,2025-10-21 20:30:00,1.1607,TECH,0.02,-0.0002757717299506179,-0.0005757717299506178,-0.028788586497530893
short,2025-10-22 03:45:00,1.16039,2025-10-22 10:30:00,1.16028,TECH,0.02,9.47957152337184e-05,-0.00020520428476628158,-0.010260214238314079
short,2025-10-22 15:30:00,1.16076,2025-10-22 18:45:00,1.16121,TECH,0.02,-0.00038767703918127905,-0.000687677039181279,-0.03438385195906395
short,2025-10-22 20:15:00,1.16019,2025-10-23 02:15:00,1.16001,TECH,0.02,0.00015514700178424998,-0.00014485299821575,-0.0072426499107874995
short,2025-10-23 06:30:00,1.15918,2025-10-23 09:30:00,1.16037,TECH,0.02,-0.0010265877603131543,-0.0013265877603131542,-0.06632938801565771
short,2025-10-23 14:30:00,1.16119,2025-10-23 15:15:00,1.16177,TECH,0.02,-0.0004994875946227791,-0.0007994875946227792,-0.03997437973113896
short,2025-10-23 21:45:00,1.16111,2025-10-24 03:45:00,1.16213,TECH,0.02,-0.0008784697401624487,-0.0011784697401624486,-0.05892348700812243
short,2025-10-24 13:00:00,1.16254,2025-10-24 16:15:00,1.1635,TECH,0.02,-0.0008257780377449997,-0.0011257780377449996,-0.056288901887249984
short,2025-10-26 19:00:00,1.16308,2025-10-26 20:00:00,1.16348,TECH,0.02,-0.00034391443408895176,-0.0006439144340889517,-0.03219572170444759
short,2025-10-26 22:45:00,1.16304,2025-10-27 04:15:00,1.16293,TECH,0.02,9.457972210762699e-05,-0.00020542027789237298,-0.010271013894618649
short,2025-10-27 09:30:00,1.16396,2025-10-27 13:45:00,1.16433,TECH,0.02,-0.0003178803395305521,-0.000617880339530552,-0.0308940169765276
short,2025-10-28 02:45:00,1.16602,2025-10-28 06:30:00,1.16556,TECH,0.02,0.00039450438242922674,9.450438242922677e-05,0.0047252191214613385
short,2025-10-28 07:45:00,1.16437,2025-10-28 10:45:00,1.16597,TECH,0.02,-0.0013741336516743354,-0.0016741336516743353,-0.08370668258371676
short,2025-10-28 15:00:00,1.16523,2025-10-28 20:00:00,1.16544,TECH,0.02,-0.00018022193043437218,-0.00048022193043437215,-0.02401109652171861
short,2025-10-28 21:30:00,1.16427,2025-10-29 05:15:00,1.16416,TECH,0.02,9.447980279474045e-05,-0.00020552019720525953,-0.010276009860262976
short,2025-10-29 09:15:00,1.1638,2025-10-29 10:00:00,1.16504,TECH,0.02,-0.0010654751675546743,-0.0013654751675546742,-0.06827375837773371
short,2025-10-29 13:45:00,1.15986,2025-10-29 18:15:00,1.16036,TECH,0.02,-0.0004310865104410593,-0.0007310865104410593,-0.03655432552205296
short,2025-10-30 02:45:00,1.16119,2025-10-30 15:30:00,1.15672,TECH,0.02,0.003849499220627093,0.003549499220627093,0.17747496103135466
short,2025-10-30 16:15:00,1.1565,2025-10-30 17:00:00,1.15678,TECH,0.02,-0.000242109814094108,-0.0005421098140941079,-0.027105490704705394
short,2025-10-30 22:45:00,1.15688,2025-10-31 01:45:00,1.1569,TECH,0.02,-1.728787774024188e-05,-0.00031728787774024184,-0.015864393887012093
short,2025-10-31 02:00:00,1.15611,2025-10-31 05:00:00,1.15757,TECH,0.02,-0.0012628556106253012,-0.0015628556106253011,-0.07814278053126505
short,2025-10-31 07:30:00,1.15603,2025-11-02 17:00:00,1.15294,TECH,0.02,0.002672941013641355,0.002372941013641355,0.11864705068206774
short,2025-11-02 20:15:00,1.15242,2025-11-02 22:30:00,1.15307,TECH,0.02,-0.0005640304750004681,-0.000864030475000468,-0.043201523750023396
short,2025-11-03 03:45:00,1.15169,2025-11-03 11:30:00,1.15285,TECH,0.02,-0.001007215483333039,-0.001307215483333039,-0.06536077416665195
short,2025-11-03 15:00:00,1.15195,2025-11-03 23:15:00,1.15119,TECH,0.02,0.0006597508572421493,0.0003597508572421493,0.017987542862107467
short,2025-11-04 05:00:00,1.15007,2025-11-04 12:00:00,1.14898,TECH,0.02,0.0009477683967063183,0.0006477683967063184,0.032388419835315915
short,2025-11-04 13:45:00,1.1486,2025-11-04 18:30:00,1.14847,TECH,0.02,0.00011318126414762622,-0.00018681873585237377,-0.009340936792618689
short,2025-11-05 03:00:00,1.1487,2025-11-05 08:00:00,1.14909,TECH,0.02,-0.0003395142334812313,-0.0006395142334812313,-0.03197571167406157
short,2025-11-05 09:30:00,1.14832,2025-11-05 13:30:00,1.14815,TECH,0.02,0.00014804235753100483,-0.00015195764246899514,-0.007597882123449757
short,2025-11-06 18:00:00,1.15434,2025-11-07 04:30:00,1.15361,TECH,0.02,0.0006323960011780736,0.00033239600117807364,0.01661980005890368
short,2025-11-07 14:00:00,1.1568,2025-11-09 21:30:00,1.15581,TECH,0.02,0.0008558091286307455,0.0005558091286307456,0.02779045643153728
short,2025-11-10 06:15:00,1.15562,2025-11-10 08:45:00,1.15695,TECH,0.02,-0.0011508973538012766,-0.0014508973538012765,-0.07254486769006382
short,2025-11-10 10:45:00,1.15517,2025-11-10 14:15:00,1.15619,TECH,0.02,-0.0008829869196741786,-0.0011829869196741786,-0.05914934598370893
short,2025-11-10 17:45:00,1.15566,2025-11-10 23:00:00,1.15563,TECH,0.02,2.5959192149918223e-05,-0.0002740408078500818,-0.013702040392504089
short,2025-11-11 03:00:00,1.156,2025-11-11 04:30:00,1.15636,TECH,0.02,-0.00031141868512122667,-0.0006114186851212266,-0.030570934256061333
short,2025-11-11 13:00:00,1.15946,2025-11-12 02:00:00,1.15819,TECH,0.02,0.001095337484691048,0.0007953374846910481,0.0397668742345524
short,2025-11-12 05:00:00,1.15699,2025-11-12 08:30:00,1.15702,TECH,0.02,-2.592935116118073e-05,-0.00032592935116118073,-0.016296467558059035
short,2025-11-12 09:30:00,1.15645,2025-11-12 11:00:00,1.15938,TECH,0.02,-0.0025336158069956326,-0.0028336158069956325,-0.14168079034978162
short,2025-11-12 15:15:00,1.15876,2025-11-12 18:00:00,1.15894,TECH,0.02,-0.00015533846525602282,-0.0004553384652560228,-0.02276692326280114
short,2025-11-12 20:00:00,1.15804,2025-11-12 22:45:00,1.15878,TECH,0.02,-0.0006390107422886627,-0.0009390107422886627,-0.04695053711443314
short,2025-11-13 01:15:00,1.15822,2025-11-13 03:00:00,1.16113,TECH,0.02,-0.0025124760408212327,-0.0028124760408212326,-0.14062380204106162
short,2025-11-13 07:30:00,1.1614,2025-11-13 09:15:00,1.16186,TECH,0.02,-0.00039607370415008176,-0.0006960737041500817,-0.034803685207504084
short,2025-11-13 15:15:00,1.16335,2025-11-13 21:15:00,1.16327,TECH,0.02,6.876692311005286e-05,-0.00023123307688994711,-0.011561653844497356
short,2025-11-14 03:00:00,1.16327,2025-11-14 08:15:00,1.16467,TECH,0.02,-0.0012035039156860126,-0.0015035039156860125,-0.07517519578430062
short,2025-11-14 11:00:00,1.1613,2025-11-14 15:15:00,1.16201,TECH,0.02,-0.0006113837940239287,-0.0009113837940239286,-0.04556918970119643
short,2025-11-16 19:15:00,1.16064,2025-11-17 02:00:00,1.16073,TECH,0.02,-7.754342431774325e-05,-0.0003775434243177432,-0.01887717121588716
short,2025-11-17 05:00:00,1.16014,2025-11-17 12:30:00,1.15982,TECH,0.02,0.00027582877928515175,-2.4171220714848222e-05,-0.0012085610357424111
short,2025-11-17 14:45:00,1.15864,2025-11-17 18:15:00,1.15927,TECH,0.02,-0.0005437409376511518,-0.0008437409376511518,-0.04218704688255759
short,2025-11-17 20:15:00,1.1586,2025-11-17 22:00:00,1.1593,TECH,0.02,-0.0006041774555497349,-0.0009041774555497348,-0.04520887277748674
short,2025-11-18 04:00:00,1.15917,2025-11-18 08:45:00,1.15997,TECH,0.02,-0.0006901489859122578,-0.0009901489859122578,-0.04950744929561289
short,2025-11-18 11:45:00,1.15771,2025-11-18 15:15:00,1.15865,TECH,0.02,-0.0008119477243868853,-0.0011119477243868852,-0.05559738621934426
short,2025-11-18 17:30:00,1.15798,2025-11-18 20:15:00,1.15844,TECH,0.02,-0.0003972434757076158,-0.0006972434757076158,-0.03486217378538079
short,2025-11-18 22:00:00,1.15787,2025-11-18 23:45:00,1.15801,TECH,0.02,-0.00012091167402215188,-0.00042091167402215184,-0.021045583701107592
short,2025-11-19 04:00:00,1.15734,2025-11-19 07:30:00,1.15831,TECH,0.02,-0.000838128812621974,-0.001138128812621974,-0.0569064406310987
short,2025-11-19 09:30:00,1.15593,2025-11-19 17:15:00,1.15379,TECH,0.02,0.0018513231770088232,0.0015513231770088232,0.07756615885044116
short,2025-11-19 20:45:00,1.15262,2025-11-20 01:45:00,1.15182,TECH,0.02,0.0006940708993422914,0.0003940708993422914,0.01970354496711457
short,2025-11-20 04:15:00,1.15184,2025-11-20 04:45:00,1.15238,TECH,0.02,-0.000468815113210155,-0.000768815113210155,-0.038440755660507746
short,2025-11-20 07:30:00,1.1513,2025-11-20 09:45:00,1.15422,TECH,0.02,-0.0025362633544688904,-0.0028362633544688903,-0.14181316772344452
short,2025-11-20 13:45:00,1.15323,2025-11-20 15:00:00,1.1538,TECH,0.02,-0.0004942639369422921,-0.0007942639369422921,-0.03971319684711461
short,2025-11-20 16:30:00,1.1526,2025-11-20 20:00:00,1.1535,TECH,0.02,-0.0007808433107755516,-0.0010808433107755515,-0.054042165538777574
short,2025-11-21 05:00:00,1.1525,2025-11-21 09:45:00,1.15108,TECH,0.02,0.001232104121475034,0.000932104121475034,0.0466052060737517
short,2025-11-21 10:30:00,1.15108,2025-11-21 14:30:00,1.15101,TECH,0.02,6.08124543906718e-05,-0.00023918754560932817,-0.011959377280466409
short,2025-11-23 18:45:00,1.15071,2025-11-23 21:45:00,1.1517,TECH,0.02,-0.0008603383997706168,-0.0011603383997706167,-0.058016919988530834
short,2025-11-24 10:00:00,1.15268,2025-11-24 15:00:00,1.15276,TECH,0.02,-6.940347711427284e-05,-0.0003694034771142728,-0.018470173855713642
short,2025-11-24 17:30:00,1.15214,2025-11-24 20:30:00,1.15265,TECH,0.02,-0.00044265453851095394,-0.0007426545385109539,-0.03713272692554769
short,2025-11-24 23:15:00,1.15154,2025-11-25 02:45:00,1.15283,TECH,0.02,-0.001120238984316666,-0.0014202389843166658,-0.07101194921583329
short,2025-11-25 16:30:00,1.15711,2025-11-25 20:45:00,1.15785,TECH,0.02,-0.0006395243321723629,-0.0009395243321723629,-0.04697621660861814
short,2025-11-26 03:15:00,1.15773,2025-11-26 08:30:00,1.15801,TECH,0.02,-0.00024185259084592953,-0.0005418525908459295,-0.02709262954229647
short,2025-11-26 08:45:00,1.15607,2025-11-26 11:00:00,1.15894,TECH,0.02,-0.002482548634598381,-0.002782548634598381,-0.13912743172991904
short,2025-11-26 23:45:00,1.1601,2025-11-27 08:15:00,1.15885,TECH,0.02,0.001077493319541396,0.0007774933195413961,0.03887466597706981
short,2025-11-27 13:45:00,1.15939,2025-11-27 16:30:00,1.15961,TECH,0.02,-0.00018975495734835474,-0.0004897549573483547,-0.024487747867417732
short,2025-11-27 20:45:00,1.15867,2025-11-28 01:00:00,1.1589,TECH,0.02,-0.00019850345654927844,-0.0004985034565492784,-0.02492517282746392
short,2025-11-28 02:15:00,1.15846,2025-11-28 09:00:00,1.15744,TECH,0.02,0.0008804792569445823,0.0005804792569445824,0.02902396284722912
short,2025-11-30 17:15:00,1.1593,2025-11-30 19:45:00,1.16039,TECH,0.02,-0.0009402225480893948,-0.0012402225480893949,-0.06201112740446974
short,2025-11-30 22:30:00,1.15964,2025-12-01 02:30:00,1.16085,TECH,0.02,-0.0010434272705321767,-0.0013434272705321766,-0.06717136352660882
short,2025-12-01 11:00:00,1.16289,2025-12-01 21:45:00,1.16097,TECH,0.02,0.0016510589995613703,0.0013510589995613703,0.06755294997806852
short,2025-12-02 01:30:00,1.16061,2025-12-02 03:15:00,1.16115,TECH,0.02,-0.00046527257218185694,-0.0007652725721818569,-0.038263628609092847
short,2025-12-02 05:30:00,1.16023,2025-12-02 08:00:00,1.16177,TECH,0.02,-0.0013273230307782721,-0.001627323030778272,-0.0813661515389136
short,2025-12-02 11:15:00,1.16056,2025-12-02 14:30:00,1.16149,TECH,0.02,-0.0008013372854482968,-0.0011013372854482967,-0.055066864272414834
short,2025-12-03 04:30:00,1.16421,2025-12-03 05:15:00,1.16547,TECH,0.02,-0.0010822789702888988,-0.0013822789702888987,-0.06911394851444494
short,2025-12-03 10:45:00,1.16564,2025-12-03 13:15:00,1.16731,TECH,0.02,-0.0014326893380461037,-0.0017326893380461036,-0.08663446690230518
short,2025-12-03 17:00:00,1.16705,2025-12-04 03:00:00,1.16652,TECH,0.02,0.00045413649800772843,0.00015413649800772846,0.007706824900386423
short,2025-12-04 08:30:00,1.16674,2025-12-04 20:15:00,1.16521,TECH,0.02,0.0013113461439566924,0.0010113461439566925,0.05056730719783462
short,2025-12-05 04:45:00,1.1649,2025-12-05 09:15:00,1.16527,TECH,0.02,-0.0003176238303716898,-0.0006176238303716898,-0.03088119151858449
short,2025-12-05 11:30:00,1.16339,2025-12-05 15:00:00,1.16429,TECH,0.02,-0.0007736012858973542,-0.0010736012858973542,-0.053680064294867706
short,2025-12-07 17:15:00,1.16399,2025-12-07 19:30:00,1.16467,TECH,0.02,-0.0005841974587410664,-0.0008841974587410664,-0.04420987293705332
short,2025-12-08 04:15:00,1.16524,2025-12-08 09:45:00,1.16492,TECH,0.02,0.0002746215371941385,-2.537846280586145e-05,-0.0012689231402930724
short,2025-12-08 10:00:00,1.16399,2025-12-08 14:15:00,1.16379,TECH,0.02,0.00017182278198264413,-0.00012817721801735584,-0.0064088609008677916
short,2025-12-08 17:45:00,1.16356,2025-12-08 19:30:00,1.1641,TECH,0.02,-0.00046409295610023115,-0.0007640929561002312,-0.03820464780501156
short,2025-12-09 02:15:00,1.16408,2025-12-09 04:45:00,1.16541,TECH,0.02,-0.0011425331592330881,-0.001442533159233088,-0.0721266579616544
short,2025-12-09 07:15:00,1.16356,2025-12-09 16:45:00,1.16284,TECH,0.02,0.0006187906081335143,0.0003187906081335143,0.015939530406675714
short,2025-12-09 19:00:00,1.1628,2025-12-10 00:15:00,1.16273,TECH,0.02,6.019951840386523e-05,-0.00023980048159613474,-0.011990024079806738
short,2025-12-10 06:00:00,1.16342,2025-12-10 09:15:00,1.16393,TECH,0.02,-0.00043836275807533864,-0.0007383627580753386,-0.03691813790376693
short,2025-12-10 22:45:00,1.16934,2025-12-11 03:15:00,1.17,TECH,0.02,-0.0005644209554106443,-0.0008644209554106443,-0.04322104777053221
short,2025-12-11 15:00:00,1.17409,2025-12-11 20:00:00,1.17405,TECH,0.02,3.406893849708285e-05,-0.00026593106150291714,-0.013296553075145857
short,2025-12-11 21:30:00,1.17333,2025-12-12 01:30:00,1.17382,TECH,0.02,-0.0004176148227694693,-0.0007176148227694693,-0.03588074113847346
short,2025-12-12 04:30:00,1.17299,2025-12-12 09:30:00,1.17321,TECH,0.02,-0.00018755488111587396,-0.0004875548811158739,-0.024377744055793696
short,2025-12-14 17:00:00,1.17358,2025-12-14 21:45:00,1.17419,TECH,0.02,-0.0005197770923158195,-0.0008197770923158195,-0.04098885461579098
short,2025-12-15 00:15:00,1.1734,2025-12-15 04:30:00,1.17423,TECH,0.02,-0.000707346173512961,-0.001007346173512961,-0.05036730867564805
short,2025-12-15 13:00:00,1.17456,2025-12-15 16:30:00,1.17505,TECH,0.02,-0.00041717749625381367,-0.0007171774962538137,-0.035858874812690684
short,2025-12-15 21:30:00,1.17548,2025-12-15 22:15:00,1.17541,TECH,0.02,5.955014121891864e-05,-0.00024044985878108132,-0.012022492939054066
short,2025-12-16 00:00:00,1.17509,2025-12-16 03:30:00,1.1757,TECH,0.02,-0.0005191091746164118,-0.0008191091746164118,-0.040955458730820585
short,2025-12-16 12:15:00,1.17756,2025-12-16 20:45:00,1.1747,TECH,0.02,0.002428750976595556,0.002128750976595556,0.10643754882977781
short,2025-12-16 21:15:00,1.17404,2025-12-17 06:00:00,1.17252,TECH,0.02,0.0012946747981329135,0.0009946747981329136,0.049733739906645674
short,2025-12-17 08:30:00,1.17241,2025-12-17 08:45:00,1.17241,TECH,0.02,0.0,-0.0003,-0.014999999999999998
short,2025-12-17 14:45:00,1.17418,2025-12-17 19:30:00,1.17432,TECH,0.02,-0.000119232144986313,-0.00041923214498631295,-0.020961607249315648
short,2025-12-17 21:30:00,1.17417,2025-12-18 00:30:00,1.1743,TECH,0.02,-0.00011071650612770168,-0.00041071650612770164,-0.02053582530638508
short,2025-12-18 03:30:00,1.17328,2025-12-18 09:00:00,1.17467,TECH,0.02,-0.0011847129414973426,-0.0014847129414973426,-0.07423564707486713
short,2025-12-18 12:30:00,1.17194,2025-12-18 16:30:00,1.17236,TECH,0.02,-0.0003583801218493156,-0.0006583801218493157,-0.03291900609246578
short,2025-12-18 18:45:00,1.17242,2025-12-18 20:00:00,1.17266,TECH,0.02,-0.0002047047986216697,-0.0005047047986216697,-0.025235239931083484
short,2025-12-18 22:30:00,1.17225,2025-12-19 06:15:00,1.17102,TECH,0.02,0.0010492642354447126,0.0007492642354447127,0.03746321177223563
short,2025-12-19 07:45:00,1.17124,2025-12-19 09:15:00,1.17336,TECH,0.02,-0.0018100474710562307,-0.002110047471056231,-0.10550237355281154
short,2025-12-19 12:15:00,1.17146,2025-12-19 14:30:00,1.17206,TECH,0.02,-0.0005121813804996807,-0.0008121813804996807,-0.04060906902498403
short,2025-12-19 16:15:00,1.17114,2025-12-21 20:30:00,1.17169,TECH,0.02,-0.0004696278839419953,-0.0007696278839419953,-0.03848139419709976
short,2025-12-22 02:30:00,1.17201,2025-12-22 03:00:00,1.17288,TECH,0.02,-0.0007423144853712224,-0.0010423144853712223,-0.05211572426856111
short,2025-12-22 13:15:00,1.17535,2025-12-22 16:30:00,1.17594,TECH,0.02,-0.0005019781341728766,-0.0008019781341728767,-0.040098906708643835
short,2025-12-23 01:45:00,1.17723,2025-12-23 03:45:00,1.17823,TECH,0.02,-0.0008494516789413385,-0.0011494516789413384,-0.05747258394706692
short,2025-12-23 09:00:00,1.17748,2025-12-23 14:00:00,1.17828,TECH,0.02,-0.0006794170601623058,-0.0009794170601623057,-0.04897085300811528
short,2025-12-23 23:15:00,1.17868,2025-12-24 01:45:00,1.18022,TECH,0.02,-0.0013065463060373443,-0.0016065463060373443,-0.08032731530186721
short,2025-12-24 03:45:00,1.17901,2025-12-24 05:30:00,1.17986,TECH,0.02,-0.0007209438427155134,-0.0010209438427155133,-0.05104719213577567
short,2025-12-24 07:45:00,1.17878,2025-12-24 15:15:00,1.17798,TECH,0.02,0.0006786677751572914,0.00037866777515729145,0.018933388757864572
short,2025-12-24 17:15:00,1.17717,2025-12-24 21:15:00,1.17744,TECH,0.02,-0.0002293636433140434,-0.0005293636433140433,-0.026468182165702167
short,2025-12-25 01:00:00,1.17752,2025-12-25 02:00:00,1.17759,TECH,0.02,-5.9446973299828875e-05,-0.00035944697329982884,-0.017972348664991443
short,2025-12-25 02:45:00,1.17701,2025-12-25 17:15:00,1.1782,TECH,0.02,-0.001011036439792376,-0.001311036439792376,-0.0655518219896188
short,2025-12-26 00:00:00,1.17831,2025-12-26 06:45:00,1.17791,TECH,0.02,0.0003394692398434673,3.9469239843467336e-05,0.0019734619921733666
short,2025-12-26 11:30:00,1.17639,2025-12-26 15:15:00,1.17764,TECH,0.02,-0.0010625727862358344,-0.0013625727862358343,-0.06812863931179171
short,2025-12-28 17:45:00,1.1768,2025-12-28 19:45:00,1.17807,TECH,0.02,-0.0010791978246090094,-0.0013791978246090093,-0.06895989123045046
short,2025-12-28 23:00:00,1.17734,2025-12-29 03:15:00,1.17739,TECH,0.02,-4.2468615692903894e-05,-0.00034246861569290385,-0.01712343078464519
short,2025-12-29 06:30:00,1.17629,2025-12-29 10:00:00,1.17827,TECH,0.02,-0.001683258380161245,-0.001983258380161245,-0.09916291900806223
short,2025-12-29 12:15:00,1.17543,2025-12-29 15:30:00,1.17676,TECH,0.02,-0.0011315008124686738,-0.0014315008124686738,-0.07157504062343369
short,2025-12-30 03:00:00,1.17703,2025-12-30 06:15:00,1.17743,TECH,0.02,-0.0003398384068375113,-0.0006398384068375113,-0.03199192034187556
short,2025-12-30 07:30:00,1.17643,2025-12-30 13:00:00,1.17559,TECH,0.02,0.0007140246338500156,0.00041402463385001564,0.020701231692500783
short,2025-12-30 14:00:00,1.17496,2025-12-30 20:15:00,1.17475,TECH,0.02,0.00017872948866348086,-0.00012127051133651912,-0.006063525566825955
short,2025-12-30 20:30:00,1.17467,2025-12-31 06:15:00,1.1741,TECH,0.02,0.00048524266389724896,0.00018524266389724898,0.00926213319486245
short,2025-12-31 10:15:00,1.17211,2025-12-31 14:15:00,1.17408,TECH,0.02,-0.0016807296243526865,-0.0019807296243526864,-0.09903648121763432
short,2026-01-02 00:45:00,1.17562,2026-01-02 09:00:00,1.17214,TECH,0.02,0.002960140181351244,0.002660140181351244,0.1330070090675622
short,2026-01-02 13:45:00,1.17171,2026-01-05 02:00:00,1.1691,TECH,0.02,0.0022275136339196568,0.0019275136339196568,0.09637568169598285
short,2026-01-05 04:45:00,1.16756,2026-01-05 10:45:00,1.16966,TECH,0.02,-0.0017986227688512719,-0.002098622768851272,-0.10493113844256359
short,2026-01-05 18:00:00,1.17185,2026-01-05 21:45:00,1.17277,TECH,0.02,-0.0007850834151128829,-0.0010850834151128828,-0.05425417075564414
short,2026-01-06 02:45:00,1.17358,2026-01-06 03:15:00,1.17337,TECH,0.02,0.00017893965473171278,-0.0001210603452682872,-0.00605301726341436
short,2026-01-06 03:45:00,1.17268,2026-01-06 19:45:00,1.16906,TECH,0.02,0.00308694614046454,0.00278694614046454,0.139347307023227
short,2026-01-07 00:45:00,1.16914,2026-01-07 06:30:00,1.16896,TECH,0.02,0.00015395932052625775,-0.00014604067947374222,-0.007302033973687111
short,2026-01-07 08:45:00,1.16914,2026-01-07 09:30:00,1.16895,TECH,0.02,0.0001625126161111026,-0.00013748738388889736,-0.006874369194444868
short,2026-01-07 12:15:00,1.16879,2026-01-07 22:15:00,1.16804,TECH,0.02,0.0006416892683886998,0.00034168926838869983,0.01708446341943499
short,2026-01-08 03:00:00,1.16779,2026-01-08 06:30:00,1.1676,TECH,0.02,0.00016270048553261674,-0.00013729951446738323,-0.006864975723369161
short,2026-01-08 08:15:00,1.16739,2026-01-08 16:30:00,1.1654,TECH,0.02,0.0017046573981273922,0.0014046573981273923,0.07023286990636961
short,2026-01-08 20:30:00,1.16518,2026-01-08 23:30:00,1.16545,TECH,0.02,-0.00023172385382515357,-0.0005317238538251536,-0.026586192691257678
short,2026-01-09 01:30:00,1.16508,2026-01-09 08:45:00,1.16562,TECH,0.02,-0.00046348748583806005,-0.0007634874858380601,-0.038174374291903006
short,2026-01-09 09:30:00,1.1638,2026-01-09 14:30:00,1.16376,TECH,0.02,3.437016669534285e-05,-0.00026562983330465713,-0.013281491665232856
short,2026-01-11 17:30:00,1.16344,2026-01-11 19:45:00,1.16589,TECH,0.02,-0.0021058241078182488,-0.0024058241078182487,-0.12029120539091243
short,2026-01-12 00:15:00,1.16605,2026-01-12 01:00:00,1.1669,TECH,0.02,-0.0007289567342738454,-0.0010289567342738454,-0.05144783671369227
short,2026-01-12 07:15:00,1.1684,2026-01-12 08:15:00,1.16923,TECH,0.02,-0.0007103731598766572,-0.0010103731598766572,-0.05051865799383286
short,2026-01-12 08:30:00,1.16891,2026-01-12 09:00:00,1.16927,TECH,0.02,-0.00030797922851215066,-0.0006079792285121506,-0.03039896142560753
short,2026-01-12 10:30:00,1.16763,2026-01-13 00:15:00,1.16643,TECH,0.02,0.001027722823154482,0.0007277228231544822,0.03638614115772411
short,2026-01-13 02:15:00,1.16572,2026-01-13 04:00:00,1.16688,TECH,0.02,-0.000995093161307885,-0.001295093161307885,-0.06475465806539425
short,2026-01-13 08:00:00,1.1655,2026-01-13 14:45:00,1.16481,TECH,0.02,0.0005920205920206602,0.00029202059202066024,0.014601029601033011
short,2026-01-13 16:45:00,1.16447,2026-01-13 22:45:00,1.16475,TECH,0.02,-0.00024045273815560556,-0.0005404527381556055,-0.027022636907780274
short,2026-01-14 08:15:00,1.16509,2026-01-14 09:15:00,1.1653,TECH,0.02,-0.00018024358633242368,-0.0004802435863324237,-0.024012179316621182
short,2026-01-14 13:15:00,1.16439,2026-01-14 17:15:00,1.16455,TECH,0.02,-0.00013741100490380196,-0.00043741100490380194,-0.021870550245190096
short,2026-01-14 20:00:00,1.16376,2026-01-15 05:15:00,1.16362,TECH,0.02,0.00012029971815478016,-0.00017970028184521983,-0.008985014092260992
short,2026-01-15 08:00:00,1.16226,2026-01-15 13:15:00,1.16128,TECH,0.02,0.0008431848295561929,0.000543184829556193,0.02715924147780965
short,2026-01-15 16:30:00,1.16077,2026-01-15 20:15:00,1.16059,TECH,0.02,0.0001550694797419549,-0.00014493052025804507,-0.007246526012902254
short,2026-01-15 21:00:00,1.1607,2026-01-15 22:00:00,1.16097,TECH,0.02,-0.00023261824760919484,-0.0005326182476091948,-0.026630912380459736
short,2026-01-16 01:45:00,1.16048,2026-01-16 03:15:00,1.16105,TECH,0.02,-0.0004911760650764851,-0.000791176065076485,-0.03955880325382425
short,2026-01-16 10:30:00,1.16023,2026-01-16 16:30:00,1.16012,TECH,0.02,9.48087879127884e-05,-0.00020519121208721158,-0.01025956060436058
short,2026-01-18 17:30:00,1.15784,2026-01-18 19:00:00,1.1624,TECH,0.02,-0.0039383679955780765,-0.004238367995578076,-0.2119183997789038
short,2026-01-18 23:15:00,1.16257,2026-01-19 00:00:00,1.16332,TECH,0.02,-0.0006451224442397502,-0.0009451224442397501,-0.0472561222119875
short,2026-01-19 03:30:00,1.16192,2026-01-19 07:15:00,1.16293,TECH,0.02,-0.0008692508950701902,-0.0011692508950701902,-0.05846254475350951
short,2026-01-19 16:00:00,1.1645,2026-01-19 17:45:00,1.16464,TECH,0.02,-0.00012022327179030222,-0.0004202232717903022,-0.02101116358951511
short,2026-01-19 18:30:00,1.164,2026-01-19 22:00:00,1.16443,TECH,0.02,-0.0003694158075602685,-0.0006694158075602685,-0.03347079037801342
short,2026-01-20 09:45:00,1.172,2026-01-20 12:15:00,1.17391,TECH,0.02,-0.001629692832764572,-0.001929692832764572,-0.09648464163822859
short,2026-01-20 14:45:00,1.17165,2026-01-20 18:15:00,1.17221,TECH,0.02,-0.0004779584346860358,-0.0007779584346860358,-0.03889792173430179
short,2026-01-20 23:00:00,1.17188,2026-01-21 02:30:00,1.17233,TECH,0.02,-0.0003839983616070429,-0.0006839983616070428,-0.03419991808035214
short,2026-01-21 03:45:00,1.17092,2026-01-21 07:30:00,1.17245,TECH,0.02,-0.0013066648447374982,-0.001606664844737498,-0.08033324223687491
short,2026-01-21 11:00:00,1.17018,2026-01-21 21:15:00,1.16917,TECH,0.02,0.0008631150763130077,0.0005631150763130077,0.028155753815650383
short,2026-01-22 02:00:00,1.16885,2026-01-22 04:30:00,1.16929,TECH,0.02,-0.0003764383796038807,-0.0006764383796038807,-0.033821918980194036
short,2026-01-22 20:30:00,1.17512,2026-01-23 01:00:00,1.17507,TECH,0.02,4.2548846075195276e-05,-0.0002574511539248047,-0.012872557696240235
short,2026-01-23 02:30:00,1.17368,2026-01-23 08:00:00,1.17424,TECH,0.02,-0.0004771317565263904,-0.0007771317565263904,-0.03885658782631952
short,2026-01-26 00:15:00,1.1859,2026-01-26 05:30:00,1.18625,TECH,0.02,-0.0002951344970065541,-0.0005951344970065541,-0.029756724850327702
short,2026-01-26 08:00:00,1.1842,2026-01-26 10:00:00,1.18789,TECH,0.02,-0.003116027698023958,-0.003416027698023958,-0.1708013849011979
short,2026-01-26 14:30:00,1.18728,2026-01-26 21:00:00,1.18784,TECH,0.02,-0.0004716663297622431,-0.0007716663297622431,-0.038583316488112154
short,2026-01-27 00:15:00,1.18739,2026-01-27 05:45:00,1.18843,TECH,0.02,-0.0008758706069616149,-0.001175870606961615,-0.05879353034808075
short,2026-01-27 20:15:00,1.20087,2026-01-28 02:15:00,1.20211,TECH,0.02,-0.0010325847094189277,-0.0013325847094189276,-0.06662923547094637
short,2026-01-28 04:15:00,1.19767,2026-01-28 16:30:00,1.19419,TECH,0.02,0.0029056417878045937,0.002605641787804594,0.1302820893902297
short,2026-01-28 22:15:00,1.19785,2026-01-28 22:30:00,1.19782,TECH,0.02,2.5044872062423917e-05,-0.0002749551279375761,-0.013747756396878804
short,2026-01-29 03:00:00,1.19738,2026-01-29 09:00:00,1.19563,TECH,0.02,0.0014615243281165045,0.0011615243281165046,0.05807621640582523
short,2026-01-29 10:45:00,1.19133,2026-01-29 13:30:00,1.19519,TECH,0.02,-0.0032400762173369047,-0.0035400762173369046,-0.17700381086684522
short,2026-01-29 20:00:00,1.1932,2026-01-30 00:45:00,1.19156,TECH,0.02,0.0013744552463963173,0.0010744552463963174,0.05372276231981587
short,2026-01-30 05:15:00,1.19156,2026-01-30 07:15:00,1.19518,TECH,0.02,-0.003038034173688238,-0.003338034173688238,-0.1669017086844119
short,2026-01-30 09:30:00,1.19077,2026-02-01 20:00:00,1.18666,TECH,0.02,0.0034515481579146753,0.0031515481579146754,0.15757740789573377
short,2026-02-02 00:00:00,1.1863,2026-02-02 04:00:00,1.18507,TECH,0.02,0.0010368372249851155,0.0007368372249851156,0.03684186124925578
short,2026-02-02 08:15:00,1.18377,2026-02-02 17:30:00,1.17885,TECH,0.02,0.004156212777820046,0.0038562127778200457,0.19281063889100228
short,2026-02-03 04:45:00,1.18006,2026-02-03 09:15:00,1.17839,TECH,0.02,0.0014151822788672273,0.0011151822788672274,0.05575911394336137
short,2026-02-03 15:30:00,1.1812,2026-02-03 16:15:00,1.1825,TECH,0.02,-0.0011005756857433787,-0.0014005756857433786,-0.07002878428716892
short,2026-02-03 19:00:00,1.18155,2026-02-03 21:00:00,1.18259,TECH,0.02,-0.0008801997376327111,-0.001180199737632711,-0.05900998688163555
short,2026-02-04 03:30:00,1.18299,2026-02-04 09:00:00,1.18225,TECH,0.02,0.000625533605524952,0.000325533605524952,0.0162766802762476
short,2026-02-04 10:45:00,1.18031,2026-02-04 15:30:00,1.18023,TECH,0.02,6.777880387362642e-05,-0.00023222119612637356,-0.011611059806318678
short,2026-02-04 19:15:00,1.18011,2026-02-05 02:30:00,1.17998,TECH,0.02,0.00011015922244533432,-0.00018984077755466566,-0.009492038877733283
short,2026-02-05 05:30:00,1.17908,2026-02-05 08:15:00,1.17934,TECH,0.02,-0.0002205109068088247,-0.0005205109068088247,-0.026025545340441235
short,2026-02-05 11:30:00,1.17873,2026-02-05 13:45:00,1.17999,TECH,0.02,-0.0010689470871192205,-0.0013689470871192204,-0.06844735435596101
short,2026-02-05 15:15:00,1.17883,2026-02-05 20:45:00,1.17831,TECH,0.02,0.0004411153431793184,0.00014111534317931844,0.007055767158965922
short,2026-02-06 03:30:00,1.17872,2026-02-06 06:15:00,1.17898,TECH,0.02,-0.000220578254377568,-0.000520578254377568,-0.0260289127188784
short,2026-02-06 07:30:00,1.17918,2026-02-06 08:45:00,1.18031,TECH,0.02,-0.0009582930511033731,-0.001258293051103373,-0.06291465255516865
short,2026-02-08 17:30:00,1.18139,2026-02-08 19:30:00,1.18303,TECH,0.02,-0.001388195261514052,-0.001688195261514052,-0.0844097630757026
short,2026-02-08 22:45:00,1.18226,2026-02-09 00:45:00,1.18357,TECH,0.02,-0.001108047299240372,-0.001408047299240372,-0.0704023649620186
short,2026-02-09 13:00:00,1.19085,2026-02-09 14:15:00,1.1916,TECH,0.02,-0.0006298022420960057,-0.0009298022420960058,-0.04649011210480029
short,2026-02-09 17:45:00,1.19111,2026-02-09 22:15:00,1.1915,TECH,0.02,-0.00032742567856882445,-0.0006274256785688244,-0.03137128392844122
short,2026-02-10 01:00:00,1.19072,2026-02-10 04:15:00,1.19148,TECH,0.02,-0.000638269282451033,-0.0009382692824510329,-0.046913464122551644
short,2026-02-10 07:00:00,1.19039,2026-02-10 10:15:00,1.19044,TECH,0.02,-4.200304102007197e-05,-0.00034200304102007195,-0.017100152051003598
short,2026-02-10 12:15:00,1.19009,2026-02-10 16:30:00,1.1896,TECH,0.02,0.0004117335663690153,0.00011173356636901531,0.005586678318450765
short,2026-02-10 17:30:00,1.18923,2026-02-10 20:45:00,1.18953,TECH,0.02,-0.00025226407002847806,-0.000552264070028478,-0.027613203501423902
short,2026-02-11 07:15:00,1.19067,2026-02-11 13:00:00,1.18856,TECH,0.02,0.0017721115002476205,0.0014721115002476206,0.07360557501238103
short,2026-02-11 16:00:00,1.18706,2026-02-11 20:00:00,1.18766,TECH,0.02,-0.000505450440584245,-0.000805450440584245,-0.04027252202921225
short,2026-02-11 23:15:00,1.18679,2026-02-12 03:15:00,1.18783,TECH,0.02,-0.0008763134168639185,-0.0011763134168639184,-0.058815670843195916
short,2026-02-12 07:45:00,1.18722,2026-02-12 10:15:00,1.18852,TECH,0.02,-0.0010949950304072363,-0.0013949950304072362,-0.06974975152036181
short,2026-02-12 12:00:00,1.18704,2026-02-12 16:15:00,1.18706,TECH,0.02,-1.6848631891013762e-05,-0.00031684863189101374,-0.015842431594550687
short,2026-02-12 20:30:00,1.18651,2026-02-12 23:30:00,1.18664,TECH,0.02,-0.0001095650268434008,-0.0004095650268434008,-0.020478251342170038
short,2026-02-12 23:45:00,1.18639,2026-02-13 04:45:00,1.18646,TECH,0.02,-5.900252025052006e-05,-0.00035900252025052005,-0.017950126012526
short,2026-02-13 07:00:00,1.18587,2026-02-13 08:45:00,1.18645,TECH,0.02,-0.0004890923962997841,-0.0007890923962997841,-0.039454619814989204
short,2026-02-13 12:00:00,1.18687,2026-02-13 12:15:00,1.18822,TECH,0.02,-0.0011374455500602107,-0.0014374455500602106,-0.07187227750301052
short,2026-02-13 16:00:00,1.18741,2026-02-15 23:00:00,1.18671,TECH,0.02,0.000589518363497145,0.000289518363497145,0.01447591817485725
short,2026-02-16 01:00:00,1.18645,2026-02-16 02:30:00,1.1866,TECH,0.02,-0.0001264275780691091,-0.0004264275780691091,-0.021321378903455455
short,2026-02-16 03:45:00,1.18628,2026-02-16 06:00:00,1.1867,TECH,0.02,-0.00035404794820791634,-0.0006540479482079163,-0.032702397410395816
short,2026-02-16 06:30:00,1.1864,2026-02-16 15:45:00,1.1854,TECH,0.02,0.0008428860418070549,0.000542886041807055,0.02714430209035275
short,2026-02-16 18:00:00,1.18497,2026-02-17 02:15:00,1.18394,TECH,0.02,0.0008692203178140259,0.000569220317814026,0.0284610158907013
short,2026-02-17 02:45:00,1.1832,2026-02-17 05:15:00,1.18413,TECH,0.02,-0.0007860040567950265,-0.0010860040567950264,-0.054300202839751316
short,2026-02-17 07:30:00,1.18301,2026-02-17 12:30:00,1.18395,TECH,0.02,-0.0007945833086788472,-0.0010945833086788471,-0.05472916543394236
short,2026-02-17 20:15:00,1.18444,2026-02-18 07:15:00,1.18369,TECH,0.02,0.0006332106311843812,0.0003332106311843812,0.01666053155921906
short,2026-02-18 09:30:00,1.18177,2026-02-18 19:00:00,1.17884,TECH,0.02,0.0024793318496829984,0.0021793318496829985,0.10896659248414993
short,2026-02-18 23:45:00,1.17855,2026-02-19 01:45:00,1.17979,TECH,0.02,-0.0010521403419455329,-0.0013521403419455328,-0.06760701709727664
short,2026-02-19 06:15:00,1.17887,2026-02-19 12:15:00,1.17601,TECH,0.02,0.002426052066809813,0.002126052066809813,0.10630260334049066
short,2026-02-19 20:15:00,1.17663,2026-02-20 02:45:00,1.17573,TECH,0.02,0.0007648963565437928,0.0004648963565437928,0.02324481782718964
short,2026-02-20 03:15:00,1.17474,2026-02-20 03:45:00,1.17573,TECH,0.02,-0.0008427396700546899,-0.00114273967005469,-0.057136983502734495
short,2026-02-20 15:15:00,1.17796,2026-02-20 15:30:00,1.17826,TECH,0.02,-0.00025467757818617697,-0.0005546775781861769,-0.027733878909308847
short,2026-02-22 23:15:00,1.182,2026-02-23 02:30:00,1.18225,TECH,0.02,-0.0002115059221658913,-0.0005115059221658913,-0.02557529610829456
short,2026-02-23 04:00:00,1.18101,2026-02-23 10:00:00,1.18053,TECH,0.02,0.0004064317829652704,0.0001064317829652704,0.00532158914826352
short,2026-02-23 13:30:00,1.17962,2026-02-23 19:30:00,1.17908,TECH,0.02,0.0004577745375629313,0.0001577745375629313,0.007888726878146565
short,2026-02-23 20:45:00,1.17798,2026-02-24 02:30:00,1.17757,TECH,0.02,0.0003480534474269694,4.805344742696944e-05,0.0024026723713484717
short,2026-02-24 07:15:00,1.17757,2026-02-24 11:45:00,1.17877,TECH,0.02,-0.001019047699924497,-0.0013190476999244969,-0.06595238499622484
short,2026-02-24 15:15:00,1.17778,2026-02-24 20:15:00,1.17776,TECH,0.02,1.6981100035771556e-05,-0.0002830188999642284,-0.01415094499821142
short,2026-02-25 04:15:00,1.17886,2026-02-25 09:15:00,1.17762,TECH,0.02,0.001051863664896705,0.0007518636648967052,0.03759318324483526
short,2026-02-25 16:00:00,1.18058,2026-02-25 17:45:00,1.18091,TECH,0.02,-0.0002795236239813833,-0.0005795236239813832,-0.02897618119906916
short,2026-02-25 23:30:00,1.18133,2026-02-26 02:00:00,1.18185,TECH,0.02,-0.00044018182895556364,-0.0007401818289555636,-0.03700909144777818
short,2026-02-26 02:45:00,1.18135,2026-02-26 08:00:00,1.1809,TECH,0.02,0.0003809201337451555,8.092013374515553e-05,0.004046006687257776
short,2026-02-26 10:45:00,1.17927,2026-02-26 15:30:00,1.17993,TECH,0.02,-0.0005596682693529751,-0.0008596682693529751,-0.04298341346764875
short,2026-02-26 21:00:00,1.17902,2026-02-26 23:15:00,1.18052,TECH,0.02,-0.0012722430493121888,-0.0015722430493121887,-0.07861215246560943
short,2026-02-27 03:30:00,1.18147,2026-02-27 03:45:00,1.18126,TECH,0.02,0.00017774467400784064,-0.00012225532599215933,-0.006112766299607966
short,2026-02-27 05:15:00,1.17966,2026-02-27 09:45:00,1.18132,TECH,0.02,-0.0014071851211365943,-0.0017071851211365942,-0.0853592560568297
short,2026-02-27 10:00:00,1.17968,2026-02-27 10:45:00,1.18128,TECH,0.02,-0.0013563000135630389,-0.0016563000135630388,-0.08281500067815194
short,2026-03-01 17:00:00,1.17751,2026-03-01 21:30:00,1.17833,TECH,0.02,-0.000696384744078643,-0.000996384744078643,-0.04981923720393215
short,2026-03-02 00:45:00,1.17733,2026-03-02 05:45:00,1.17455,TECH,0.02,0.00236127508854782,0.00206127508854782,0.103063754427391
short,2026-03-02 08:00:00,1.17041,2026-03-02 14:15:00,1.17021,TECH,0.02,0.0001708802898129527,-0.00012911971018704727,-0.006455985509352363
short,2026-03-02 16:45:00,1.16923,2026-03-02 19:45:00,1.16903,TECH,0.02,0.0001710527441136286,-0.00012894725588637136,-0.006447362794318568
short,2026-03-02 23:00:00,1.16902,2026-03-03 12:45:00,1.1594,TECH,0.02,0.008229114985201248,0.007929114985201248,0.3964557492600624
short,2026-03-03 18:15:00,1.1619,2026-03-03 23:30:00,1.1604,TECH,0.02,0.0012909888974953394,0.0009909888974953395,0.04954944487476697
short,2026-03-04 01:15:00,1.15948,2026-03-04 02:15:00,1.16163,TECH,0.02,-0.0018542795046054042,-0.002154279504605404,-0.10771397523027021
short,2026-03-04 10:00:00,1.16245,2026-03-04 12:15:00,1.16343,TECH,0.02,-0.0008430470127747266,-0.0011430470127747265,-0.057152350638736325
short,2026-03-04 13:15:00,1.16282,2026-03-04 15:45:00,1.16431,TECH,0.02,-0.0012813677095337124,-0.0015813677095337124,-0.07906838547668561
short,2026-03-04 18:45:00,1.16349,2026-03-04 20:00:00,1.16449,TECH,0.02,-0.0008594831068596309,-0.001159483106859631,-0.057974155342981545
short,2026-03-04 22:00:00,1.16256,2026-03-05 04:15:00,1.16409,TECH,0.02,-0.0013160611065235611,-0.001616061106523561,-0.08080305532617806
short,2026-03-05 07:45:00,1.16194,2026-03-05 08:00:00,1.16202,TECH,0.02,-6.885037093144225e-05,-0.00036885037093144224,-0.018442518546572112
short,2026-03-05 08:45:00,1.15981,2026-03-05 14:30:00,1.1578,TECH,0.02,0.0017330424810960995,0.0014330424810960996,0.07165212405480498
short,2026-03-06 01:00:00,1.16064,2026-03-06 10:30:00,1.15756,TECH,0.02,0.002653708298869565,0.002353708298869565,0.11768541494347824
short,2026-03-08 16:30:00,1.15536,2026-03-08 23:30:00,1.15223,TECH,0.02,0.002709112311314097,0.002409112311314097,0.12045561556570485
short,2026-03-09 04:30:00,1.15495,2026-03-09 06:00:00,1.156,TECH,0.02,-0.0009091302653794497,-0.0012091302653794496,-0.06045651326897248
short,2026-03-09 14:15:00,1.1582,2026-03-09 14:30:00,1.16176,TECH,0.02,-0.0030737351061992818,-0.0033737351061992817,-0.16868675530996408
short,2026-03-09 19:30:00,1.16277,2026-03-10 01:30:00,1.16283,TECH,0.02,-5.1600918496305354e-05,-0.0003516009184963053,-0.017580045924815265
short,2026-03-10 06:45:00,1.16431,2026-03-10 10:00:00,1.16483,TECH,0.02,-0.00044661645094526024,-0.0007466164509452602,-0.037330822547263005
short,2026-03-10 14:00:00,1.16243,2026-03-10 19:45:00,1.16227,TECH,0.02,0.000137642696764674,-0.00016235730323532597,-0.008117865161766298
short,2026-03-11 03:00:00,1.16168,2026-03-11 15:30:00,1.157,TECH,0.02,0.004028648164726962,0.0037286481647269623,0.1864324082363481
short,2026-03-11 15:45:00,1.15659,2026-03-12 02:00:00,1.15477,TECH,0.02,0.001573591333143061,0.001273591333143061,0.06367956665715305
short,2026-03-12 08:00:00,1.15394,2026-03-12 18:15:00,1.15194,TECH,0.02,0.0017331923670208173,0.0014331923670208174,0.07165961835104087
short,2026-03-12 22:00:00,1.15136,2026-03-13 07:00:00,1.14683,TECH,0.02,0.003934477487492985,0.003634477487492985,0.18172387437464924
short,2026-03-13 10:45:00,1.14369,2026-03-15 18:30:00,1.14284,TECH,0.02,0.0007432083868880705,0.0004432083868880705,0.022160419344403527
short,2026-03-16 00:15:00,1.14416,2026-03-16 04:45:00,1.14476,TECH,0.02,-0.0005244021815130173,-0.0008244021815130172,-0.04122010907565086
short,2026-03-16 17:00:00,1.15057,2026-03-16 22:45:00,1.14978,TECH,0.02,0.0006866161989275475,0.00038661619892754756,0.019330809946377377
short,2026-03-17 01:00:00,1.14794,2026-03-17 03:45:00,1.15103,TECH,0.02,-0.00269177831593989,-0.0029917783159398898,-0.1495889157969945
short,2026-03-17 12:15:00,1.15282,2026-03-17 13:00:00,1.15396,TECH,0.02,-0.000988879443451832,-0.0012888794434518318,-0.0644439721725916
short,2026-03-17 17:00:00,1.1535,2026-03-17 18:30:00,1.15389,TECH,0.02,-0.00033810143042922627,-0.0006381014304292262,-0.03190507152146131
short,2026-03-17 20:15:00,1.15349,2026-03-18 00:00:00,1.15414,TECH,0.02,-0.0005635072692438075,-0.0008635072692438075,-0.04317536346219037
short,2026-03-18 03:15:00,1.15282,2026-03-18 06:00:00,1.15397,TECH,0.02,-0.000997553824534606,-0.0012975538245346059,-0.06487769122673029
short,2026-03-18 08:15:00,1.14951,2026-03-18 12:00:00,1.15107,TECH,0.02,-0.0013570999817313514,-0.0016570999817313514,-0.08285499908656757
short,2026-03-18 13:15:00,1.15132,2026-03-18 19:45:00,1.14668,TECH,0.02,0.0040301566897126585,0.0037301566897126586,0.18650783448563293
short,2026-03-19 00:00:00,1.14687,2026-03-19 05:45:00,1.14728,TECH,0.02,-0.0003574947465711209,-0.0006574947465711209,-0.032874737328556045
short,2026-03-19 18:30:00,1.15766,2026-03-20 02:15:00,1.15721,TECH,0.02,0.00038871516680185844,8.871516680185847e-05,0.004435758340092923
short,2026-03-20 05:30:00,1.15444,2026-03-20 07:30:00,1.15762,TECH,0.02,-0.002754582308305484,-0.0030545823083054837,-0.15272911541527417
short,2026-03-20 09:15:00,1.15368,2026-03-20 12:15:00,1.15621,TECH,0.02,-0.0021929824561402827,-0.0024929824561402826,-0.12464912280701412
short,2026-03-20 15:45:00,1.15624,2026-03-22 19:00:00,1.1562,TECH,0.02,3.4594893793710655e-05,-0.00026540510620628934,-0.013270255310314467
short,2026-03-22 21:30:00,1.15508,2026-03-23 07:15:00,1.15555,TECH,0.02,-0.0004068982234996454,-0.0007068982234996453,-0.035344911174982264
short,2026-03-23 12:15:00,1.15953,2026-03-23 14:00:00,1.1635,TECH,0.02,-0.00342380102282824,-0.00372380102282824,-0.186190051141412
short,2026-03-23 17:30:00,1.16148,2026-03-24 02:15:00,1.16148,TECH,0.02,0.0,-0.0003,-0.014999999999999998
short,2026-03-24 05:15:00,1.15926,2026-03-24 11:00:00,1.15776,TECH,0.02,0.0012939288856684927,0.0009939288856684928,0.04969644428342464
short,2026-03-24 12:30:00,1.15707,2026-03-24 15:00:00,1.15854,TECH,0.02,-0.001270450361689319,-0.0015704503616893188,-0.07852251808446593
short,2026-03-24 22:00:00,1.16039,2026-03-25 03:30:00,1.16135,TECH,0.02,-0.0008273080602211945,-0.0011273080602211944,-0.05636540301105972
short,2026-03-25 06:30:00,1.16057,2026-03-25 07:00:00,1.16053,TECH,0.02,3.446582282847222e-05,-0.00026553417717152777,-0.013276708858576389
short,2026-03-25 08:00:00,1.15914,2026-03-25 14:00:00,1.15663,TECH,0.02,0.0021653984850837794,0.0018653984850837795,0.09326992425418897
short,2026-03-25 14:15:00,1.15605,2026-03-25 19:30:00,1.15604,TECH,0.02,8.650144889983575e-06,-0.0002913498551100164,-0.014567492755500821
short,2026-03-26 01:45:00,1.15547,2026-03-26 05:30:00,1.15613,TECH,0.02,-0.0005711961366371303,-0.0008711961366371303,-0.043559806831856514
short,2026-03-26 06:30:00,1.15437,2026-03-26 10:15:00,1.15471,TECH,0.02,-0.0002945329487079593,-0.0005945329487079592,-0.029726647435397963
short,2026-03-26 12:15:00,1.15336,2026-03-26 16:45:00,1.15332,TECH,0.02,3.4681279045605886e-05,-0.00026531872095439407,-0.013265936047719704
short,2026-03-26 20:15:00,1.15334,2026-03-26 21:45:00,1.15404,TECH,0.02,-0.0006069329079021996,-0.0009069329079021997,-0.045346645395109984
short,2026-03-27 02:30:00,1.1523,2026-03-27 09:15:00,1.15304,TECH,0.02,-0.0006421938731232863,-0.0009421938731232864,-0.04710969365616432
short,2026-03-27 12:30:00,1.15092,2026-03-29 22:15:00,1.15083,TECH,0.02,7.819831091641772e-05,-0.00022180168908358225,-0.011090084454179113
short,2026-03-30 03:15:00,1.15055,2026-03-30 14:45:00,1.14641,TECH,0.02,0.003598279083916416,0.0032982790839164162,0.1649139541958208
short,2026-03-30 17:15:00,1.14572,2026-03-30 17:45:00,1.14652,TECH,0.02,-0.000698250881541661,-0.000998250881541661,-0.04991254407708305
short,2026-03-30 19:15:00,1.14524,2026-03-30 19:45:00,1.14568,TECH,0.02,-0.000384198945199256,-0.0006841989451992559,-0.03420994725996279
short,2026-03-30 20:00:00,1.14565,2026-03-30 21:30:00,1.14893,TECH,0.02,-0.0028630035351110282,-0.003163003535111028,-0.1581501767555514
short,2026-03-31 01:15:00,1.14628,2026-03-31 04:30:00,1.14678,TECH,0.02,-0.0004361936001674503,-0.0007361936001674502,-0.03680968000837251
short,2026-03-31 07:00:00,1.14586,2026-03-31 08:00:00,1.14911,TECH,0.02,-0.002836297627982454,-0.003136297627982454,-0.1568148813991227
short,2026-03-31 23:15:00,1.15671,2026-04-01 02:00:00,1.15679,TECH,0.02,-6.916167405838975e-05,-0.00036916167405838974,-0.018458083702919487
short,2026-04-01 13:30:00,1.16075,2026-04-01 18:30:00,1.15931,TECH,0.02,0.0012405772130087323,0.0009405772130087323,0.04702886065043661
short,2026-04-01 21:30:00,1.15631,2026-04-02 09:30:00,1.15273,TECH,0.02,0.003096055556035939,0.002796055556035939,0.13980277780179695
short,2026-04-02 14:45:00,1.1537,2026-04-02 18:45:00,1.15397,TECH,0.02,-0.0002340296437548691,-0.0005340296437548691,-0.02670148218774345
short,2026-04-02 22:15:00,1.15367,2026-04-03 02:45:00,1.15389,TECH,0.02,-0.00019069577955577332,-0.0004906957795557733,-0.024534788977788664
short,2026-04-03 08:45:00,1.15318,2026-04-05 19:15:00,1.15125,TECH,0.02,0.001673632910733786,0.001373632910733786,0.0686816455366893
short,2026-04-05 19:30:00,1.15093,2026-04-05 22:45:00,1.15208,TECH,0.02,-0.00099919195780802,-0.0012991919578080199,-0.064959597890401
short,2026-04-06 07:45:00,1.15438,2026-04-06 10:00:00,1.15601,TECH,0.02,-0.0014120133751451172,-0.001712013375145117,-0.08560066875725585
short,2026-04-06 12:15:00,1.15468,2026-04-06 15:45:00,1.15438,TECH,0.02,0.00025981224235283105,-4.018775764716892e-05,-0.002009387882358446
short,2026-04-06 16:45:00,1.15432,2026-04-07 01:15:00,1.15372,TECH,0.02,0.0005197865409937746,0.0002197865409937746,0.010989327049688729
short,2026-04-07 08:00:00,1.156,2026-04-07 10:00:00,1.15635,TECH,0.02,-0.0003027681660900281,-0.0006027681660900281,-0.030138408304501402
short,2026-04-08 00:00:00,1.16707,2026-04-08 01:30:00,1.16854,TECH,0.02,-0.0012595645505409788,-0.0015595645505409787,-0.07797822752704893
short,2026-04-08 05:15:00,1.16843,2026-04-08 07:45:00,1.16996,TECH,0.02,-0.0013094494321440149,-0.0016094494321440148,-0.08047247160720074
short,2026-04-08 11:15:00,1.16866,2026-04-08 18:45:00,1.16627,TECH,0.02,0.002045077267982231,0.0017450772679822313,0.08725386339911156
short,2026-04-08 20:15:00,1.16552,2026-04-08 23:15:00,1.16643,TECH,0.02,-0.0007807673827992558,-0.0010807673827992557,-0.05403836913996278
short,2026-04-09 02:45:00,1.16594,2026-04-09 05:00:00,1.16719,TECH,0.02,-0.001072096334288191,-0.0013720963342881908,-0.06860481671440954
short,2026-04-09 16:00:00,1.17007,2026-04-09 23:45:00,1.16937,TECH,0.02,0.0005982548052679951,0.0002982548052679951,0.014912740263399754
short,2026-04-10 02:15:00,1.16882,2026-04-10 05:45:00,1.17023,TECH,0.02,-0.0012063448606287825,-0.0015063448606287824,-0.07531724303143912
short,2026-04-10 13:15:00,1.17233,2026-04-10 15:30:00,1.17282,TECH,0.02,-0.0004179710491072304,-0.0007179710491072304,-0.03589855245536152
short,2026-04-12 17:15:00,1.16684,2026-04-12 21:45:00,1.16819,TECH,0.02,-0.001156970964313841,-0.001456970964313841,-0.07284854821569205
short,2026-04-13 02:45:00,1.16791,2026-04-13 03:30:00,1.16967,TECH,0.02,-0.0015069654339803441,-0.001806965433980344,-0.0903482716990172
short,2026-04-13 06:15:00,1.16856,2026-04-13 07:30:00,1.16973,TECH,0.02,-0.0010012322858902352,-0.0013012322858902351,-0.06506161429451175
short,2026-04-13 08:00:00,1.16816,2026-04-13 08:30:00,1.16855,TECH,0.02,-0.0003338583755648973,-0.0006338583755648973,-0.031692918778244865
short,2026-04-13 23:00:00,1.17607,2026-04-14 01:00:00,1.17664,TECH,0.02,-0.00048466502844215007,-0.00078466502844215,-0.0392332514221075
short,2026-04-14 12:00:00,1.17903,2026-04-14 19:30:00,1.17974,TECH,0.02,-0.0006021899357946688,-0.0009021899357946688,-0.04510949678973344
short,2026-04-14 22:00:00,1.17907,2026-04-15 01:45:00,1.17912,TECH,0.02,-4.240630327281965e-05,-0.00034240630327281963,-0.01712031516364098
short,2026-04-15 04:15:00,1.17901,2026-04-15 09:30:00,1.17962,TECH,0.02,-0.0005173832283017103,-0.0008173832283017103,-0.040869161415085516
short,2026-04-15 15:15:00,1.17994,2026-04-15 17:00:00,1.17988,TECH,0.02,5.0850043222493506e-05,-0.00024914995677750645,-0.012457497838875321
short,2026-04-15 17:15:00,1.17971,2026-04-15 18:30:00,1.1801,TECH,0.02,-0.0003305897212025756,-0.0006305897212025755,-0.03152948606012877
short,2026-04-16 02:00:00,1.18044,2026-04-16 09:00:00,1.17814,TECH,0.02,0.001948426010640074,0.001648426010640074,0.0824213005320037
short,2026-04-16 10:00:00,1.17726,2026-04-16 15:30:00,1.17835,TECH,0.02,-0.0009258787353685978,-0.0012258787353685977,-0.06129393676842988
short,2026-04-16 21:15:00,1.1777,2026-04-17 00:45:00,1.17831,TECH,0.02,-0.0005179587331238851,-0.0008179587331238851,-0.040897936656194255
short,2026-04-17 03:15:00,1.17778,2026-04-17 05:00:00,1.17938,TECH,0.02,-0.0013584880028528637,-0.0016584880028528636,-0.08292440014264318
short,2026-04-17 12:15:00,1.17994,2026-04-19 21:15:00,1.17537,TECH,0.02,0.003873078292116517,0.003573078292116517,0.17865391460582586
short,2026-04-20 02:00:00,1.1753,2026-04-20 03:45:00,1.17623,TECH,0.02,-0.0007912873308943227,-0.0010912873308943226,-0.05456436654471613
short,2026-04-20 16:30:00,1.17854,2026-04-20 17:00:00,1.17879,TECH,0.02,-0.0002121268688377853,-0.0005121268688377853,-0.02560634344188926
short,2026-04-20 20:15:00,1.17841,2026-04-21 03:15:00,1.1774,TECH,0.02,0.0008570870919289173,0.0005570870919289173,0.027854354596445866
short,2026-04-21 03:30:00,1.17749,2026-04-21 08:45:00,1.17584,TECH,0.02,0.0014012857858664866,0.0011012857858664867,0.05506428929332433
short,2026-04-21 11:45:00,1.17475,2026-04-21 17:15:00,1.17432,TECH,0.02,0.00036603532666518873,6.603532666518876e-05,0.0033017663332594377
short,2026-04-21 17:30:00,1.17345,2026-04-21 18:00:00,1.17408,TECH,0.02,-0.0005368784353827673,-0.0008368784353827673,-0.04184392176913836
short,2026-04-21 18:45:00,1.17391,2026-04-21 19:00:00,1.17387,TECH,0.02,3.4074162414529226e-05,-0.00026592583758547073,-0.013296291879273536
short,2026-04-21 19:30:00,1.1741,2026-04-21 19:45:00,1.17406,TECH,0.02,3.406864832622261e-05,-0.00026593135167377735,-0.013296567583688867
short,2026-04-21 20:00:00,1.17436,2026-04-21 20:15:00,1.17491,TECH,0.02,-0.00046834020232282124,-0.0007683402023228212,-0.03841701011614106
short,2026-04-22 00:00:00,1.17384,2026-04-22 01:45:00,1.17526,TECH,0.02,-0.0012097049001567309,-0.0015097049001567308,-0.07548524500783654
short,2026-04-22 06:30:00,1.17495,2026-04-22 20:45:00,1.17108,TECH,0.02,0.003293757181156679,0.002993757181156679,0.14968785905783397
short,2026-04-22 23:15:00,1.16968,2026-04-23 02:30:00,1.17045,TECH,0.02,-0.0006582997059024155,-0.0009582997059024154,-0.04791498529512077
short,2026-04-23 05:00:00,1.17015,2026-04-23 09:45:00,1.16922,TECH,0.02,0.0007947699012947891,0.0004947699012947892,0.02473849506473946
short,2026-04-23 13:45:00,1.16715,2026-04-23 20:00:00,1.16836,TECH,0.02,-0.0010367133616074674,-0.0013367133616074673,-0.06683566808037336
short,2026-04-23 22:45:00,1.16804,2026-04-24 02:45:00,1.16823,TECH,0.02,-0.00016266566213497355,-0.0004626656621349735,-0.023133283106748673
short,2026-04-24 11:15:00,1.17051,2026-04-24 12:15:00,1.17156,TECH,0.02,-0.0008970448778737435,-0.0011970448778737435,-0.05985224389368717
short,2026-04-26 17:30:00,1.17008,2026-04-26 21:15:00,1.17199,TECH,0.02,-0.0016323670176398863,-0.0019323670176398862,-0.09661835088199432
short,2026-04-27 02:30:00,1.17187,2026-04-27 04:15:00,1.17432,TECH,0.02,-0.002090675586882558,-0.002390675586882558,-0.11953377934412789
short,2026-04-27 11:00:00,1.1736,2026-04-27 19:45:00,1.17223,TECH,0.02,0.0011673483299249074,0.0008673483299249075,0.04336741649624537
short,2026-04-27 21:15:00,1.17148,2026-04-28 10:15:00,1.16973,TECH,0.02,0.0014938368559430295,0.0011938368559430295,0.05969184279715148
short,2026-04-28 17:00:00,1.17096,2026-04-28 18:15:00,1.17172,TECH,0.02,-0.0006490401038464969,-0.0009490401038464969,-0.04745200519232484
short,2026-04-28 22:15:00,1.17146,2026-04-29 07:00:00,1.17093,TECH,0.02,0.00045242688610786495,0.00015242688610786497,0.007621344305393248
short,2026-04-29 09:30:00,1.16906,2026-04-29 19:15:00,1.16773,TECH,0.02,0.0011376661591364458,0.0008376661591364459,0.0418833079568223
short,2026-04-29 22:45:00,1.16647,2026-04-30 03:30:00,1.1681,TECH,0.02,-0.001397378415218583,-0.0016973784152185829,-0.08486892076092914
short,2026-04-30 10:00:00,1.16901,2026-04-30 11:15:00,1.17345,TECH,0.02,-0.003798085559576051,-0.004098085559576051,-0.20490427797880253
short,2026-04-30 18:15:00,1.17309,2026-04-30 22:45:00,1.17321,TECH,0.02,-0.0001022939416414086,-0.0004022939416414086,-0.020114697082070428
short,2026-05-01 01:15:00,1.17251,2026-05-01 04:00:00,1.17346,TECH,0.02,-0.0008102276313208471,-0.001110227631320847,-0.05551138156604235
short,2026-05-01 12:45:00,1.17449,2026-05-03 18:00:00,1.17407,TECH,0.02,0.0003576020230058042,5.7602023005804207e-05,0.0028801011502902103
short,2026-05-03 20:45:00,1.17246,2026-05-04 00:00:00,1.17376,TECH,0.02,-0.0011087798304418544,-0.0014087798304418544,-0.07043899152209272
short,2026-05-04 03:45:00,1.17185,2026-05-04 10:15:00,1.17095,TECH,0.02,0.0007680163843496377,0.0004680163843496377,0.023400819217481883
short,2026-05-04 12:15:00,1.16852,2026-05-04 16:00:00,1.16949,TECH,0.02,-0.0008301098825864473,-0.0011301098825864473,-0.05650549412932236
short,2026-05-04 17:45:00,1.16891,2026-05-05 03:45:00,1.16919,TECH,0.02,-0.00023953939995385274,-0.0005395393999538527,-0.026976969997692633
short,2026-05-05 14:00:00,1.16987,2026-05-05 19:15:00,1.17232,TECH,0.02,-0.0020942497884380855,-0.0023942497884380854,-0.11971248942190427
short,2026-05-06 09:30:00,1.17505,2026-05-06 17:00:00,1.17468,TECH,0.02,0.0003148802178630539,1.4880217863053925e-05,0.0007440108931526963
short,2026-05-06 17:30:00,1.17474,2026-05-06 18:45:00,1.17511,TECH,0.02,-0.00031496331103069916,-0.0006149633110306991,-0.030748165551534954
short,2026-05-07 00:45:00,1.17518,2026-05-07 03:30:00,1.17648,TECH,0.02,-0.0011062135162273686,-0.0014062135162273685,-0.07031067581136842
short,2026-05-07 08:30:00,1.17697,2026-05-07 09:30:00,1.17754,TECH,0.02,-0.0004842944170199405,-0.0007842944170199405,-0.039214720850997024
short,2026-05-07 12:00:00,1.17637,2026-05-07 21:15:00,1.17308,TECH,0.02,0.0027967391211948752,0.0024967391211948753,0.12483695605974376
short,2026-05-08 00:15:00,1.17288,2026-05-08 01:00:00,1.17352,TECH,0.02,-0.0005456653707113891,-0.0008456653707113891,-0.042283268535569456
short,2026-05-08 13:30:00,1.17743,2026-05-08 14:15:00,1.17803,TECH,0.02,-0.0005095844338941031,-0.0008095844338941031,-0.04047922169470515
short,2026-05-10 17:45:00,1.17677,2026-05-10 21:30:00,1.17688,TECH,0.02,-9.347621030433513e-05,-0.0003934762103043351,-0.019673810515216755
short,2026-05-10 23:00:00,1.1759,2026-05-11 03:30:00,1.17711,TECH,0.02,-0.001028999064546437,-0.001328999064546437,-0.06644995322732185
short,2026-05-11 07:30:00,1.17741,2026-05-11 09:15:00,1.17836,TECH,0.02,-0.0008068557257030315,-0.0011068557257030314,-0.05534278628515157
short,2026-05-11 13:00:00,1.1773,2026-05-11 17:00:00,1.17824,TECH,0.02,-0.0007984371018431503,-0.0010984371018431503,-0.054921855092157516
short,2026-05-11 20:45:00,1.17719,2026-05-12 16:00:00,1.17403,TECH,0.02,0.002684358514768263,0.0023843585147682632,0.11921792573841315
short,2026-05-12 20:30:00,1.17353,2026-05-12 23:00:00,1.17369,TECH,0.02,-0.00013634078378902794,-0.00043634078378902794,-0.021817039189451395
short,2026-05-12 23:15:00,1.17347,2026-05-12 23:30:00,1.17353,TECH,0.02,-5.1130408105830556e-05,-0.00035113040810583055,-0.01755652040529153
short,2026-05-13 00:00:00,1.17345,2026-05-13 08:00:00,1.17121,TECH,0.02,0.0019089011035834673,0.0016089011035834674,0.08044505517917337
short,2026-05-13 10:15:00,1.17105,2026-05-13 11:45:00,1.17144,TECH,0.02,-0.00033303445625730116,-0.0006330344562573011,-0.03165172281286505
short,2026-05-13 14:30:00,1.17065,2026-05-13 16:45:00,1.17131,TECH,0.02,-0.0005637893477983214,-0.0008637893477983214,-0.04318946738991607
short,2026-05-13 22:15:00,1.17131,2026-05-15 07:30:00,1.16398,TECH,0.02,0.006257950499867719,0.005957950499867719,0.29789752499338595
short,2026-05-15 09:15:00,1.16285,2026-05-15 13:15:00,1.16339,TECH,0.02,-0.0004643763168078299,-0.0007643763168078298,-0.03821881584039149
short,2026-05-15 15:00:00,1.16221,2026-05-17 23:45:00,1.16215,TECH,0.02,5.16257819154447e-05,-0.0002483742180845553,-0.012418710904227763
short,2026-05-18 07:30:00,1.16305,2026-05-18 08:15:00,1.16474,TECH,0.02,-0.0014530759640601792,-0.0017530759640601791,-0.08765379820300895
short,2026-05-18 12:15:00,1.1654,2026-05-18 13:15:00,1.16497,TECH,0.02,0.0003689720267718641,6.897202677186412e-05,0.003448601338593206
short,2026-05-18 15:00:00,1.16294,2026-05-18 17:00:00,1.16555,TECH,0.02,-0.0022443118303609824,-0.0025443118303609823,-0.12721559151804912
short,2026-05-18 20:45:00,1.16456,2026-05-19 13:45:00,1.16102,TECH,0.02,0.0030397746788487483,0.0027397746788487484,0.1369887339424374
short,2026-05-19 16:45:00,1.16052,2026-05-19 19:15:00,1.1609,TECH,0.02,-0.00032743942370665473,-0.0006274394237066546,-0.031371971185332734
short,2026-05-19 21:30:00,1.15958,2026-05-20 01:00:00,1.1597,TECH,0.02,-0.00010348574483856047,-0.00040348574483856043,-0.020174287241928022
short,2026-05-20 02:00:00,1.15954,2026-05-20 07:30:00,1.16021,TECH,0.02,-0.000577815340566042,-0.000877815340566042,-0.0438907670283021
short,2026-05-20 10:15:00,1.15885,2026-05-20 10:45:00,1.1617,TECH,0.02,-0.002459334685248323,-0.002759334685248323,-0.13796673426241615
short,2026-05-20 17:45:00,1.16246,2026-05-20 21:00:00,1.16285,TECH,0.02,-0.00033549541489590214,-0.0006354954148959022,-0.03177477074479511
short,2026-05-20 23:15:00,1.16189,2026-05-21 03:00:00,1.16201,TECH,0.02,-0.00010328000068844552,-0.0004032800006884455,-0.020164000034422275
short,2026-05-21 03:30:00,1.15974,2026-05-21 05:45:00,1.16271,TECH,0.02,-0.0025609188266334845,-0.0028609188266334844,-0.14304594133167423
short,2026-05-21 07:30:00,1.16128,2026-05-21 13:30:00,1.1618,TECH,0.02,-0.00044778175805994583,-0.0007477817580599459,-0.03738908790299729
short,2026-05-21 18:15:00,1.16162,2026-05-22 01:30:00,1.16144,TECH,0.02,0.00015495600971063598,-0.000145043990289364,-0.0072521995144682
short,2026-05-22 04:15:00,1.16063,2026-05-22 10:45:00,1.16007,TECH,0.02,0.00048249657513601743,0.00018249657513601746,0.009124828756800873
short,2026-05-22 11:45:00,1.16011,2026-05-22 15:30:00,1.16083,TECH,0.02,-0.0006206308022515571,-0.000920630802251557,-0.04603154011257785
short,2026-05-24 23:00:00,1.16375,2026-05-25 02:00:00,1.1639,TECH,0.02,-0.00012889366272813958,-0.0004288936627281396,-0.02144468313640698
short,2026-05-25 03:45:00,1.16355,2026-05-25 05:45:00,1.16447,TECH,0.02,-0.0007906836835544753,-0.0010906836835544752,-0.05453418417772376
short,2026-05-25 11:00:00,1.16419,2026-05-25 14:45:00,1.16418,TECH,0.02,8.589663199362227e-06,-0.00029141033680063776,-0.014570516840031888
short,2026-05-25 17:30:00,1.16395,2026-05-26 04:00:00,1.16371,TECH,0.02,0.0002061944241591288,-9.380557584087116e-05,-0.004690278792043558
short,2026-05-26 08:45:00,1.16337,2026-05-26 14:15:00,1.16258,TECH,0.02,0.0006790616914653708,0.0003790616914653708,0.01895308457326854
short,2026-05-26 23:30:00,1.1639,2026-05-27 00:15:00,1.16397,TECH,0.02,-6.0142623936776785e-05,-0.00036014262393677674,-0.018007131196838836
short,2026-05-27 06:45:00,1.16383,2026-05-27 09:15:00,1.16454,TECH,0.02,-0.0006100547330795636,-0.0009100547330795636,-0.04550273665397818
short,2026-05-27 11:15:00,1.16334,2026-05-27 16:30:00,1.16279,TECH,0.02,0.00047277666030571495,0.00017277666030571497,0.008638833015285749
short,2026-05-27 17:45:00,1.16285,2026-05-27 18:00:00,1.1628,TECH,0.02,4.2997807111737086e-05,-0.00025700219288826286,-0.012850109644413143
short,2026-05-27 18:30:00,1.16278,2026-05-28 03:15:00,1.16171,TECH,0.02,0.0009202084659178043,0.0006202084659178043,0.03101042329589021
short,2026-05-28 07:30:00,1.16106,2026-05-28 08:45:00,1.16324,TECH,0.02,-0.0018775946118202943,-0.0021775946118202942,-0.1088797305910147
short,2026-05-28 15:15:00,1.16472,2026-05-28 18:30:00,1.16513,TECH,0.02,-0.0003520159351604003,-0.0006520159351604002,-0.03260079675802001
short,2026-05-28 22:15:00,1.16471,2026-05-29 02:45:00,1.16492,TECH,0.02,-0.00018030239287036558,-0.0004803023928703655,-0.024015119643518275
short,2026-05-29 05:00:00,1.16281,2026-05-29 07:45:00,1.16456,TECH,0.02,-0.0015049750174148317,-0.0018049750174148316,-0.09024875087074158
short,2026-05-29 15:15:00,1.16677,2026-06-01 01:15:00,1.16515,TECH,0.02,0.0013884484517087145,0.0010884484517087146,0.054422422585435726
short,2026-06-01 06:15:00,1.16492,2026-06-01 13:45:00,1.16352,TECH,0.02,0.0012017992651854599,0.00090179926518546,0.045089963259272996
short,2026-06-01 18:00:00,1.16322,2026-06-01 19:15:00,1.1635,TECH,0.02,-0.00024071112945105654,-0.0005407111294510566,-0.02703555647255283
short,2026-06-01 22:15:00,1.16317,2026-06-02 00:45:00,1.16366,TECH,0.02,-0.0004212625841449482,-0.0007212625841449482,-0.036063129207247406
short,2026-06-02 06:15:00,1.16436,2026-06-02 08:15:00,1.16486,TECH,0.02,-0.000429420454155025,-0.0007294204541550249,-0.036471022707751245
short,2026-06-02 10:45:00,1.16464,2026-06-02 16:45:00,1.16313,TECH,0.02,0.0012965379859870008,0.0009965379859870008,0.04982689929935004
short,2026-06-02 19:15:00,1.1625,2026-06-02 22:00:00,1.16294,TECH,0.02,-0.00037849462365591044,-0.0006784946236559104,-0.03392473118279552
short,2026-06-03 00:45:00,1.16256,2026-06-03 07:15:00,1.16181,TECH,0.02,0.0006451279933939138,0.0003451279933939138,0.01725639966969569
short,2026-06-03 09:15:00,1.16015,2026-06-03 17:45:00,1.15995,TECH,0.02,0.00017239150109897683,-0.00012760849890102314,-0.006380424945051157
short,2026-06-03 18:00:00,1.15974,2026-06-03 19:00:00,1.16056,TECH,0.02,-0.0007070550295756315,-0.0010070550295756314,-0.05035275147878157
short,2026-06-04 00:00:00,1.1606,2026-06-04 02:00:00,1.16099,TECH,0.02,-0.00033603308633456007,-0.00063603308633456,-0.031801654316728
short,2026-06-04 04:45:00,1.16073,2026-06-04 05:30:00,1.16207,TECH,0.02,-0.0011544459090399117,-0.0014544459090399117,-0.07272229545199559
short,2026-06-04 11:00:00,1.16304,2026-06-04 19:30:00,1.1613,TECH,0.02,0.0014960792406108773,0.0011960792406108774,0.05980396203054387
short,2026-06-05 08:45:00,1.16069,2026-06-07 20:30:00,1.15224,TECH,0.02,0.007280152323187129,0.006980152323187129,0.34900761615935644
short,2026-06-08 02:45:00,1.15188,2026-06-08 07:30:00,1.15407,TECH,0.02,-0.0019012397124699744,-0.0022012397124699743,-0.11006198562349871
short,2026-06-08 13:30:00,1.15395,2026-06-08 19:00:00,1.15334,TECH,0.02,0.0005286190909484808,0.0002286190909484808,0.011430954547424039
short,2026-06-08 20:15:00,1.15282,2026-06-08 22:15:00,1.15394,TECH,0.02,-0.0009715306812858989,-0.0012715306812858989,-0.06357653406429495
short,2026-06-09 04:45:00,1.15461,2026-06-09 05:30:00,1.1556,TECH,0.02,-0.0008574323797646361,-0.001157432379764636,-0.0578716189882318
short,2026-06-09 11:00:00,1.15623,2026-06-09 22:00:00,1.15378,TECH,0.02,0.0021189555711234468,0.0018189555711234469,0.09094777855617234
short,2026-06-10 07:30:00,1.15431,2026-06-10 10:00:00,1.15623,TECH,0.02,-0.0016633313408011227,-0.0019633313408011226,-0.09816656704005612
short,2026-06-10 13:00:00,1.15538,2026-06-10 21:00:00,1.15425,TECH,0.02,0.0009780332011979395,0.0006780332011979396,0.033901660059896976
short,2026-06-11 01:00:00,1.15484,2026-06-11 09:00:00,1.15398,TECH,0.02,0.0007446919053722445,0.00044469190537224456,0.02223459526861223
short,2026-06-11 10:00:00,1.15296,2026-06-11 14:15:00,1.15521,TECH,0.02,-0.0019514987510408732,-0.0022514987510408734,-0.11257493755204366
short,2026-06-11 20:15:00,1.15711,2026-06-12 00:30:00,1.15716,TECH,0.02,-4.321110352506111e-05,-0.0003432111035250611,-0.017160555176253055
short,2026-06-12 02:30:00,1.15674,2026-06-12 04:45:00,1.15802,TECH,0.02,-0.0011065580856544667,-0.0014065580856544666,-0.07032790428272333
short,2026-06-12 08:30:00,1.15614,2026-06-12 11:30:00,1.15823,TECH,0.02,-0.0018077395471137988,-0.0021077395471137987,-0.10538697735568993
short,2026-06-12 16:00:00,1.15712,2026-06-14 17:45:00,1.15967,TECH,0.02,-0.0022037472345133196,-0.0025037472345133195,-0.12518736172566597
short,2026-06-14 22:15:00,1.15948,2026-06-15 00:30:00,1.1609,TECH,0.02,-0.0012246869286231558,-0.0015246869286231557,-0.07623434643115778
short,2026-06-15 04:15:00,1.16055,2026-06-15 07:00:00,1.16105,TECH,0.02,-0.00043083020981426475,-0.0007308302098142647,-0.03654151049071323
short,2026-06-15 11:45:00,1.15977,2026-06-15 20:30:00,1.15882,TECH,0.02,0.000819127930537957,0.0005191279305379571,0.025956396526897855
short,2026-06-15 22:30:00,1.15862,2026-06-16 03:45:00,1.15929,TECH,0.02,-0.0005782741537345708,-0.0008782741537345707,-0.04391370768672853
short,2026-06-16 09:00:00,1.15993,2026-06-16 12:15:00,1.16172,TECH,0.02,-0.0015431965722070991,-0.001843196572207099,-0.09215982861035495
short,2026-06-16 16:00:00,1.1608,2026-06-16 19:00:00,1.1612,TECH,0.02,-0.0003445899379737732,-0.0006445899379737732,-0.03222949689868866
short,2026-06-16 23:15:00,1.16109,2026-06-17 02:15:00,1.16113,TECH,0.02,-3.4450387136259896e-05,-0.00033445038713625987,-0.016722519356812994
short,2026-06-17 02:30:00,1.1606,2026-06-17 10:30:00,1.15927,TECH,0.02,0.001145958986731047,0.0008459589867310471,0.04229794933655235
short,2026-06-17 11:15:00,1.159,2026-06-17 20:00:00,1.15067,TECH,0.02,0.0071872303710094464,0.0068872303710094465,0.3443615185504723
short,2026-06-18 03:15:00,1.15124,2026-06-18 10:15:00,1.14719,TECH,0.02,0.0035179458670651725,0.0032179458670651725,0.1608972933532586
short,2026-06-18 13:15:00,1.14712,2026-06-18 19:00:00,1.14632,TECH,0.02,0.0006973987028383359,0.00039739870283833596,0.019869935141916796
short,2026-06-18 22:00:00,1.14531,2026-06-19 04:00:00,1.14463,TECH,0.02,0.0005937257161816573,0.0002937257161816573,0.014686285809082865
short,2026-06-21 17:30:00,1.14548,2026-06-21 21:30:00,1.14681,TECH,0.02,-0.0011610853092153973,-0.0014610853092153972,-0.07305426546076986
short,2026-06-21 23:45:00,1.1459,2026-06-22 06:30:00,1.14601,TECH,0.02,-9.59944148704551e-05,-0.0003959944148704551,-0.019799720743522754
short,2026-06-22 09:15:00,1.14445,2026-06-22 18:00:00,1.1427,TECH,0.02,0.0015291187906854107,0.0012291187906854108,0.06145593953427054
short,2026-06-22 20:45:00,1.14258,2026-06-22 22:30:00,1.14299,TECH,0.02,-0.0003588370179768782,-0.0006588370179768782,-0.03294185089884391
short,2026-06-23 01:00:00,1.14208,2026-06-23 03:30:00,1.14373,TECH,0.02,-0.0014447324180442082,-0.0017447324180442081,-0.0872366209022104
short,2026-06-23 03:45:00,1.14158,2026-06-23 17:00:00,1.13812,TECH,0.02,0.003030887016240665,0.002730887016240665,0.13654435081203325
short,2026-06-23 20:00:00,1.13789,2026-06-24 11:15:00,1.13511,TECH,0.02,0.00244311840336061,0.00214311840336061,0.1071559201680305
short,2026-06-24 20:15:00,1.13513,2026-06-24 22:15:00,1.13604,TECH,0.02,-0.0008016702932703447,-0.0011016702932703448,-0.055083514663517234
short,2026-06-25 02:45:00,1.13568,2026-06-25 05:30:00,1.13697,TECH,0.02,-0.0011358833474218208,-0.0014358833474218207,-0.07179416737109104
short,2026-06-25 07:15:00,1.13441,2026-06-25 10:15:00,1.13739,TECH,0.02,-0.002626916194321262,-0.002926916194321262,-0.1463458097160631
short,2026-06-25 14:45:00,1.13746,2026-06-26 00:30:00,1.13738,TECH,0.02,7.033214354778011e-05,-0.00022966785645221988,-0.011483392822610993
short,2026-06-26 12:15:00,1.13993,2026-06-26 16:45:00,1.13854,EOD,0.02,0.0012193731194020704,0.0009193731194020705,0.04596865597010352
