direction,entry_time,entry_price,exit_time,exit_price,exit_reason,sl_dist_pct,gross_pnl_pct,net_pnl_pct,r_multiple
short,2025-01-02 01:30:00,1.03616,2025-01-02 02:45:00,1.0369698522374033,SL,0.0007815899449923468,-0.0007815899449924476,-0.0010815899449924476,-1.3838329829115679
long,2025-01-02 16:30:00,1.02648,2025-01-03 00:30:00,1.02718,TECH,0.0017072050972951837,0.0006819421713037982,0.00038194217130379826,0.22372365916018508
long,2025-01-03 01:30:00,1.02732,2025-01-03 03:00:00,1.028697155097521,TP,0.0006702658847880626,0.0013405317695761886,0.0010405317695761887,1.5524164263637017
short,2025-01-03 10:30:00,1.02751,2025-01-03 11:00:00,1.0290935292562005,SL,0.0015411326957406562,-0.0015411326957407065,-0.0018411326957407065,-1.1946620176375355
long,2025-01-03 12:45:00,1.02997,2025-01-05 19:15:00,1.02965,TECH,0.0016260846751881516,-0.0003106886608348767,-0.0006106886608348767,-0.3755577247317794
long,2025-01-05 21:30:00,1.03133,2025-01-06 01:30:00,1.0309,TECH,0.0010455531792550406,-0.00041693735273884446,-0.0007169373527388444,-0.6857014707273562
long,2025-01-06 03:00:00,1.03274,2025-01-06 03:45:00,1.034862371114511,TP,0.0010275437740918242,0.0020550875481835495,0.0017550875481835496,1.7080416352429868
short,2025-01-06 10:45:00,1.03753,2025-01-06 16:15:00,1.03878,TECH,0.003583689017981115,-0.0012047844399679752,-0.0015047844399679751,-0.41989816427087784
short,2025-01-06 19:00:00,1.03831,2025-01-06 22:45:00,1.03924,TECH,0.0010829089777693803,-0.0008956862594021778,-0.0011956862594021777,-1.104142900232576
short,2025-01-07 07:30:00,1.04053,2025-01-07 10:00:00,1.037300340131801,TP,0.0015519302029729674,0.00310386040594591,0.00280386040594591,1.8066923374354547
long,2025-01-07 20:00:00,1.03468,2025-01-08 00:15:00,1.03502,TECH,0.0009704454179575348,0.00032860401283489284,2.860401283489287e-05,0.029475138225800286
long,2025-01-08 01:00:00,1.03549,2025-01-08 01:45:00,1.034762896970682,SL,0.0007021825699120274,-0.0007021825699119357,-0.0010021825699119357,-1.427239314751851
short,2025-01-08 02:45:00,1.03356,2025-01-08 04:15:00,1.0315772666504677,TP,0.0009591767045610748,0.00191835340912222,0.0016183534091222202,1.6872317701489516
long,2025-01-08 10:45:00,1.02989,2025-01-08 19:45:00,1.03083,TECH,0.002068783604719302,0.000912718834050181,0.0006127188340501811,0.29617347732863364
long,2025-01-08 22:00:00,1.03165,2025-01-08 23:00:00,1.0308791747156727,SL,0.0007471771282191741,-0.0007471771282191237,-0.0010471771282191237,-1.4015112195885482
short,2025-01-09 00:00:00,1.03089,2025-01-09 02:30:00,1.0293024380654177,TP,0.0007699957971181955,0.0015399915942364622,0.0012399915942364623,1.6103874837723584
long,2025-01-09 05:15:00,1.03063,2025-01-09 07:30:00,1.03011,TECH,0.0014206973293416655,-0.0005045457632708673,-0.0008045457632708673,-0.5663034248425626
long,2025-01-09 09:15:00,1.03123,2025-01-09 10:30:00,1.0298968647060576,SL,0.0012927623264863636,-0.0012927623264863534,-0.0015927623264863533,-1.232061217946665
short,2025-01-09 11:30:00,1.02951,2025-01-09 15:15:00,1.03003,TECH,0.0012767876219760054,-0.0005050946566814077,-0.0008050946566814077,-0.6305627050451919
short,2025-01-09 18:00:00,1.03007,2025-01-09 21:45:00,1.02992,TECH,0.000647104435361346,0.0001456211713767943,-0.0001543788286232057,-0.23856864547219472
short,2025-01-10 00:00:00,1.0295,2025-01-10 01:45:00,1.0281720457710843,TP,0.0006449510582398212,0.0012899021164795917,0.0009899021164795918,1.5348484258343562
long,2025-01-10 04:00:00,1.03027,2025-01-10 08:30:00,1.0291912939059327,SL,0.0010470130102471964,-0.001047013010247168,-0.001347013010247168,-1.286529390813532
short,2025-01-10 08:45:00,1.02505,2025-01-10 10:15:00,1.0273595452914135,SL,0.0022531050108906053,-0.0022531050108906617,-0.0025531050108906616,-1.13314958625984
long,2025-01-10 15:45:00,1.0243,2025-01-12 19:00:00,1.0243,TECH,0.0017998289314325728,0.0,-0.0003,-0.1666825078543521
long,2025-01-12 19:15:00,1.02421,2025-01-12 19:30:00,1.02403,TECH,0.0012244154138413936,-0.00017574520850222999,-0.00047574520850223,-0.388548856151411
long,2025-01-12 20:00:00,1.02424,2025-01-12 20:15:00,1.02452,TECH,0.0011468528199654804,0.000273373428102845,-2.6626571897154984e-05,-0.02321707845471961
long,2025-01-12 20:30:00,1.02449,2025-01-12 20:45:00,1.02419,TECH,0.0011243836304132655,-0.0002928286269265361,-0.0005928286269265361,-0.5272476500824215
long,2025-01-12 22:00:00,1.02402,2025-01-12 22:15:00,1.02338,TECH,0.0010856623576825561,-0.0006249877932071385,-0.0009249877932071384,-0.8520031911040997
long,2025-01-13 03:15:00,1.02289,2025-01-13 03:45:00,1.0213859808530223,SL,0.0014703625482482639,-0.0014703625482483265,-0.0017703625482483264,-1.2040313121124253
short,2025-01-13 04:30:00,1.01868,2025-01-13 08:15:00,1.0207525484566304,SL,0.002034543189844121,-0.0020345431898441194,-0.0023345431898441193,-1.147453247243664
long,2025-01-13 09:15:00,1.02064,2025-01-13 16:15:00,1.0219,TECH,0.0019222133735281532,0.001234519517165738,0.0009345195171657382,0.4861684608147645
long,2025-01-13 16:30:00,1.02224,2025-01-13 16:45:00,1.0246240584720414,TP,0.0011660952770588871,0.002332190554117793,0.002032190554117793,1.7427311422128062
short,2025-01-13 21:15:00,1.0242,2025-01-14 00:00:00,1.02501,TECH,0.0015522812677548948,-0.0007908611599296792,-0.0010908611599296791,-0.7027471004062429
short,2025-01-14 07:00:00,1.0254,2025-01-14 08:30:00,1.026896545424814,SL,0.0014594747657634415,-0.0014594747657635282,-0.0017594747657635281,-1.2055533997829408
long,2025-01-14 10:15:00,1.02745,2025-01-14 20:00:00,1.03012,TECH,0.0021781805698372165,0.0025986666017810602,0.0022986666017810603,1.0553149879363988
long,2025-01-15 00:15:00,1.03011,2025-01-15 00:45:00,1.0294131549118881,SL,0.0006764763841840811,-0.000676476384184178,-0.000976476384184178,-1.4434744612140984
short,2025-01-15 01:00:00,1.0293,2025-01-15 02:30:00,1.030073858840591,SL,0.0007518302152832491,-0.0007518302152832039,-0.001051830215283204,-1.3990262613839362
long,2025-01-15 03:30:00,1.03015,2025-01-15 08:00:00,1.02996,TECH,0.0012353222960756502,-0.0001844391593456414,-0.00048443915934564137,-0.3921560882407765
long,2025-01-15 09:00:00,1.03444,2025-01-15 10:00:00,1.0323229142379668,SL,0.002046600829466366,-0.002046600829466356,-0.0023466008294663557,-1.1465845198930231
short,2025-01-15 11:45:00,1.02768,2025-01-15 15:45:00,1.02958,TECH,0.0027509882335676663,-0.0018488245368208128,-0.0021488245368208128,-0.781110042784179
short,2025-01-15 18:00:00,1.02923,2025-01-15 19:30:00,1.02948,TECH,0.0010251123846998433,-0.0002429000320626696,-0.0005429000320626696,-0.5296005005554906
short,2025-01-15 22:00:00,1.02869,2025-01-16 02:00:00,1.0298033218265816,SL,0.001082271458438927,-0.0010822714584389135,-0.0013822714584389134,-1.2771947810882012
long,2025-01-16 02:45:00,1.02961,2025-01-16 04:30:00,1.0285982074328952,SL,0.000982694969070576,-0.0009826949690705297,-0.0012826949690705296,-1.3052829305554405
short,2025-01-16 06:00:00,1.02854,2025-01-16 10:00:00,1.029829422286125,SL,0.0012536433061670399,-0.001253643306167045,-0.001553643306167045,-1.2393025181279371
long,2025-01-16 10:45:00,1.03013,2025-01-16 15:15:00,1.02981,TECH,0.002034042559141479,-0.00031064040460922215,-0.0006106404046092222,-0.3002102398815878
long,2025-01-16 18:00:00,1.03012,2025-01-16 23:30:00,1.0298,TECH,0.0010712116837095938,-0.0003106434201839358,-0.0006106434201839357,-0.570049253075064
long,2025-01-17 04:30:00,1.02986,2025-01-17 08:15:00,1.0287979908864264,SL,0.0010312169747088676,-0.0010312169747087661,-0.001331216974708766,-1.290918407432727
short,2025-01-17 08:45:00,1.02954,2025-01-17 09:15:00,1.0266436571533595,TP,0.0014066198722926682,0.002813239744585369,0.002513239744585369,1.7867227629089346
long,2025-01-17 11:30:00,1.02938,2025-01-17 12:45:00,1.0282,TECH,0.0023643660467889682,-0.0011463210864792,-0.0014463210864791999,-0.6117162308448136
long,2025-01-19 19:15:00,1.02898,2025-01-20 01:45:00,1.0317409966311264,TP,0.001341618219560315,0.002683236439120672,0.002383236439120672,1.7763894410301941
short,2025-01-20 13:30:00,1.03861,2025-01-20 14:45:00,1.041876918162464,SL,0.00314547150755737,-0.0031454715075572635,-0.0034454715075572634,-1.0953752082252557
long,2025-01-20 15:15:00,1.04289,2025-01-20 19:45:00,1.0400196445408456,SL,0.002752308929181772,-0.0027523089291818727,-0.0030523089291818726,-1.108999392044732
short,2025-01-20 20:00:00,1.0362,2025-01-20 20:15:00,1.0390605875065473,SL,0.002760651907495966,-0.0027606519074959215,-0.0030606519074959215,-1.1086699845008958
long,2025-01-21 00:00:00,1.03897,2025-01-21 01:45:00,1.03721,TECH,0.0021632704087579044,-0.0016939853893760011,-0.0019939853893760013,-0.9217457888313175
long,2025-01-21 08:30:00,1.03628,2025-01-21 10:15:00,1.039859439518144,TP,0.0017270619514725297,0.0034541239029450325,0.0031541239029450325,1.8262945925337302
short,2025-01-21 16:15:00,1.04237,2025-01-21 17:45:00,1.04276,TECH,0.001341458865822379,-0.0003741473756918277,-0.0006741473756918276,-0.5025479296217873
short,2025-01-21 18:15:00,1.03955,2025-01-21 18:45:00,1.0411360439800714,SL,0.0015257024482433546,-0.0015257024482434225,-0.0018257024482434224,-1.1966307390707003
long,2025-01-21 23:15:00,1.04169,2025-01-21 23:30:00,1.04193,TECH,0.001206117260929611,0.00023039483915562016,-6.960516084437982e-05,-0.05771011086495177
long,2025-01-21 23:45:00,1.04176,2025-01-22 00:15:00,1.0415,TECH,0.0011365756269799694,-0.0002495776378435791,-0.000549577637843579,-0.48353811642422684
long,2025-01-22 00:30:00,1.04116,2025-01-22 01:45:00,1.0403,TECH,0.0011064951922465803,-0.0008260017672596747,-0.0011260017672596746,-1.0176291547851093
long,2025-01-22 04:00:00,1.04232,2025-01-22 05:00:00,1.0451231592771253,TP,0.001344673074068117,0.002689346148136252,0.002389346148136252,1.7768974438579521
short,2025-01-22 08:45:00,1.04285,2025-01-22 14:45:00,1.04196,TECH,0.0016773739831910557,0.0008534305029487053,0.0005534305029487054,0.32993864725137373
short,2025-01-22 16:30:00,1.04104,2025-01-22 20:45:00,1.04094,TECH,0.001042655228566181,9.605778836547009e-05,-0.00020394221163452987,-0.19559889601760622
short,2025-01-22 21:30:00,1.04054,2025-01-23 00:00:00,1.04107,TECH,0.0008964463195954762,-0.0005093509139484493,-0.0008093509139484492,-0.9028437021345248
short,2025-01-23 02:15:00,1.03961,2025-01-23 04:15:00,1.0405671623264199,SL,0.0009206936509075589,-0.0009206936509075116,-0.0012206936509075116,-1.3258412824985082
long,2025-01-23 05:30:00,1.04178,2025-01-23 06:45:00,1.0405577020828496,SL,0.0011732783477800867,-0.001173278347780087,-0.001473278347780087,-1.2556938006804765
short,2025-01-23 08:15:00,1.03984,2025-01-23 08:30:00,1.041204418723034,SL,0.001312142947986075,-0.001312142947986175,-0.001612142947986175,-1.2286336259784432
long,2025-01-23 10:30:00,1.0395,2025-01-23 10:45:00,1.03955,TECH,0.001554817314402406,4.8100048099936e-05,-0.00025189995190006396,-0.16201257187368132
long,2025-01-23 12:15:00,1.04209,2025-01-23 16:15:00,1.04144,TECH,0.0022005482207724013,-0.0006237465094186102,-0.0009237465094186102,-0.41978017145853386
long,2025-01-23 20:15:00,1.0419,2025-01-23 21:15:00,1.043855682060122,TP,0.0009385171610144247,0.0018770343220288568,0.0015770343220288569,1.6803468146754734
short,2025-01-24 08:00:00,1.04737,2025-01-24 09:45:00,1.0491070377178875,SL,0.0016584757228941737,-0.0016584757228940868,-0.001958475722894087,-1.180888990932221
long,2025-01-24 10:45:00,1.05102,2025-01-24 14:30:00,1.0495,TECH,0.0019314093782646679,-0.0014462141538695418,-0.0017462141538695417,-0.9041139457645586
long,2025-01-27 03:45:00,1.04785,2025-01-27 05:45:00,1.0508645662272096,TP,0.0014384531312733745,0.002876906262546773,0.0025769062625467733,1.7914426313394
short,2025-01-27 10:45:00,1.04954,2025-01-27 16:30:00,1.04898,TECH,0.001792030383741741,0.0005335670865330468,0.0002335670865330468,0.1303365660828591
short,2025-01-27 18:30:00,1.04454,2025-01-28 01:45:00,1.04377,TECH,0.001493154185261553,0.0007371665996514613,0.00043716659965146136,0.2927806143307857
short,2025-01-28 04:00:00,1.04254,2025-01-28 04:15:00,1.0440923521306957,SL,0.0014890096597692188,-0.0014890096597691322,-0.0017890096597691322,-1.201476194618113
long,2025-01-28 10:15:00,1.04374,2025-01-28 10:45:00,1.0422844713204407,SL,0.0013945318561703977,-0.0013945318561703357,-0.0016945318561703356,-1.2151259569098585
short,2025-01-28 12:45:00,1.04307,2025-01-28 15:15:00,1.04326,TECH,0.0013419304715273604,-0.00018215460132122918,-0.0004821546013212292,-0.3592992420631523
short,2025-01-28 18:00:00,1.04283,2025-01-28 20:30:00,1.04325,TECH,0.000810416995221535,-0.00040275020856715574,-0.0007027502085671558,-0.8671464353669589
short,2025-01-29 02:45:00,1.04183,2025-01-29 03:15:00,1.042824996050407,SL,0.0009550464571061551,-0.0009550464571062286,-0.0012550464571062286,-1.314120844873966
long,2025-01-29 10:45:00,1.04252,2025-01-29 14:00:00,1.0407517174340601,SL,0.0016961617675820512,-0.0016961617675821563,-0.0019961617675821565,-1.1768699222762036
short,2025-01-29 15:15:00,1.04193,2025-01-29 18:00:00,1.04211,TECH,0.002322837598422839,-0.00017275632720054992,-0.0004727563272005499,-0.20352534655093502
short,2025-01-29 22:15:00,1.0424,2025-01-29 23:00:00,1.04251,TECH,0.0009431370510285872,-0.00010552570990028252,-0.0004055257099002825,-0.42997537787113266
short,2025-01-29 23:45:00,1.04193,2025-01-30 03:00:00,1.0428239948230753,SL,0.000858018123170648,-0.0008580181231707348,-0.0011580181231707347,-1.3496429642901853
long,2025-01-30 04:30:00,1.04085,2025-01-30 05:00:00,1.0407,TECH,0.0012900860551334243,-0.00014411298458000144,-0.0004441129845800014,-0.344250666699959
long,2025-01-30 09:00:00,1.0456,2025-01-30 09:00:00,1.0434507068600036,SL,0.002055559621266798,-0.002055559621266694,-0.002355559621266694,-1.1459456572779982
short,2025-01-30 12:45:00,1.04156,2025-01-30 15:15:00,1.04275,TECH,0.0020866347671237378,-0.0011425169937401823,-0.0014425169937401822,-0.6913126419955988
short,2025-01-30 16:00:00,1.04071,2025-01-30 20:45:00,1.03879,TECH,0.0020519623501968226,0.0018448943509718574,0.0015448943509718575,0.7528863045775048
short,2025-01-30 21:00:00,1.03885,2025-01-31 01:45:00,1.03939,TECH,0.0014328754835921938,-0.0005198055542185926,-0.0008198055542185925,-0.5721401221572682
short,2025-01-31 04:45:00,1.03775,2025-01-31 08:00:00,1.0393965340107076,SL,0.001586638410703733,-0.0015866384107036278,-0.0018866384107036277,-1.189078997442671
long,2025-01-31 08:30:00,1.03882,2025-01-31 09:00:00,1.0371896817034556,SL,0.0015693944057146654,-0.001569394405714633,-0.0018693944057146328,-1.191156537137874
short,2025-01-31 10:15:00,1.03704,2025-01-31 10:45:00,1.038828922760846,SL,0.0017250277335936594,-0.0017250277335937659,-0.002025027733593766,-1.17391024744578
long,2025-01-31 11:45:00,1.04053,2025-01-31 13:15:00,1.0384411845959225,SL,0.002007453320978255,-0.002007453320978213,-0.002307453320978213,-1.149443076391816
short,2025-01-31 14:45:00,1.03685,2025-02-02 17:00:00,1.0311564532937425,TP,0.0027455980644536904,0.005491196128907311,0.005191196128907311,1.8907341887058904
long,2025-02-03 01:00:00,1.024,2025-02-03 03:00:00,1.0216327783143981,SL,0.002311739927345554,-0.0023117399273455894,-0.0026117399273455893,-1.1297723833253637
short,2025-02-03 14:00:00,1.02782,2025-02-03 16:15:00,1.02936,TECH,0.003170499274869247,-0.0014983168259034626,-0.0017983168259034625,-0.5672030396466897
short,2025-02-03 20:45:00,1.03168,2025-02-04 00:00:00,1.0278112439206284,TP,0.001874978714025488,0.0037499574280508863,0.0034499574280508864,1.8399981835761727
long,2025-02-04 03:15:00,1.03197,2025-02-04 07:30:00,1.03249,TECH,0.0015778752503166065,0.000503890616975158,0.00020389061697515806,0.1292184644725536
long,2025-02-04 09:30:00,1.03494,2025-02-04 10:30:00,1.0384128430002528,TP,0.0016777991962107777,0.0033555983924216442,0.0030555983924216443,1.8211943356049727
short,2025-02-04 17:45:00,1.03768,2025-02-04 21:15:00,1.03829,TECH,0.0011639538017386242,-0.0005878498188266127,-0.0008878498188266127,-0.7627878507724373
short,2025-02-05 00:30:00,1.03745,2025-02-05 01:15:00,1.0383967615074312,SL,0.0009125851919910606,-0.0009125851919911575,-0.0012125851919911575,-1.3287364320974382
long,2025-02-05 02:15:00,1.03903,2025-02-05 04:15:00,1.0413056001379857,TP,0.0010950598818060427,0.002190119763612002,0.0018901197636120022,1.7260423790657877
short,2025-02-05 10:30:00,1.04202,2025-02-05 10:45:00,1.04173,TECH,0.0019041085511552654,0.00027830559874081253,-2.1694401259187443e-05,-0.011393468742118176
short,2025-02-05 12:45:00,1.04177,2025-02-06 02:45:00,1.0380950994198574,TP,0.0017637773117591016,0.0035275546235182783,0.0032275546235182783,1.8299105006058163
long,2025-02-06 09:30:00,1.03671,2025-02-06 13:30:00,1.0393940742641126,TP,0.0012945154691825984,0.0025890309383651607,0.002289030938365161,1.7682530590465124
short,2025-02-06 18:00:00,1.03822,2025-02-06 22:45:00,1.03784,TECH,0.0008948832832328584,0.00036601105738651244,6.601105738651247e-05,0.07376499105899118
short,2025-02-06 23:15:00,1.03767,2025-02-07 02:30:00,1.0384779488255258,SL,0.0007786182751025629,-0.0007786182751025914,-0.0010786182751025915,-1.3852979175970552
long,2025-02-07 03:15:00,1.03919,2025-02-07 05:45:00,1.0382501869645457,SL,0.0009043707459217121,-0.0009043707459216483,-0.0012043707459216482,-1.3317223620432166
short,2025-02-07 06:45:00,1.03814,2025-02-07 08:30:00,1.0390872901166657,SL,0.0009124878307990397,-0.0009124878307989395,-0.0012124878307989396,-1.3287715078207656
long,2025-02-07 16:15:00,1.03305,2025-02-09 17:00:00,1.0308694632289548,SL,0.0021107756362665838,-0.0021107756362666263,-0.002410775636266626,-1.1421278485716582
short,2025-02-09 17:15:00,1.02958,2025-02-09 23:45:00,1.03145,TECH,0.0023123334424385556,-0.0018162745974086895,-0.0021162745974086894,-0.9152116898750099
short,2025-02-10 08:00:00,1.03137,2025-02-11 00:30:00,1.03039,TECH,0.0012879738542537621,0.0009501924624528356,0.0006501924624528355,0.5048180600137647
short,2025-02-11 20:00:00,1.03571,2025-02-11 21:30:00,1.036610991621741,SL,0.0008699265448253625,-0.000869926544825352,-0.0011699265448253519,-1.3448567028842813
long,2025-02-11 22:15:00,1.03638,2025-02-12 00:00:00,1.035519856413993,SL,0.0008299500048314401,-0.0008299500048314007,-0.0011299500048314007,-1.3614675561823624
short,2025-02-12 00:15:00,1.03556,2025-02-12 02:00:00,1.0363462881535268,SL,0.0007592878766336463,-0.0007592878766336771,-0.001059287876633677,-1.395107059169838
long,2025-02-12 03:00:00,1.03758,2025-02-12 04:00:00,1.0366763745185787,SL,0.0008708971659256659,-0.0008708971659257115,-0.0011708971659257115,-1.3444723576303974
short,2025-02-12 08:45:00,1.03279,2025-02-12 09:15:00,1.0345711312443924,SL,0.001724582194243014,-0.0017245821942430458,-0.0020245821942430457,-1.1739551765068021
long,2025-02-12 12:00:00,1.0391,2025-02-12 15:45:00,1.03938,TECH,0.002665997535559479,0.00026946395919551344,-3.053604080448653e-05,-0.011453889359308175
long,2025-02-12 19:45:00,1.03994,2025-02-12 23:00:00,1.0426179526896047,TP,0.0012875515364370227,0.0025751030728739916,0.0022751030728739917,1.76699961787143
short,2025-02-13 03:30:00,1.04191,2025-02-13 07:00:00,1.0391635618602153,TP,0.001317982426401779,0.0026359648528035923,0.0023359648528035923,1.7723793625845263
long,2025-02-13 11:00:00,1.04332,2025-02-13 13:30:00,1.0408614162153285,SL,0.0023565001961732665,-0.002356500196173335,-0.002656500196173335,-1.1273074368876523
short,2025-02-13 14:45:00,1.04341,2025-02-13 15:30:00,1.04573,TECH,0.002867286661143814,-0.002223478785904007,-0.002523478785904007,-0.8800929534186667
short,2025-02-13 20:30:00,1.04629,2025-02-14 02:30:00,1.04678,TECH,0.001388933602336476,-0.00046832140228818156,-0.0007683214022881815,-0.5531736009523455
short,2025-02-14 07:00:00,1.04674,2025-02-14 08:15:00,1.0479823684053935,SL,0.001186893025386912,-0.0011868930253869062,-0.001486893025386906,-1.252760774208946
long,2025-02-14 09:00:00,1.04882,2025-02-14 14:15:00,1.05001,TECH,0.001508775795724174,0.0011346084170782635,0.0008346084170782636,0.5531692776643946
long,2025-02-14 14:30:00,1.04997,2025-02-14 15:15:00,1.04948,TECH,0.0012471379289080021,-0.00046668000038105985,-0.0007666800003810598,-0.6147515704637154
long,2025-02-16 20:45:00,1.05029,2025-02-16 23:00:00,1.0492690723561353,SL,0.0009720435725987272,-0.0009720435725986471,-0.0012720435725986471,-1.308628140195279
short,2025-02-17 00:15:00,1.04954,2025-02-17 03:00:00,1.0477867547359496,TP,0.0008352446138548284,0.0016704892277095644,0.0013704892277095644,1.6408237838068425
long,2025-02-17 07:00:00,1.04819,2025-02-17 07:30:00,1.0470540757635844,SL,0.001083700699697078,-0.001083700699697105,-0.001383700699697105,-1.2768292020886254
short,2025-02-17 08:15:00,1.04715,2025-02-17 10:00:00,1.0483448534790405,SL,0.0011410528377409246,-0.0011410528377409823,-0.0014410528377409822,-1.2629150816486312
long,2025-02-17 11:15:00,1.04787,2025-02-17 18:30:00,1.04786,TECH,0.0010694739300090592,-9.543168522875462e-06,-0.0003095431685228754,-0.28943498278658686
long,2025-02-18 03:00:00,1.04634,2025-02-18 06:00:00,1.0462,TECH,0.001027496187772027,-0.00013379972093203833,-0.0004337997209320383,-0.42219107583519955
long,2025-02-18 06:45:00,1.04634,2025-02-18 07:15:00,1.04585,TECH,0.0009651370659844521,-0.00046829902326213417,-0.0007682990232621341,-0.7960517219162642
long,2025-02-18 11:30:00,1.04627,2025-02-18 12:00:00,1.0449612442546106,SL,0.0012508776371198938,-0.001250877637119928,-0.001550877637119928,-1.2398316118999255
short,2025-02-18 13:15:00,1.0437,2025-02-18 16:45:00,1.04455,TECH,0.0013580264891381196,-0.0008144102711507305,-0.0011144102711507305,-0.8206101133255496
short,2025-02-18 20:15:00,1.04464,2025-02-18 22:00:00,1.04517,TECH,0.0008231043423928138,-0.0005073518149792458,-0.0008073518149792458,-0.9808620528379494
short,2025-02-19 03:45:00,1.04475,2025-02-19 04:45:00,1.042856849954815,TP,0.0009060301723786147,0.0018120603447572031,0.0015120603447572032,1.66888519925067
long,2025-02-19 09:15:00,1.04321,2025-02-19 11:00:00,1.042020317185789,SL,0.00114040587629625,-0.0011404058762962944,-0.0014404058762962943,-1.2630642354933916
short,2025-02-19 11:30:00,1.04066,2025-02-19 14:00:00,1.0421899981849936,SL,0.0014702190773102654,-0.00147021907731023,-0.00177021907731023,-1.2040512224537367
long,2025-02-19 15:00:00,1.04255,2025-02-19 18:45:00,1.04209,TECH,0.001319974951819319,-0.00044122584048738857,-0.0007412258404873885,-0.5615453834678896
long,2025-02-19 20:15:00,1.04317,2025-02-19 20:30:00,1.0423116416642988,SL,0.0008228364846584069,-0.0008228364846584326,-0.0011228364846584326,-1.3645924865917534
short,2025-02-20 02:15:00,1.0427,2025-02-20 03:00:00,1.0436772300000523,SL,0.0009372110866523289,-0.0009372110866522899,-0.00123721108665229,-1.3200986461561675
long,2025-02-20 03:15:00,1.04401,2025-02-20 03:45:00,1.0429593397013877,SL,0.0010063699568131092,-0.0010063699568131042,-0.0013063699568131042,-1.2981011088109293
short,2025-02-20 19:45:00,1.04891,2025-02-20 21:15:00,1.0498686248322515,SL,0.0009139247716692496,-0.0009139247716691698,-0.0012139247716691699,-1.3282545886703359
long,2025-02-20 22:45:00,1.05013,2025-02-21 00:45:00,1.0491805395163916,SL,0.000904136138962177,-0.0009041361389622658,-0.0012041361389622657,-1.3318084379908175
short,2025-02-21 01:30:00,1.049,2025-02-21 02:45:00,1.0498480803376045,SL,0.0008084655267918379,-0.0008084655267917338,-0.0011084655267917338,-1.3710733359162008
long,2025-02-21 09:30:00,1.0477,2025-02-21 10:15:00,1.04638773994542,SL,0.0012525150850244355,-0.001252515085024408,-0.0015525150850244078,-1.2395180733444977
short,2025-02-21 11:15:00,1.04538,2025-02-21 14:45:00,1.04625,TECH,0.0015955455614650792,-0.0008322332548928872,-0.0011322332548928872,-0.7096213873411649
short,2025-02-23 17:30:00,1.04636,2025-02-23 17:45:00,1.04723,TECH,0.0011100899551249222,-0.0008314538017509733,-0.0011314538017509733,-1.0192451490326717
short,2025-02-24 01:00:00,1.05162,2025-02-24 02:30:00,1.0490993187873052,TP,0.001198475310803748,0.002396950621607401,0.002096950621607401,1.749681952314143
long,2025-02-24 12:00:00,1.04777,2025-02-24 16:00:00,1.04651,TECH,0.001302019280340691,-0.0012025539956288488,-0.0015025539956288487,-1.1540182379140231
long,2025-02-24 21:45:00,1.04716,2025-02-25 02:45:00,1.0463592074273596,SL,0.0007647280001532621,-0.0007647280001533105,-0.0010647280001533106,-1.3922963458117452
short,2025-02-25 03:00:00,1.04642,2025-02-25 03:00:00,1.0473801181083908,SL,0.0009175265270071701,-0.0009175265270072411,-0.001217526527007241,-1.3269660235095595
long,2025-02-25 06:30:00,1.04774,2025-02-25 08:30:00,1.0501602969257726,TP,0.0011550083636077003,0.002310016727215459,0.002010016727215459,1.7402616210822204
short,2025-02-25 12:45:00,1.04966,2025-02-25 13:30:00,1.0513573757794477,SL,0.0016170719846880168,-0.0016170719846880118,-0.0019170719846880117,-1.185520498061114
long,2025-02-25 14:30:00,1.05062,2025-02-25 21:45:00,1.05063,TECH,0.0015047848851970525,9.518189259526248e-06,-0.0002904818107404737,-0.19303876161836578
long,2025-02-26 03:45:00,1.04999,2025-02-26 06:15:00,1.05007,TECH,0.001189613889351297,7.619120182104592e-05,-0.00022380879817895407,-0.18813566332938347
long,2025-02-26 11:00:00,1.05061,2025-02-26 12:30:00,1.0490028153065103,SL,0.0015297633693661405,-0.0015297633693661294,-0.0018297633693661294,-1.1961087616605006
short,2025-02-26 14:30:00,1.04859,2025-02-26 19:00:00,1.04877,TECH,0.0018612764909388207,-0.00017165908505714246,-0.00047165908505714246,-0.2534062442379205
short,2025-02-26 20:30:00,1.04767,2025-02-27 02:45:00,1.04763,TECH,0.000983572657330858,3.8179961247377514e-05,-0.0002618200387526225,-0.26619288041529043
short,2025-02-27 08:30:00,1.04819,2025-02-27 08:30:00,1.0459036393584369,TP,0.0010906231892896419,0.0021812463785793297,0.0018812463785793298,1.7249279100737316
long,2025-02-28 02:15:00,1.03904,2025-02-28 08:00:00,1.0408960674556476,TP,0.0008931645825220975,0.001786329165044264,0.001486329165044264,1.6641156558707266
short,2025-02-28 12:15:00,1.04093,2025-02-28 13:15:00,1.0373451491063042,TP,0.0017219461893190173,0.0034438923786380997,0.0031438923786380997,1.825778527888507
long,2025-03-02 17:45:00,1.04017,2025-03-03 01:15:00,1.04132,TECH,0.0016249514616643286,0.001105588509570536,0.000805588509570536,0.4957615833924207
long,2025-03-03 05:15:00,1.04369,2025-03-03 07:30:00,1.046975835807845,TP,0.0015741435712926875,0.0031482871425853624,0.0028482871425853625,1.809420179028745
short,2025-03-03 14:15:00,1.04886,2025-03-03 18:00:00,1.04865,TECH,0.0016226387412508992,0.00020021737886831556,-9.978262113168442e-05,-0.06149404583719082
short,2025-03-03 22:30:00,1.04805,2025-03-04 02:00:00,1.0486,TECH,0.0012789583973735693,-0.0005247841228949483,-0.0008247841228949482,-0.6448873744358692
short,2025-03-04 10:30:00,1.0515,2025-03-04 11:15:00,1.0538441425059075,SL,0.002229331912417998,-0.0022293319124178984,-0.0025293319124178983,-1.1345694637612358
long,2025-03-04 13:00:00,1.05414,2025-03-04 13:45:00,1.058531473222071,TP,0.0020829648917937206,0.004165929783587471,0.0038659297835874707,1.855974528816168
short,2025-03-04 20:45:00,1.06123,2025-03-05 00:15:00,1.06238,TECH,0.0018294096301592028,-0.0010836482195190548,-0.0013836482195190548,-0.7563359220967061
short,2025-03-05 07:30:00,1.0703,2025-03-05 08:45:00,1.07053,TECH,0.0024059706133910887,-0.00021489302064837192,-0.0005148930206483719,-0.21400636307966261
short,2025-03-05 23:30:00,1.07891,2025-03-06 00:00:00,1.0804258719303879,SL,0.0014050031331509273,-0.0014050031331508876,-0.0017050031331508875,-1.2135226555169067
long,2025-03-06 01:30:00,1.08102,2025-03-06 02:15:00,1.0794722338068763,SL,0.0014317646233407717,-0.0014317646233407344,-0.0017317646233407343,-1.209531647247971
short,2025-03-06 04:30:00,1.07923,2025-03-06 08:00:00,1.08,TECH,0.002208227216828015,-0.0007134716418188519,-0.001013471641818852,-0.4589526087241343
short,2025-03-06 12:45:00,1.07985,2025-03-06 19:45:00,1.07908,TECH,0.0028059394104637944,0.0007130619993517039,0.0004130619993517039,0.14720987837846036
short,2025-03-07 07:45:00,1.08506,2025-03-07 08:30:00,1.0868951030287524,SL,0.001691245671900556,-0.0016912456719005858,-0.001991245671900586,-1.1773840459635303
long,2025-03-07 09:45:00,1.08687,2025-03-07 10:30:00,1.0840861249193234,SL,0.002561368959191498,-0.002561368959191594,-0.0028613689591915938,-1.1171248675141248
short,2025-03-07 12:00:00,1.08583,2025-03-07 16:30:00,1.08406,TECH,0.0030315648929248504,0.0016300894246797835,0.0013300894246797835,0.43874680953852674
short,2025-03-09 17:00:00,1.08388,2025-03-09 17:00:00,1.08569958095447,SL,0.0016787660575617747,-0.0016787660575618164,-0.0019787660575618163,-1.1787026838246653
long,2025-03-09 18:15:00,1.08609,2025-03-09 21:45:00,1.0840685469385374,SL,0.0018612205815932217,-0.0018612205815932558,-0.002161220581593256,-1.1611845489819543
short,2025-03-09 22:00:00,1.08368,2025-03-10 02:30:00,1.08335,TECH,0.0014709564663058427,0.0003045179388748906,4.517938874890645e-06,0.0030714293579584906
short,2025-03-10 03:15:00,1.08112,2025-03-10 04:15:00,1.0828779627162748,SL,0.0016260569745030695,-0.0016260569745030226,-0.0019260569745030225,-1.1844953803612168
long,2025-03-10 05:30:00,1.08668,2025-03-10 06:00:00,1.0843868778245493,SL,0.0021102092386449,-0.0021102092386449975,-0.0024102092386449974,-1.1421659968623523
short,2025-03-10 09:15:00,1.08386,2025-03-10 16:45:00,1.08345,TECH,0.002243810767189501,0.0003782776373332547,7.827763733325472e-05,0.03488602447135141
short,2025-03-11 00:30:00,1.08449,2025-03-11 01:15:00,1.0857221485511261,SL,0.0011361548295753159,-0.001136154829575366,-0.001436154829575366,-1.2640485189084547
long,2025-03-11 02:30:00,1.08754,2025-03-11 03:45:00,1.0913986052612783,TP,0.0017740061336954385,0.003548012267390944,0.0032480122673909442,1.8308912273177986
short,2025-03-11 07:15:00,1.0909,2025-03-11 08:00:00,1.09179,TECH,0.00210984162229134,-0.0008158401320011526,-0.0011158401320011525,-0.5288738833341067
short,2025-03-11 15:30:00,1.09121,2025-03-12 03:00:00,1.09012,TECH,0.0015546998993603831,0.000998891139194138,0.0006988911391941381,0.44953443393266307
short,2025-03-12 07:15:00,1.08942,2025-03-12 07:30:00,1.0909879545577346,SL,0.001439256262721876,-0.0014392562627219142,-0.001739256262721914,-1.2084409898155923
long,2025-03-12 10:45:00,1.09124,2025-03-12 13:30:00,1.0887447441074,SL,0.002286624292181217,-0.0022866242921812914,-0.0025866242921812914,-1.1311977665180422
short,2025-03-12 13:45:00,1.08836,2025-03-12 21:00:00,1.08888,TECH,0.0019269231845427737,-0.00047778308647880845,-0.0007777830864788085,-0.4036399025752359
short,2025-03-13 00:00:00,1.08933,2025-03-13 01:30:00,1.0875461359476701,TP,0.0008187895551989536,0.0016375791103979288,0.0013375791103979288,1.6336054873989168
long,2025-03-13 05:15:00,1.08739,2025-03-13 05:45:00,1.08701,TECH,0.0016864054803566607,-0.0003494606350987658,-0.0006494606350987658,-0.38511534898558936
long,2025-03-13 10:45:00,1.08611,2025-03-13 14:00:00,1.08536,TECH,0.002168595833208548,-0.0006905377908313214,-0.0009905377908313213,-0.4567645919367881
long,2025-03-13 18:30:00,1.08522,2025-03-13 20:15:00,1.0841312626706279,SL,0.0010032411210373683,-0.0010032411210373956,-0.0013032411210373955,-1.2990308049672268
short,2025-03-13 20:30:00,1.08428,2025-03-14 00:45:00,1.08434,TECH,0.0010026616323938777,-5.533626000679809e-05,-0.00035533626000679803,-0.35439299612814
short,2025-03-14 03:00:00,1.0839,2025-03-14 03:15:00,1.0852902693557795,SL,0.0012826546321426625,-0.0012826546321426891,-0.001582654632142689,-1.2338899283425029
long,2025-03-14 03:45:00,1.085,2025-03-14 05:30:00,1.0880526543546991,TP,0.0014067531588475729,0.0028135063176950663,0.0025135063176950664,1.7867429704257125
short,2025-03-14 10:00:00,1.08776,2025-03-14 13:15:00,1.0879,TECH,0.002114262805704394,-0.00012870486136650454,-0.0004287048613665045,-0.2027680098282181
short,2025-03-16 17:15:00,1.08787,2025-03-16 18:30:00,1.08828,TECH,0.001051265496753537,-0.00037688326730217904,-0.000676883267302179,-0.6438747104251917
short,2025-03-16 20:00:00,1.08793,2025-03-16 20:45:00,1.0889533130194418,SL,0.0009406055715365471,-0.0009406055715364924,-0.0012406055715364923,-1.3189434648041405
long,2025-03-16 21:30:00,1.08826,2025-03-17 00:45:00,1.0877,TECH,0.0010234079266944489,-0.0005145829121718302,-0.0008145829121718302,-0.7959513415172462
long,2025-03-17 04:45:00,1.08944,2025-03-17 10:15:00,1.0925574490419965,TP,0.0014307575644351307,0.002861515128870348,0.002561515128870348,1.7903208709447886
short,2025-03-17 14:30:00,1.09206,2025-03-17 14:45:00,1.09195,TECH,0.0011415322756958353,0.00010072706627845951,-0.00019927293372154047,-0.17456618438586957
short,2025-03-17 18:00:00,1.09209,2025-03-18 01:15:00,1.090402211921591,TP,0.0007727330524082336,0.0015454661048164248,0.0012454661048164248,1.6117676097002864
long,2025-03-18 02:00:00,1.09206,2025-03-18 03:00:00,1.0936850925559822,TP,0.0007440491163407669,0.001488098232681537,0.001188098232681537,1.5968008113827263
short,2025-03-18 07:00:00,1.09162,2025-03-18 10:30:00,1.093102476549226,SL,0.001358051839674955,-0.0013580518396750368,-0.0016580518396750368,-1.2209046747964243
long,2025-03-18 11:15:00,1.09294,2025-03-18 17:00:00,1.09437,TECH,0.002064716038602368,0.001308397533258955,0.001008397533258955,0.48839526327385524
long,2025-03-18 22:45:00,1.09365,2025-03-19 00:00:00,1.09296,TECH,0.0008039671661914156,-0.0006309148264984953,-0.0009309148264984952,-1.157901548278969
long,2025-03-19 07:15:00,1.09147,2025-03-19 08:00:00,1.0897321174247059,SL,0.0015922403504394242,-0.0015922403504393696,-0.0018922403504393695,-1.188413765495361
short,2025-03-19 09:30:00,1.08975,2025-03-19 12:30:00,1.08633253187371,TP,0.001568005563794472,0.0031360111275888576,0.0028360111275888577,1.8086741482765496
long,2025-03-19 14:30:00,1.08886,2025-03-19 23:45:00,1.09045,TECH,0.0021837237356179713,0.0014602428227687494,0.0011602428227687495,0.5313139221067325
long,2025-03-20 11:30:00,1.08482,2025-03-20 20:15:00,1.0851,TECH,0.00183836106852112,0.0002581073357792611,-4.1892664220738874e-05,-0.022788050148624867
long,2025-03-21 03:00:00,1.08386,2025-03-21 03:15:00,1.0826596985729584,SL,0.001107432165631706,-0.0011074321656317596,-0.0014074321656317595,-1.2708969536106316
short,2025-03-21 05:30:00,1.08281,2025-03-21 06:15:00,1.08421,TECH,0.0014045305952605687,-0.0012929322780541792,-0.001592932278054179,-1.1341385395443508
short,2025-03-21 06:30:00,1.08395,2025-03-21 07:00:00,1.08505,TECH,0.0013580493569871942,-0.001014806956040501,-0.0013148069560405008,-0.9681584467278672
short,2025-03-21 09:30:00,1.08251,2025-03-21 14:30:00,1.08197,TECH,0.0015312720261989631,0.000498840657361119,0.00019884065736111898,0.12985325530611044
short,2025-03-23 16:15:00,1.08128,2025-03-23 17:00:00,1.0825531982611587,SL,0.0011774917330928715,-0.001177491733092891,-0.001477491733092891,-1.2547788587967588
long,2025-03-23 18:30:00,1.0824,2025-03-23 22:15:00,1.08279,TECH,0.0010158694680376154,0.00036031042128592983,6.031042128592986e-05,0.05936827829114035
long,2025-03-24 01:30:00,1.08381,2025-03-24 03:15:00,1.0857530200530219,TP,0.000896384077016275,0.001792768154032476,0.001492768154032476,1.6653220336101227
short,2025-03-24 07:45:00,1.08258,2025-03-24 08:45:00,1.07948624860719,TP,0.001428878878609486,0.002857757757219057,0.002557757757219057,1.7900451854310702
long,2025-03-24 14:45:00,1.08003,2025-03-24 17:45:00,1.08007,TECH,0.0016968251831946763,3.703600825906688e-05,-0.0002629639917409331,-0.15497412128563587
long,2025-03-24 19:30:00,1.0796,2025-03-24 23:00:00,1.08031,TECH,0.0008863666162095823,0.0006576509818453228,0.0003576509818453228,0.4035023153001465
long,2025-03-24 23:45:00,1.08034,2025-03-25 01:45:00,1.07954,TECH,0.0008408521426714098,-0.0007405076179722439,-0.0010405076179722439,-1.237444213041455
long,2025-03-25 05:30:00,1.08167,2025-03-25 09:15:00,1.0802343410355966,SL,0.0013272615163620815,-0.0013272615163620527,-0.0016272615163620526,-1.2260293064340835
short,2025-03-25 10:00:00,1.08125,2025-03-25 20:00:00,1.0778056177584003,TP,0.0015927779151906276,0.003185555830381233,0.002885555830381233,1.81164982441126
long,2025-03-25 22:00:00,1.0795,2025-03-25 22:45:00,1.078656450184582,SL,0.0007814264153942533,-0.0007814264153941732,-0.0010814264153941732,-1.3839133078814092
short,2025-03-25 23:45:00,1.07815,2025-03-26 02:15:00,1.078991335898227,SL,0.0007803514336846579,-0.0007803514336846473,-0.0010803514336846472,-1.3844421718858788
long,2025-03-26 03:00:00,1.07859,2025-03-26 07:30:00,1.07913,TECH,0.0009526322960116625,0.0005006536311295163,0.0002006536311295163,0.21063072496028395
long,2025-03-26 11:15:00,1.07808,2025-03-26 12:15:00,1.07801,TECH,0.0015431692317665025,-6.493024636391965e-05,-0.0003649302463639196,-0.23648102803745982
long,2025-03-26 20:15:00,1.0759,2025-03-26 23:15:00,1.0785478197810874,TP,0.0012305138865542384,0.0024610277731083757,0.0021610277731083758,1.7561994193822716
short,2025-03-27 02:00:00,1.07729,2025-03-27 05:45:00,1.07768,TECH,0.0011608110618209803,-0.0003620195119233358,-0.0006620195119233358,-0.5703077216414674
short,2025-03-27 14:30:00,1.07978,2025-03-27 16:00:00,1.08004,TECH,0.001594541855769912,-0.00024078979051281462,-0.0005407897905128146,-0.33915057704879026
short,2025-03-27 19:30:00,1.07942,2025-03-28 03:30:00,1.077645643704047,TP,0.0008219026402851063,0.0016438052805702393,0.0013438052805702394,1.6349932640490028
long,2025-03-28 08:30:00,1.08038,2025-03-28 10:15:00,1.084014883026148,TP,0.0016822243220663412,0.0033644486441327284,0.0030644486441327285,1.8216646876015605
short,2025-03-28 13:45:00,1.08233,2025-03-28 15:30:00,1.08323,TECH,0.0017851720126059515,-0.0008315393641494746,-0.0011315393641494747,-0.633854528392298
short,2025-03-30 18:30:00,1.08136,2025-03-30 20:00:00,1.0828672467046079,SL,0.001393843590116009,-0.0013938435901159451,-0.001693843590115945,-1.215232183960445
long,2025-03-30 21:15:00,1.08421,2025-03-31 01:00:00,1.08341,TECH,0.001284002078973258,-0.0007378644358564411,-0.001037864435856441,-0.8083043266459202
long,2025-03-31 13:45:00,1.08155,2025-04-01 01:45:00,1.08159,TECH,0.0019626236554883365,3.698395820816421e-05,-0.00026301604179183576,-0.1340124690010386
long,2025-04-01 05:45:00,1.08164,2025-04-01 06:00:00,1.0801845203326896,SL,0.0013456230051684343,-0.0013456230051683553,-0.0016456230051683552,-1.2229450587925772
short,2025-04-01 07:30:00,1.07871,2025-04-01 10:00:00,1.080477528941144,SL,0.0016385580379748212,-0.0016385580379748475,-0.0019385580379748474,-1.1830878083334855
long,2025-04-01 11:00:00,1.08074,2025-04-01 14:00:00,1.07928,TECH,0.0020168268624325423,-0.001350926217221549,-0.001650926217221549,-0.8185760751075717
long,2025-04-01 18:15:00,1.07953,2025-04-01 21:15:00,1.07889,TECH,0.0011004058342309348,-0.0005928505923876094,-0.0008928505923876094,-0.8113830048998384
long,2025-04-01 23:30:00,1.07979,2025-04-02 01:00:00,1.078823783397362,SL,0.0008948189950250366,-0.0008948189950250237,-0.0011948189950250236,-1.3352633344485418
short,2025-04-02 01:45:00,1.07885,2025-04-02 04:15:00,1.0796613947610585,SL,0.0007520922844309337,-0.000752092284431018,-0.001052092284431018,-1.3988872193085686
long,2025-04-02 05:15:00,1.07982,2025-04-02 06:30:00,1.0787178282257368,SL,0.001020699537203536,-0.0010206995372036027,-0.0013206995372036026,-1.293916073305953
short,2025-04-02 15:45:00,1.08519,2025-04-02 16:00:00,1.0865958548304304,SL,0.001295491877394998,-0.0012954918773950366,-0.0015954918773950365,-1.2315722740024313
long,2025-04-02 16:15:00,1.08857,2025-04-02 16:15:00,1.0862929108860067,SL,0.0020918168918796676,-0.002091816891879604,-0.0023918168918796038,-1.1434159945665043
short,2025-04-02 16:45:00,1.0818,2025-04-02 16:45:00,1.0858764696952292,SL,0.0037682285960704918,-0.003768228596070552,-0.004068228596070552,-1.0796130044533128
long,2025-04-02 20:00:00,1.09038,2025-04-03 02:45:00,1.0989234925654936,TP,0.003917667494586186,0.0078353349891723,0.007535334989172301,1.9234238228704605
short,2025-04-03 12:15:00,1.10486,2025-04-03 17:30:00,1.10495,TECH,0.004402094692735745,-8.145828430764579e-05,-0.0003814582843076458,-0.08665381163588351
short,2025-04-03 21:30:00,1.10608,2025-04-03 21:45:00,1.10622,TECH,0.0019382491249340173,-0.00012657312310142938,-0.00042657312310142936,-0.22008167970458956
short,2025-04-04 03:15:00,1.10639,2025-04-04 03:45:00,1.1013698171866828,TP,0.00226872206605141,0.004537444132102763,0.004237444132102763,1.867766966924163
long,2025-04-04 07:45:00,1.10696,2025-04-04 08:45:00,1.1025682499846372,SL,0.0039673972098022365,-0.003967397209802287,-0.004267397209802287,-1.07561632580142
short,2025-04-04 10:30:00,1.09987,2025-04-06 17:00:00,1.089279385816605,TP,0.004814484522441245,0.009628969044882495,0.009328969044882495,1.937688033142149
long,2025-04-06 19:30:00,1.09871,2025-04-06 22:15:00,1.0940654861840824,SL,0.004227242689988895,-0.004227242689988881,-0.004527242689988881,-1.0709682462070267
short,2025-04-06 22:30:00,1.09362,2025-04-07 00:30:00,1.0976368554877582,SL,0.003672990149922529,-0.003672990149922467,-0.003972990149922467,-1.0816773222237652
long,2025-04-07 01:15:00,1.09827,2025-04-07 03:00:00,1.1043622317822377,TP,0.0027735583154586342,0.005547116630917362,0.005247116630917362,1.8918356977288584
short,2025-04-07 05:30:00,1.09592,2025-04-07 14:45:00,1.09328,TECH,0.003909033779740539,0.0024089349587560916,0.0021089349587560917,0.5395028740058807
short,2025-04-07 16:30:00,1.09079,2025-04-07 20:15:00,1.09252,TECH,0.0030447813639717324,-0.0015860064723732428,-0.0018860064723732427,-0.6194226274142265
short,2025-04-08 04:00:00,1.09233,2025-04-08 08:00:00,1.095145619805769,SL,0.002577627462185307,-0.002577627462185368,-0.002877627462185368,-1.1163860970606365
long,2025-04-08 08:30:00,1.09473,2025-04-08 10:00:00,1.0919955492636138,SL,0.0024978311879514967,-0.0024978311879515764,-0.0027978311879515764,-1.1201041933686935
short,2025-04-08 11:00:00,1.091,2025-04-08 13:00:00,1.0944504834221043,SL,0.0031626795802972953,-0.0031626795802972506,-0.0034626795802972505,-1.094856273733476
long,2025-04-08 14:00:00,1.09335,2025-04-08 20:30:00,1.0995589230876313,TP,0.0028394032503915208,0.005678806500783109,0.005378806500783109,1.8943439964159492
short,2025-04-09 04:30:00,1.10208,2025-04-09 07:45:00,1.10466,TECH,0.0035385195713474767,-0.002341027874564484,-0.002641027874564484,-0.7463652019759139
short,2025-04-09 11:30:00,1.1062,2025-04-09 13:15:00,1.0983403616541314,TP,0.0035525394801431674,0.007105078960286267,0.006805078960286267,1.9155533663518984
long,2025-04-09 19:15:00,1.0949,2025-04-09 19:45:00,1.09471,TECH,0.003329799515520753,-0.000173531829390732,-0.000473531829390732,-0.14221031241776597
long,2025-04-09 20:00:00,1.09504,2025-04-10 03:30:00,1.1015498666796848,TP,0.0029724332808321006,0.005944866561664217,0.005644866561664217,1.8990725874540058
short,2025-04-10 16:45:00,1.11869,2025-04-10 18:45:00,1.1230527128473031,SL,0.0038998407488250518,-0.0038998407488251108,-0.004199840748825111,-1.0769262181001733
long,2025-04-10 19:00:00,1.12346,2025-04-10 20:30:00,1.1308039133851335,TP,0.0032684356297213776,0.006536871259442818,0.006236871259442818,1.9082129697547352
short,2025-04-11 02:00:00,1.12847,2025-04-11 03:00:00,1.1325629025401265,SL,0.0036269484701644647,-0.0036269484701643793,-0.003926948470164379,-1.0827141610827218
long,2025-04-11 04:15:00,1.13698,2025-04-11 07:45:00,1.13363,TECH,0.005189807952796229,-0.0029464018716249944,-0.0032464018716249943,-0.6255341047592826
long,2025-04-11 10:15:00,1.13776,2025-04-11 11:45:00,1.1338,TECH,0.006522132435775658,-0.0034805231331741186,-0.0037805231331741185,-0.5796452571917933
long,2025-04-11 16:15:00,1.13479,2025-04-13 19:15:00,1.13332,TECH,0.00387247712171634,-0.0012953938614191703,-0.0015953938614191702,-0.41198277259597277
long,2025-04-13 20:15:00,1.13666,2025-04-14 00:45:00,1.13713,TECH,0.0030476485899969463,0.00041349216124432145,0.00011349216124432147,0.037239254426126335
long,2025-04-14 02:45:00,1.14141,2025-04-14 04:30:00,1.1378909608357217,SL,0.003083063197517406,-0.003083063197517382,-0.0033830631975173817,-1.0973058224176353
short,2025-04-14 06:15:00,1.13756,2025-04-14 09:00:00,1.1309797568097204,TP,0.0028922620302575066,0.0057845240605150505,0.005484524060515051,1.896274958194831
long,2025-04-14 12:15:00,1.13668,2025-04-14 13:45:00,1.1328965010048144,SL,0.003328552446761965,-0.003328552446762049,-0.003628552446762049,-1.0901292693440736
short,2025-04-14 14:30:00,1.13475,2025-04-14 16:15:00,1.13577,TECH,0.0029790083879799095,-0.0008988764044944005,-0.0011988764044944004,-0.402441432972053
short,2025-04-14 18:30:00,1.13525,2025-04-14 23:45:00,1.13513,TECH,0.0020661738271235386,0.00010570358951783308,-0.0001942964104821669,-0.09403681719880276
short,2025-04-15 03:15:00,1.13421,2025-04-15 04:00:00,1.1365645181344546,SL,0.0020759102233753653,-0.002075910223375426,-0.002375910223375426,-1.1445149200683014
long,2025-04-15 05:45:00,1.13454,2025-04-15 06:15:00,1.13419,TECH,0.0024248929523148733,-0.0003084950728930425,-0.0006084950728930424,-0.2509368804557559
long,2025-04-15 16:45:00,1.12835,2025-04-15 21:15:00,1.1324315720810156,TP,0.0018086462892789358,0.003617292578557781,0.003317292578557781,1.834130088465394
short,2025-04-16 06:15:00,1.13662,2025-04-16 10:45:00,1.1363,TECH,0.002778529304439742,0.00028153648536879164,-1.8463514631208338e-05,-0.006645067446906517
short,2025-04-16 20:30:00,1.13768,2025-04-17 04:15:00,1.13752,TECH,0.0016397033647095893,0.00014063708599952357,-0.0001593629140004764,-0.0971900878112191
short,2025-04-17 07:30:00,1.13662,2025-04-17 11:00:00,1.13493,TECH,0.0018078923390641942,0.0014868645633544803,0.0011868645633544804,0.6564907310624637
short,2025-04-17 13:00:00,1.13505,2025-04-17 15:45:00,1.13749,TECH,0.002692911091021841,-0.0021496850359015002,-0.0024496850359015,-0.9096791364812392
short,2025-04-17 19:30:00,1.13707,2025-04-17 20:15:00,1.13749,TECH,0.0013328717350024307,-0.00036937039935963916,-0.0006693703993596392,-0.5022016611061367
short,2025-04-17 23:45:00,1.137,2025-04-18 05:15:00,1.13691,TECH,0.0010937944673418145,7.91556728231517e-05,-0.00022084432717684826,-0.20190660473311176
short,2025-04-18 05:45:00,1.13688,2025-04-18 06:45:00,1.13733,TECH,0.0008616797547623262,-0.00039582013932874317,-0.0006958201393287432,-0.8075159425332774
short,2025-04-21 07:45:00,1.15422,2025-04-21 11:00:00,1.1488192862352393,TP,0.0023395512834471243,0.004679102566894267,0.004379102566894267,1.871770282565485
long,2025-04-21 14:15:00,1.15157,2025-04-21 17:45:00,1.15081,TECH,0.00203961667642387,-0.0006599685646550986,-0.0009599685646550986,-0.47066126481091747
long,2025-04-21 19:00:00,1.15233,2025-04-21 20:00:00,1.1507138758831588,SL,0.0014024837649296567,-0.0014024837649295868,-0.0017024837649295868,-1.213906219452727
short,2025-04-21 20:45:00,1.1488,2025-04-21 22:15:00,1.1505550763885026,SL,0.001527747552665961,-0.0015277475526658997,-0.0018277475526658996,-1.196367521241602
long,2025-04-21 23:30:00,1.1537,2025-04-22 02:30:00,1.1517392508130528,SL,0.0016995312359773913,-0.0016995312359773843,-0.0019995312359773845,-1.1765192622820284
short,2025-04-22 03:15:00,1.14972,2025-04-22 12:15:00,1.1446248964479366,TP,0.0022158019135369634,0.004431603827073931,0.004131603827073931,1.864608836120589
long,2025-04-22 21:45:00,1.14088,2025-04-22 23:30:00,1.1374621710126775,SL,0.0029957830686156727,-0.002995783068615759,-0.003295783068615759,-1.100140762241077
short,2025-04-23 01:00:00,1.139,2025-04-23 04:00:00,1.13853,TECH,0.0022817409315170766,0.0004126426690078757,0.00011264266900787572,0.049366984416141506
short,2025-04-23 08:15:00,1.14097,2025-04-23 09:45:00,1.1354007203208754,TP,0.0024405898836624825,0.004881179767324893,0.004581179767324893,1.8770788971927248
long,2025-04-23 19:00:00,1.13318,2025-04-24 00:45:00,1.1334,TECH,0.0019310644866046246,0.00019414391358820924,-0.00010585608641179074,-0.05481747872538253
long,2025-04-24 03:15:00,1.13647,2025-04-24 08:30:00,1.13652,TECH,0.0016383278092848845,4.399588198534362e-05,-0.00025600411801465637,-0.15625939849388254
long,2025-04-24 14:15:00,1.13711,2025-04-24 19:45:00,1.13737,TECH,0.0019586449645624653,0.00022864982279632308,-7.135017720367689e-05,-0.03642833616842629
long,2025-04-25 03:15:00,1.13613,2025-04-25 04:45:00,1.1340683375662073,SL,0.0018146360309055562,-0.0018146360309056174,-0.0021146360309056175,-1.165322408951812
short,2025-04-25 08:00:00,1.13492,2025-04-25 08:30:00,1.1353,TECH,0.0018968532217635877,-0.00033482536214010417,-0.0006348253621401041,-0.3346728965933796
short,2025-04-25 09:45:00,1.13402,2025-04-25 10:00:00,1.1361565577225246,SL,0.0018840564738933647,-0.0018840564738933383,-0.0021840564738933384,-1.159230895759738
long,2025-04-25 10:45:00,1.1369,2025-04-25 16:15:00,1.1358,TECH,0.0021120977092965814,-0.0009675433195532597,-0.0012675433195532596,-0.6001347920477625
long,2025-04-27 21:30:00,1.13527,2025-04-27 23:00:00,1.13531,TECH,0.0013804686033056786,3.523390911416668e-05,-0.0002647660908858333,-0.1917943589965196
long,2025-04-28 00:30:00,1.13616,2025-04-28 02:30:00,1.134824129443918,SL,0.001175776788552705,-0.0011757767885526467,-0.0014757767885526466,-1.2551504698176765
short,2025-04-28 03:30:00,1.13495,2025-04-28 07:15:00,1.13485,TECH,0.0016480951198011768,8.810960835278118e-05,-0.00021189039164721879,-0.1285668461130938
short,2025-04-28 19:15:00,1.14063,2025-04-29 00:45:00,1.137623396612732,TP,0.0013179573513181547,0.0026359147026362552,0.0023359147026362553,1.7723750319386213
long,2025-04-29 03:45:00,1.14052,2025-04-29 04:00:00,1.1387186731947243,SL,0.001579390808820228,-0.0015793908088202499,-0.0018793908088202498,-1.189946654320545
short,2025-04-29 06:15:00,1.13813,2025-04-29 08:30:00,1.1400769588787087,SL,0.0017106647559670153,-0.0017106647559669457,-0.002010664755966946,-1.1753704219096655
long,2025-04-29 09:15:00,1.14074,2025-04-29 10:45:00,1.1385232217960348,SL,0.0019432808562558333,-0.0019432808562558196,-0.0022432808562558196,-1.1543780967296737
short,2025-04-29 14:00:00,1.13856,2025-04-29 18:15:00,1.13893,TECH,0.0021236997930035944,-0.0003249718943226369,-0.0006249718943226369,-0.29428448238379573
short,2025-04-29 21:30:00,1.13827,2025-04-30 02:00:00,1.13825,TECH,0.001300759253360706,1.75705236893786e-05,-0.00028242947631062137,-0.21712663245018063
short,2025-04-30 05:00:00,1.13709,2025-04-30 08:45:00,1.13794,TECH,0.0017589287387858564,-0.0007475221838201176,-0.0010475221838201175,-0.5955455503803954
short,2025-04-30 10:45:00,1.13558,2025-04-30 10:45:00,1.1378602255565156,SL,0.002007983194944842,-0.002007983194944896,-0.0023079831949448957,-1.149403640805019
long,2025-05-01 04:15:00,1.13196,2025-05-01 09:30:00,1.13235,TECH,0.0016160103361971304,0.00034453514258444683,4.453514258444686e-05,0.027558699091770042
long,2025-05-01 15:15:00,1.12839,2025-05-01 21:00:00,1.1282,TECH,0.001865359730407432,-0.00016838149930424096,-0.00046838149930424094,-0.2510944627296832
long,2025-05-01 23:00:00,1.12938,2025-05-02 02:15:00,1.1321710420405329,TP,0.0012356523227491205,0.002471304645498256,0.002171304645498256,1.7572132593636576
short,2025-05-02 09:00:00,1.13184,2025-05-02 09:15:00,1.1343555070052216,SL,0.002222493466586821,-0.0022224934665868224,-0.0025224934665868223,-1.1349835239159214
long,2025-05-02 09:45:00,1.13671,2025-05-02 11:15:00,1.1336189690632392,SL,0.0027192783882968403,-0.0027192783882968264,-0.0030192783882968264,-1.1103233862671502
short,2025-05-02 12:45:00,1.13312,2025-05-04 19:15:00,1.13029,TECH,0.002613091092285585,0.0024975289466251487,0.0021975289466251487,0.8409691315824135
short,2025-05-05 02:45:00,1.13246,2025-05-05 05:30:00,1.1342132140894066,SL,0.0015481465918500566,-0.0015481465918500792,-0.001848146591850079,-1.1937800991064538
long,2025-05-05 06:15:00,1.13337,2025-05-05 11:30:00,1.1329,TECH,0.0016695698636914767,-0.0004146924658319617,-0.0007146924658319616,-0.428069816887897
long,2025-05-05 16:15:00,1.13161,2025-05-05 20:00:00,1.13121,TECH,0.0013918773707257835,-0.00035347867198059043,-0.0006534786719805904,-0.46949442941215364
long,2025-05-05 23:45:00,1.13123,2025-05-06 03:30:00,1.1344366419786789,TP,0.0014173253797543084,0.0028346507595086107,0.002534650759508611,1.788333713425769
short,2025-05-06 06:15:00,1.13202,2025-05-06 08:30:00,1.134115004314439,SL,0.0018506778276347429,-0.0018506778276346585,-0.0021506778276346584,-1.1621027687911138
long,2025-05-06 08:45:00,1.13378,2025-05-06 15:30:00,1.1377258352696837,TP,0.0017401238642786702,0.0034802477285573287,0.003180247728557329,1.8275984795344613
short,2025-05-06 18:15:00,1.13416,2025-05-06 23:15:00,1.13404,TECH,0.001781540372038533,0.00010580517740011991,-0.00019419482259988005,-0.10900388542846887
short,2025-05-06 23:30:00,1.13391,2025-05-07 00:00:00,1.13456,TECH,0.0019918729646074915,-0.0005732377349172681,-0.0008732377349172681,-0.4384003148962584
short,2025-05-07 06:00:00,1.13565,2025-05-07 08:00:00,1.13573,TECH,0.001722780663669655,-7.044423898195568e-05,-0.00037044423898195564,-0.21502693105045712
short,2025-05-07 09:30:00,1.13603,2025-05-07 14:45:00,1.1325065654551218,TP,0.0015507665047922497,0.00310153300958447,0.00280153300958447,1.8065472789920625
long,2025-05-07 20:30:00,1.13152,2025-05-08 01:15:00,1.1297726335940361,SL,0.001544264711153053,-0.001544264711153101,-0.001844264711153101,-1.1942672119833961
short,2025-05-08 01:45:00,1.1304,2025-05-08 07:00:00,1.12871,TECH,0.0016510055945577074,0.0014950460014154009,0.001195046001415401,0.7238291653006453
short,2025-05-08 11:30:00,1.12741,2025-05-08 13:15:00,1.121745482622677,TP,0.002512181627501559,0.005024363255003147,0.004724363255003147,1.8805818828082386
long,2025-05-08 17:45:00,1.12252,2025-05-08 20:45:00,1.12184,TECH,0.0015494272012099245,-0.0006057798524748013,-0.0009057798524748013,-0.584590132254998
long,2025-05-09 00:30:00,1.12256,2025-05-09 03:30:00,1.1256498425517247,TP,0.0013762482859378015,0.002752496571875651,0.002452496571875651,1.7820160772839575
short,2025-05-09 07:45:00,1.125,2025-05-09 08:30:00,1.12534,TECH,0.0015416184110338873,-0.0003022222222222284,-0.0006022222222222284,-0.3906428581235921
short,2025-05-09 13:15:00,1.12541,2025-05-11 17:00:00,1.121620501244856,TP,0.0016836080873388816,0.0033672161746777763,0.0030672161746777764,1.8218112622194822
long,2025-05-11 21:00:00,1.12383,2025-05-11 23:15:00,1.12306,TECH,0.0017034175152051277,-0.0006851570077326281,-0.000985157007732628,-0.5783414805465319
long,2025-05-12 09:45:00,1.11228,2025-05-12 12:30:00,1.10958,TECH,0.002749556139212323,-0.0024274463264644915,-0.0027274463264644914,-0.9919587702056648
long,2025-05-12 16:45:00,1.1089,2025-05-13 05:00:00,1.11118,TECH,0.0017339395081290108,0.0020560916223284873,0.0017560916223284873,1.0127755980503492
long,2025-05-13 05:30:00,1.11097,2025-05-13 05:45:00,1.11097,TECH,0.0016408552153018199,0.0,-0.0003,-0.1828314876305633
long,2025-05-13 08:45:00,1.11304,2025-05-13 11:00:00,1.116661297548618,TP,0.0016267598417927802,0.003253519683585552,0.0029535196835855522,1.8155843337825506
short,2025-05-13 23:15:00,1.11892,2025-05-14 00:45:00,1.11927,TECH,0.0012615660325868275,-0.0003128016301434173,-0.0006128016301434173,-0.4857467737038498
short,2025-05-14 02:15:00,1.11859,2025-05-14 02:30:00,1.11949,TECH,0.0012495255722121692,-0.0008045843427887992,-0.0011045843427887991,-0.8840029906976893
short,2025-05-14 03:00:00,1.11879,2025-05-14 03:30:00,1.1203542791039272,SL,0.0013981883140957712,-0.001398188314095766,-0.0016981883140957659,-1.2145633724553113
long,2025-05-14 03:45:00,1.12042,2025-05-14 04:00:00,1.1242492136963032,TP,0.001708829589039485,0.0034176591780789166,0.0031176591780789167,1.8244412421669969
short,2025-05-14 08:15:00,1.12121,2025-05-14 18:45:00,1.11832,TECH,0.002226810066230664,0.002577572444056028,0.002277572444056028,1.0227960069855846
short,2025-05-15 02:00:00,1.11929,2025-05-15 02:15:00,1.12058104573303,SL,0.0011534506097885778,-0.0011534506097885114,-0.0014534506097885114,-1.2600891598253368
long,2025-05-15 02:45:00,1.12161,2025-05-15 03:45:00,1.1200380730774535,SL,0.0014014915367609726,-0.001401491536760982,-0.0017014915367609819,-1.2140576608071054
short,2025-05-15 07:00:00,1.12001,2025-05-15 09:00:00,1.121743803244399,SL,0.0015480247894206337,-0.0015480247894206116,-0.0018480247894206115,-1.1937953462051833
long,2025-05-15 10:15:00,1.12026,2025-05-15 10:30:00,1.1178534082187306,SL,0.0021482439623565497,-0.0021482439623564634,-0.0024482439623564633,-1.1396489436287414
short,2025-05-15 11:15:00,1.11928,2025-05-15 16:30:00,1.11858,TECH,0.0022572421949484285,0.0006254020441713824,0.00032540204417138245,0.14415911810421253
short,2025-05-16 01:00:00,1.1203,2025-05-16 01:00:00,1.1214126656299077,SL,0.0009931854234647682,-0.0009931854234648207,-0.0012931854234648206,-1.302058400085545
long,2025-05-16 01:45:00,1.12136,2025-05-16 04:15:00,1.1200640865929639,SL,0.0011556622378505453,-0.001155662237850515,-0.0014556622378505148,-1.2595914188196973
short,2025-05-16 05:15:00,1.12024,2025-05-16 10:30:00,1.1173225172445027,TP,0.0013021686225707133,0.002604337245141391,0.002304337245141391,1.769615090703244
long,2025-05-16 15:45:00,1.11548,2025-05-18 18:00:00,1.118434145433981,TP,0.0013241588526827013,0.0026483177053653866,0.0023483177053653867,1.773441079676939
short,2025-05-18 22:45:00,1.11785,2025-05-19 02:15:00,1.11926,TECH,0.0016193161355211223,-0.001261349912778916,-0.0015613499127789159,-0.9642032698429501
short,2025-05-19 09:30:00,1.12593,2025-05-19 16:45:00,1.12425,TECH,0.0019372049905531704,0.0014920998641124454,0.0011920998641124455,0.6153710474243825
short,2025-05-19 19:45:00,1.12327,2025-05-19 21:15:00,1.1242595354175131,SL,0.0008809417304059532,-0.0008809417304059764,-0.0011809417304059764,-1.3405446576605902
long,2025-05-19 22:45:00,1.12413,2025-05-19 22:45:00,1.1229392082239424,SL,0.00105930077131433,-0.0010593007713143776,-0.0013593007713143775,-1.283205684470353
short,2025-05-20 06:15:00,1.12482,2025-05-20 10:15:00,1.1266985068183002,SL,0.0016700510466566801,-0.0016700510466565878,-0.001970051046656588,-1.1796352276779118
long,2025-05-20 11:00:00,1.12684,2025-05-20 12:15:00,1.1247530626766773,SL,0.0018520263065943913,-0.001852026306594342,-0.002152026306594342,-1.16198474013666
short,2025-05-21 04:30:00,1.13228,2025-05-21 06:00:00,1.1342309531126766,SL,0.0017230306219986318,-0.0017230306219986919,-0.002023030621998692,-1.1741118214440522
long,2025-05-21 06:45:00,1.13523,2025-05-21 07:30:00,1.1330461422319127,SL,0.001923713932936293,-0.0019237139329362964,-0.0022237139329362964,-1.1559483428713817
short,2025-05-21 09:00:00,1.13345,2025-05-21 11:00:00,1.13407,TECH,0.001930587115771377,-0.0005470025144469036,-0.0008470025144469036,-0.43872794318762404
short,2025-05-21 15:30:00,1.13292,2025-05-21 20:45:00,1.13316,TECH,0.0018194499638390265,-0.00021184196589345936,-0.0005118419658934594,-0.28131686832072944
short,2025-05-22 01:00:00,1.1333,2025-05-22 03:30:00,1.130532262868194,TP,0.001221096413926541,0.0024421928278531746,0.0021421928278531747,1.7543191540173055
long,2025-05-22 09:15:00,1.13045,2025-05-22 09:45:00,1.1283254447506648,SL,0.0018793889595606107,-0.0018793889595605216,-0.0021793889595605217,-1.1596263500824486
short,2025-05-22 10:15:00,1.12873,2025-05-22 16:00:00,1.12786,TECH,0.002025721999346703,0.000770777776793322,0.000470777776793322,0.23239999217323418
short,2025-05-23 08:30:00,1.13255,2025-05-23 11:45:00,1.13487,TECH,0.002886251886120321,-0.002048474681029623,-0.002348474681029623,-0.8136762741752335
short,2025-05-26 03:15:00,1.13964,2025-05-26 11:00:00,1.1384,TECH,0.001445584271113987,0.0010880628970551295,0.0007880628970551296,0.5451518204800593
short,2025-05-27 00:30:00,1.13934,2025-05-27 01:00:00,1.13706412439228,TP,0.000998769290870143,0.001997538581740229,0.001697538581740229,1.699630332307582
long,2025-05-27 08:30:00,1.13623,2025-05-27 10:00:00,1.134525497935199,SL,0.001500138233281158,-0.0015001382332811089,-0.0018001382332811088,-1.1999815705941843
short,2025-05-27 11:30:00,1.13378,2025-05-27 15:45:00,1.13373,TECH,0.0017074704279621076,4.410026636570191e-05,-0.0002558997336342981,-0.14987066800314566
short,2025-05-27 17:00:00,1.13242,2025-05-27 18:15:00,1.1335945885621392,SL,0.0010372375639243492,-0.0010372375639243884,-0.0013372375639243883,-1.2892297873063916
long,2025-05-27 19:30:00,1.13347,2025-05-27 21:00:00,1.1325435228028466,SL,0.0008173813132709539,-0.000817381313271044,-0.001117381313271044,-1.3670257627979845
short,2025-05-27 22:15:00,1.13186,2025-05-28 03:30:00,1.13169,TECH,0.001277549862634644,0.00015019525382998204,-0.00014980474617001794,-0.11725941237321345
short,2025-05-28 08:15:00,1.13119,2025-05-28 18:00:00,1.12936,TECH,0.0014109992115923502,0.001617765362140753,0.0013177653621407532,0.933923528315526
short,2025-05-28 19:30:00,1.12697,2025-05-28 19:30:00,1.1244659161673005,TP,0.0011109806972233447,0.002221961394446623,0.0019219613944466232,1.7299683057051745
long,2025-05-29 00:00:00,1.12484,2025-05-29 08:15:00,1.1291530188147039,TP,0.0019171699151451407,0.0038343398302903577,0.003534339830290358,1.843519347122025
short,2025-05-29 16:45:00,1.1367,2025-05-29 19:30:00,1.13758,TECH,0.0014373589102316918,-0.0007741708454297457,-0.0010741708454297457,-0.7473226330482741
short,2025-05-29 22:15:00,1.13541,2025-05-30 08:15:00,1.1348,TECH,0.001483722538103645,0.0005372508609224856,0.00023725086092248564,0.15990244458085637
short,2025-05-30 11:00:00,1.13521,2025-05-30 12:00:00,1.13461,TECH,0.0023987949756736583,0.0005285365703263325,0.00022853657032633254,0.09527140612013003
short,2025-05-30 16:45:00,1.13458,2025-06-01 19:45:00,1.13581,TECH,0.0014288146097634392,-0.001084101605880647,-0.0013841016058806469,-0.9687062243224156
short,2025-06-02 00:00:00,1.13617,2025-06-02 01:30:00,1.1375490351515858,SL,0.001213757757717406,-0.0012137577577174925,-0.0015137577577174924,-1.2471662884068948
long,2025-06-02 02:00:00,1.13793,2025-06-02 02:30:00,1.1403197397906812,TP,0.001050038135333939,0.002100076270667909,0.001800076270667909,1.7142960908704887
short,2025-06-02 08:00:00,1.1414,2025-06-02 10:00:00,1.1431620670150273,SL,0.001543776953764944,-0.0015437769537649786,-0.0018437769537649785,-1.1943285908423482
long,2025-06-02 10:30:00,1.14432,2025-06-02 12:15:00,1.1422179451007846,SL,0.001836946744980024,-0.0018369467449799394,-0.0021369467449799395,-1.163314478669428
short,2025-06-02 13:30:00,1.1418,2025-06-02 14:45:00,1.1437580837644337,SL,0.0017149095852459202,-0.0017149095852458732,-0.002014909585245873,-1.1749363363415644
long,2025-06-02 15:45:00,1.14419,2025-06-02 22:00:00,1.14276,TECH,0.001485729470348847,-0.0012497924295790405,-0.0015497924295790404,-1.0431188587887077
long,2025-06-03 03:30:00,1.14296,2025-06-03 03:45:00,1.1414614277792874,SL,0.0013111326911812444,-0.0013111326911813105,-0.0016111326911813105,-1.228809793255773
short,2025-06-03 04:45:00,1.14105,2025-06-03 08:30:00,1.137880596717346,TP,0.0013888099919608491,0.0027776199839217525,0.0024776199839217526,1.7839877292527409
long,2025-06-03 19:15:00,1.13765,2025-06-03 23:30:00,1.1367119004711586,SL,0.0008245941448086217,-0.0008245941448085933,-0.0011245941448085933,-1.3638153410240355
short,2025-06-03 23:45:00,1.13674,2025-06-04 03:00:00,1.137972353549034,SL,0.0010841120652338595,-0.0010841120652338694,-0.0013841120652338694,-1.2767241594486778
long,2025-06-04 03:30:00,1.1394,2025-06-04 06:15:00,1.137899027070823,SL,0.0013173362552018743,-0.0013173362552019116,-0.0016173362552019115,-1.2277322884080677
short,2025-06-04 07:15:00,1.13856,2025-06-04 08:15:00,1.1399294881259328,SL,0.0012028247311803245,-0.0012028247311803844,-0.0015028247311803843,-1.249412896345814
long,2025-06-04 09:00:00,1.14091,2025-06-04 15:30:00,1.14146,TECH,0.0014829783332069746,0.00048207132902667904,0.00018207132902667907,0.12277409922297762
long,2025-06-04 19:15:00,1.14215,2025-06-04 22:00:00,1.14123083606453,SL,0.0008047663927418244,-0.0008047663927417413,-0.0011047663927417413,-1.372778986182341
short,2025-06-04 22:45:00,1.14167,2025-06-05 04:00:00,1.1412,TECH,0.0010779307588652974,0.0004116776301382803,0.00011167763013828034,0.1036037140788521
short,2025-06-05 12:45:00,1.14388,2025-06-05 16:45:00,1.14411,TECH,0.00220273685551558,-0.00020107004231208908,-0.0005010700423120891,-0.22747612410326104
short,2025-06-05 22:30:00,1.14349,2025-06-06 04:45:00,1.1411670846127822,TP,0.0010157130308169817,0.002031426061633892,0.0017314260616338919,1.7046409852999833
long,2025-06-06 13:45:00,1.13884,2025-06-06 14:00:00,1.13932,TECH,0.0019472515442577755,0.00042148150749889005,0.00012148150749889008,0.062386140022394794
long,2025-06-06 15:45:00,1.13996,2025-06-08 17:45:00,1.13929,TECH,0.0014468456453558003,-0.0005877399206991214,-0.0008877399206991213,-0.6135691969275777
long,2025-06-08 18:45:00,1.14031,2025-06-09 02:45:00,1.1425511878091958,TP,0.0009827098811708583,0.001965419762341741,0.001665419762341741,1.6947217019507954
short,2025-06-09 07:30:00,1.14156,2025-06-09 09:15:00,1.138900345671391,TP,0.0011649209540492101,0.0023298419080984077,0.0020298419080984078,1.7424717969427654
long,2025-06-09 12:00:00,1.14243,2025-06-09 17:15:00,1.14189,TECH,0.0012942749952238116,-0.0004726766629027467,-0.0007726766629027467,-0.5969957433730164
long,2025-06-09 20:00:00,1.1426,2025-06-09 21:15:00,1.1418525882454846,SL,0.0006541324650056358,-0.0006541324650056237,-0.0009541324650056237,-1.4586227041909674
short,2025-06-09 22:00:00,1.13963,2025-06-10 01:30:00,1.1409681969154097,SL,0.0011742380556933535,-0.0011742380556933542,-0.0014742380556933541,-1.255484821451183
long,2025-06-10 02:30:00,1.14069,2025-06-10 02:45:00,1.1392075155777184,SL,0.0012996383086392573,-0.0012996383086391612,-0.0015996383086391611,-1.2308334542046615
short,2025-06-10 03:45:00,1.13981,2025-06-10 05:30:00,1.14066,TECH,0.001682689153411167,-0.000745738324808536,-0.001045738324808536,-0.6214685122849952
short,2025-06-10 12:00:00,1.14223,2025-06-10 15:45:00,1.14318,TECH,0.0014218117563100528,-0.0008317063988863945,-0.0011317063988863945,-0.7959607830388516
short,2025-06-10 18:30:00,1.14281,2025-06-10 18:45:00,1.14282,TECH,0.0009766884532915053,-8.750360952252314e-06,-0.0003087503609522523,-0.31611959771997195
short,2025-06-10 22:00:00,1.14085,2025-06-11 01:45:00,1.142253999809818,SL,0.0012306611822922523,-0.00123066118229223,-0.00153066118229223,-1.2437714005419362
long,2025-06-11 02:00:00,1.14219,2025-06-11 02:15:00,1.141210386953229,SL,0.0008576620761615532,-0.0008576620761615547,-0.0011576620761615548,-1.3497881139185315
short,2025-06-11 03:15:00,1.14065,2025-06-11 03:45:00,1.1419353510199892,SL,0.001126858387752016,-0.0011268583877519643,-0.0014268583877519643,-1.266226886413316
long,2025-06-11 04:45:00,1.14382,2025-06-11 08:30:00,1.1467132265763638,TP,0.0012647210996326729,0.002529442199265361,0.002229442199265361,1.7627935518059143
short,2025-06-11 16:00:00,1.14828,2025-06-11 18:45:00,1.14963,TECH,0.0012651002549293204,-0.0011756714390218086,-0.0014756714390218085,-1.1664462427163549
short,2025-06-12 04:15:00,1.15307,2025-06-12 04:30:00,1.15352,TECH,0.001483063313594313,-0.0003902625165862102,-0.0006902625165862102,-0.465430241756374
short,2025-06-12 11:00:00,1.15818,2025-06-12 15:45:00,1.15786,TECH,0.0023643675653776367,0.00027629556718307863,-2.3704432816921343e-05,-0.01002569700415226
short,2025-06-12 21:00:00,1.15585,2025-06-13 03:30:00,1.15477,TECH,0.0023407902572386377,0.0009343772980922869,0.000634377298092287,0.27100988485856203
short,2025-06-13 06:00:00,1.15233,2025-06-13 10:15:00,1.154,TECH,0.0022441598846293874,-0.0014492376315810907,-0.0017492376315810907,-0.7794621245847504
short,2025-06-13 15:00:00,1.15408,2025-06-15 21:15:00,1.15381,TECH,0.0018384190337566938,0.00023395258560930999,-6.604741439068999e-05,-0.03592620244783163
short,2025-06-15 22:45:00,1.15318,2025-06-16 01:00:00,1.1548024773129437,SL,0.0014069592890473001,-0.0014069592890473528,-0.0017069592890473528,-1.2132257858030795
long,2025-06-16 01:30:00,1.15555,2025-06-16 02:30:00,1.154014563826966,SL,0.0013287492302660898,-0.0013287492302660872,-0.001628749230266087,-1.225776236152491
short,2025-06-16 08:00:00,1.15729,2025-06-16 09:00:00,1.158899759874612,SL,0.0013909736320300865,-0.001390973632030082,-0.0016909736320300818,-1.215676266675274
long,2025-06-16 09:30:00,1.15954,2025-06-16 12:45:00,1.15809,TECH,0.0015316106070686762,-0.0012504958862996976,-0.0015504958862996975,-1.0123303398029904
long,2025-06-16 23:30:00,1.15615,2025-06-17 03:30:00,1.1548998177737542,SL,0.001081332202781443,-0.001081332202781511,-0.0013813322027815109,-1.2774355551683345
short,2025-06-17 03:45:00,1.15549,2025-06-17 07:00:00,1.156961654348974,SL,0.0012736192861678884,-0.0012736192861678738,-0.0015736192861678737,-1.2355491968896264
long,2025-06-17 07:15:00,1.15723,2025-06-17 07:45:00,1.15581903874748,SL,0.0012192574099530052,-0.0012192574099530239,-0.0015192574099530238,-1.2460514060042347
short,2025-06-17 10:00:00,1.15588,2025-06-17 10:30:00,1.1523651195478668,TP,0.0015204348427748783,0.0030408696855497262,0.0027408696855497263,1.8026880261093507
long,2025-06-17 21:00:00,1.1492,2025-06-18 03:00:00,1.1520061795147354,TP,0.0012209273906784817,0.0024418547813569312,0.0021418547813569313,1.7542851423512424
short,2025-06-18 05:45:00,1.15051,2025-06-18 09:15:00,1.15052,TECH,0.0012099274938309795,-8.691797550708393e-06,-0.00030869179755070835,-0.2551324762224396
short,2025-06-18 10:30:00,1.15017,2025-06-18 11:15:00,1.1523308072339868,SL,0.0018786850934965162,-0.001878685093496551,-0.002178685093496551,-1.1596861555129974
long,2025-06-18 11:30:00,1.15294,2025-06-18 12:30:00,1.1506850006401006,SL,0.001955868787534075,-0.001955868787534025,-0.002255868787534025,-1.1533845224751422
short,2025-06-18 14:00:00,1.14968,2025-06-18 14:00:00,1.1516079823826333,SL,0.0016769730556617421,-0.0016769730556617955,-0.0019769730556617954,-1.1788937508490092
long,2025-06-18 19:45:00,1.14781,2025-06-18 20:45:00,1.14803,TECH,0.0015794565207834757,0.00019166935294178392,-0.00010833064705821605,-0.06858729292812668
long,2025-06-19 01:30:00,1.14613,2025-06-19 02:30:00,1.1448081952527869,SL,0.0011532764583539038,-0.0011532764583539544,-0.0014532764583539543,-1.2601284347971924
short,2025-06-19 03:15:00,1.14646,2025-06-19 04:30:00,1.14703,TECH,0.0013164152197065102,-0.0004971826317533621,-0.0007971826317533621,-0.6055708106528053
short,2025-06-19 10:00:00,1.14725,2025-06-19 14:30:00,1.14854,TECH,0.0014481891408955087,-0.0011244279799518773,-0.0014244279799518773,-0.9835925016473067
short,2025-06-20 03:15:00,1.15157,2025-06-20 05:00:00,1.1527760669682727,SL,0.0010473240604328608,-0.0010473240604329268,-0.0013473240604329267,-1.286444292968955
long,2025-06-20 06:00:00,1.15267,2025-06-20 07:15:00,1.15143019061314,SL,0.0010755978613655737,-0.0010755978613655175,-0.0013755978613655174,-1.278914649029764
short,2025-06-20 08:30:00,1.15158,2025-06-20 12:15:00,1.1529648872521812,SL,0.0012025975200864094,-0.0012025975200864122,-0.0015025975200864121,-1.24946001882529
long,2025-06-20 12:30:00,1.15298,2025-06-20 16:15:00,1.15198,TECH,0.001647243307295169,-0.0008673177331782771,-0.0011673177331782772,-0.7086492493298113
long,2025-06-22 21:45:00,1.14861,2025-06-22 22:00:00,1.1492,TECH,0.0018234801092904265,0.000513664342117943,0.000213664342117943,0.11717393627127992
long,2025-06-22 22:15:00,1.15015,2025-06-23 04:45:00,1.14873,TECH,0.0018036911136174877,-0.0012346215710994017,-0.0015346215710994016,-0.8508228263217201
long,2025-06-23 09:45:00,1.14872,2025-06-23 10:15:00,1.1530629128988785,TP,0.0018903270156690139,0.0037806540313379757,0.0034806540313379757,1.8412973006716102
short,2025-06-23 23:15:00,1.16064,2025-06-24 00:00:00,1.16056,TECH,0.001414868999009134,6.892748828220463e-05,-0.00023107251171779533,-0.16331724836689535
short,2025-06-24 04:15:00,1.1592,2025-06-24 05:30:00,1.1613293001123859,SL,0.001836870352299663,-0.0018368703522997575,-0.0021368703522997574,-1.1633212706735185
long,2025-06-24 07:00:00,1.15967,2025-06-24 09:45:00,1.15839,TECH,0.0015644983146556434,-0.0011037622771995033,-0.0014037622771995032,-0.8972603319860275
long,2025-06-24 11:00:00,1.16165,2025-06-24 16:15:00,1.16099,TECH,0.002115978745411786,-0.0005681573623725777,-0.0008681573623725777,-0.41028642856411474
long,2025-06-24 20:30:00,1.16223,2025-06-25 00:30:00,1.16152,TECH,0.000983676888497865,-0.0006108945733632658,-0.0009108945733632657,-0.9260099368139649
long,2025-06-25 08:00:00,1.15991,2025-06-25 09:00:00,1.15926,TECH,0.0012675397130821147,-0.0005603883059892918,-0.0008603883059892918,-0.6787860744001426
long,2025-06-25 10:45:00,1.162,2025-06-25 14:30:00,1.1653174298202038,TP,0.0014274654992271745,0.0028549309984542926,0.0025549309984542927,1.7898373024339465
short,2025-06-26 01:45:00,1.16781,2025-06-26 02:45:00,1.1692375536881456,SL,0.0012224194758955976,-0.001222419475895584,-0.001522419475895584,-1.2454149380925015
long,2025-06-26 03:45:00,1.1702,2025-06-26 04:30:00,1.1738674708775685,TP,0.001567027378896146,0.0031340547577923257,0.0028340547577923258,1.8085547170137553
short,2025-06-26 08:00:00,1.16949,2025-06-26 09:15:00,1.1715395752718105,SL,0.0017525376632639186,-0.0017525376632639867,-0.002052537663263987,-1.1711803439598265
long,2025-06-26 10:45:00,1.17145,2025-06-26 11:00:00,1.169176547035505,SL,0.0019407170297451243,-0.0019407170297451814,-0.0022407170297451813,-1.1545820412775252
short,2025-06-26 16:00:00,1.17044,2025-06-26 22:00:00,1.17012,TECH,0.0015347769196769623,0.0002734014558626465,-2.6598544137353467e-05,-0.017330560419785236
short,2025-06-27 01:30:00,1.16898,2025-06-27 02:30:00,1.1703202789887848,SL,0.001146537142453086,-0.00114653714245313,-0.00144653714245313,-1.2616574630614894
long,2025-06-27 03:15:00,1.17259,2025-06-27 03:15:00,1.1709529253580973,SL,0.0013961185426301435,-0.0013961185426302196,-0.0016961185426302196,-1.2148814666087788
short,2025-06-27 07:00:00,1.17138,2025-06-27 08:30:00,1.17183,TECH,0.001403466416935309,-0.00038416227014277123,-0.0006841622701427712,-0.48748032862570934
short,2025-06-27 12:00:00,1.17233,2025-06-29 17:15:00,1.17222,TECH,0.0019521324489513918,9.383023551393762e-05,-0.00020616976448606237,-0.1056125902711205
short,2025-06-29 21:45:00,1.17321,2025-06-30 01:45:00,1.17323,TECH,0.0012065468232522688,-1.7047246443440627e-05,-0.0003170472464434406,-0.26277243479770973
short,2025-06-30 05:15:00,1.17262,2025-06-30 10:30:00,1.1743776654982387,SL,0.001498921644043852,-0.001498921644043891,-0.001798921644043891,-1.2001438842331256
long,2025-06-30 10:45:00,1.17471,2025-06-30 10:45:00,1.1729467686414636,SL,0.0015009928906165701,-0.0015009928906166527,-0.0018009928906166526,-1.1998677021560376
short,2025-06-30 23:15:00,1.17912,2025-07-01 00:45:00,1.1785,TECH,0.0010238681102337432,0.0005258158626771176,0.0002258158626771176,0.22055171014708636
short,2025-07-01 01:45:00,1.17843,2025-07-01 04:30:00,1.1795488470143145,SL,0.0009494386720589725,-0.0009494386720589401,-0.00124943867205894,-1.3159761750059973
long,2025-07-01 05:00:00,1.18041,2025-07-01 09:30:00,1.17979,TECH,0.001555487051741642,-0.0005252412297422633,-0.0008252412297422632,-0.5305355829341428
long,2025-07-01 15:15:00,1.17894,2025-07-01 22:15:00,1.17933,TECH,0.0014079366449149568,0.000330805638963722,3.080563896372201e-05,0.02187998946897412
long,2025-07-02 11:15:00,1.17775,2025-07-02 18:15:00,1.17997,TECH,0.002186065632826939,0.0018849501167479419,0.001584950116747942,0.7250240308193965
long,2025-07-02 20:00:00,1.17985,2025-07-02 23:30:00,1.17947,TECH,0.0007667752719744975,-0.00032207484002207647,-0.0006220748400220764,-0.8112870390566876
long,2025-07-03 03:15:00,1.17976,2025-07-03 06:00:00,1.17921,TECH,0.0008813189358769647,-0.00046619651454518586,-0.0007661965145451858,-0.8693748464428201
long,2025-07-03 17:30:00,1.17525,2025-07-04 00:15:00,1.1777075386719058,TP,0.0010455386819424768,0.002091077363885047,0.001791077363885047,1.7130665701984884
short,2025-07-04 04:30:00,1.17693,2025-07-04 05:30:00,1.1781838258806028,SL,0.0010653359848102836,-0.0010653359848102637,-0.0013653359848102636,-1.2816013016338732
long,2025-07-04 07:00:00,1.17777,2025-07-04 08:00:00,1.17668698816245,SL,0.0009195444250999241,-0.000919544425099974,-0.001219544425099974,-1.3262485115577203
short,2025-07-04 08:30:00,1.17663,2025-07-04 09:45:00,1.1777336368143525,SL,0.0009379641980507826,-0.0009379641980507362,-0.0012379641980507362,-1.3198416321469353
long,2025-07-04 11:00:00,1.17782,2025-07-04 14:00:00,1.17755,TECH,0.0009646940990003284,-0.00022923706508633956,-0.0005292370650863395,-0.5486060976580716
long,2025-07-04 16:45:00,1.1779,2025-07-06 22:00:00,1.1772,TECH,0.0007914373738446957,-0.0005942779522879047,-0.0008942779522879047,-1.129941523918214
long,2025-07-07 10:00:00,1.17351,2025-07-07 12:15:00,1.1721688206022023,SL,0.0011428785419789725,-0.0011428785419789903,-0.0014428785419789902,-1.2624950849812502
short,2025-07-07 13:00:00,1.16942,2025-07-07 14:00:00,1.1714435999813884,SL,0.001730430453890308,-0.001730430453890354,-0.002030430453890354,-1.1733672678526859
long,2025-07-07 16:45:00,1.17073,2025-07-07 18:15:00,1.17174,TECH,0.00145074307507224,0.0008627095914514494,0.0005627095914514494,0.3878768068035956
long,2025-07-07 18:45:00,1.1734,2025-07-08 02:15:00,1.17392,TECH,0.0012263765043493567,0.0004431566388274041,0.00014315663882740414,0.11673139392323456
long,2025-07-08 03:45:00,1.17592,2025-07-08 05:30:00,1.174521555166527,SL,0.0011892346702778171,-0.0011892346702778913,-0.0014892346702778912,-1.2522630793550538
short,2025-07-08 06:30:00,1.1731,2025-07-08 09:15:00,1.170557258975207,TP,0.001083769936404926,0.002167539872809758,0.0018675398728097582,1.723188483161609
long,2025-07-08 13:15:00,1.17195,2025-07-08 19:00:00,1.17288,TECH,0.0016656365519895795,0.0007935492128502712,0.0004935492128502713,0.29631266932797173
long,2025-07-08 19:15:00,1.1727,2025-07-08 21:00:00,1.17243,TECH,0.0009031243788098558,-0.0002302379125095868,-0.0005302379125095868,-0.5871150474404626
long,2025-07-09 02:30:00,1.17146,2025-07-09 04:15:00,1.1703913383188858,SL,0.0009122476918666677,-0.000912247691866723,-0.001212247691866723,-1.3288580532181853
short,2025-07-09 05:30:00,1.17098,2025-07-09 10:15:00,1.1715,TECH,0.0012480440149654321,-0.0004440724862935968,-0.0007440724862935968,-0.5961909014196153
short,2025-07-09 13:00:00,1.17048,2025-07-09 15:00:00,1.17133,TECH,0.0012266223768636066,-0.0007261977991935082,-0.0010261977991935082,-0.8366044991103366
short,2025-07-10 00:15:00,1.17328,2025-07-10 02:00:00,1.1741617845034165,SL,0.0007515550451865148,-0.0007515550451864522,-0.0010515550451864523,-1.3991723585934892
long,2025-07-10 03:15:00,1.17335,2025-07-10 03:45:00,1.17281,TECH,0.0008683318755494519,-0.0004602207355009034,-0.0007602207355009034,-0.8754955989838109
long,2025-07-10 14:15:00,1.16939,2025-07-10 20:15:00,1.1679042025148476,SL,0.001270574816915149,-0.0012705748169150738,-0.0015705748169150737,-1.2361136046504526
short,2025-07-10 20:45:00,1.16708,2025-07-10 21:30:00,1.1683914058676237,SL,0.0011236640741199388,-0.0011236640741198495,-0.0014236640741198494,-1.2669837070610916
long,2025-07-11 01:15:00,1.16776,2025-07-11 02:15:00,1.16761,TECH,0.001032292082609746,-0.00012845105158583312,-0.0004284510515858331,-0.4150482782960637
long,2025-07-11 02:45:00,1.16809,2025-07-11 09:30:00,1.16948,TECH,0.0010420824900826242,0.0011899767997328992,0.0008899767997328993,0.8540368043822857
long,2025-07-11 09:45:00,1.17025,2025-07-11 10:00:00,1.168494909012608,SL,0.0014997573060389715,-0.0014997573060388943,-0.0017997573060388942,-1.200032364431187
short,2025-07-11 10:15:00,1.16834,2025-07-11 11:30:00,1.16945,TECH,0.0015398193462924095,-0.0009500659054728645,-0.0012500659054728645,-0.8118263408514669
short,2025-07-11 12:00:00,1.16958,2025-07-11 12:15:00,1.16934,TECH,0.0015087957135663077,0.00020520186733700814,-9.479813266299183e-05,-0.06283033005105744
short,2025-07-11 14:30:00,1.16907,2025-07-11 15:00:00,1.16885,TECH,0.001241670808899404,0.00018818377000531106,-0.00011181622999468892,-0.09005303917372508
short,2025-07-11 15:15:00,1.16872,2025-07-13 20:45:00,1.16868,TECH,0.001149062220469371,3.4225477445444595e-05,-0.0002657745225545554,-0.2312968939540901
short,2025-07-13 23:45:00,1.16777,2025-07-14 04:30:00,1.16836,TECH,0.0011390030868645856,-0.0005052364763610047,-0.0008052364763610047,-0.70696601760548
short,2025-07-14 09:30:00,1.16774,2025-07-14 10:15:00,1.1689561444831977,SL,0.001041451421718602,-0.0010414514217186482,-0.001341451421718648,-1.2880595232228753
long,2025-07-14 16:30:00,1.1668,2025-07-14 17:45:00,1.16627,TECH,0.0008926332894292216,-0.0004542338018513382,-0.0007542338018513381,-0.8449537013498785
long,2025-07-14 20:30:00,1.16765,2025-07-14 21:00:00,1.166801466217023,SL,0.0007267021650128098,-0.0007267021650127283,-0.0010267021650127283,-1.412823869865078
short,2025-07-15 06:45:00,1.1681,2025-07-15 09:30:00,1.1658599063350934,TP,0.0009588621115086501,0.001917724223017308,0.001617724223017308,1.687129154026141
long,2025-07-15 16:45:00,1.16009,2025-07-15 19:00:00,1.16039,TECH,0.0009594188154345597,0.000258600625813486,-4.139937418651398e-05,-0.0431504714317725
long,2025-07-15 19:30:00,1.16046,2025-07-16 01:45:00,1.1620567782587834,TP,0.0006879936657805358,0.0013759873315610611,0.0010759873315610612,1.5639494737794464
short,2025-07-16 06:00:00,1.16156,2025-07-16 08:15:00,1.1595300425840835,TP,0.0008738065256707974,0.00174761305134163,0.00144761305134163,1.6566745713306925
long,2025-07-16 11:45:00,1.16891,2025-07-16 11:45:00,1.1651573806242217,SL,0.0032103578340318996,-0.0032103578340318753,-0.0035103578340318752,-1.0934475268830717
short,2025-07-16 15:45:00,1.16293,2025-07-16 18:15:00,1.1642,TECH,0.002600616249899924,-0.0010920691701133192,-0.0013920691701133192,-0.5352843466108805
short,2025-07-16 20:30:00,1.16277,2025-07-17 02:00:00,1.16168,TECH,0.0012293430815495006,0.0009374166860170415,0.0006374166860170416,0.5185018694810749
short,2025-07-17 02:15:00,1.16081,2025-07-17 02:15:00,1.1585697566202238,TP,0.0009649483463168497,0.0019298966926337043,0.0016298966926337043,1.6891025295342728
long,2025-07-17 10:30:00,1.15909,2025-07-17 14:15:00,1.1587,TECH,0.0017092785002044274,-0.0003364708521339072,-0.0006364708521339071,-0.3723622873965747
long,2025-07-17 16:30:00,1.15953,2025-07-17 20:00:00,1.1620767370837695,TP,0.0010981764524287568,0.0021963529048575825,0.0018963529048575825,1.726819857285737
short,2025-07-18 01:15:00,1.16186,2025-07-18 03:00:00,1.1627391080443474,SL,0.0007566385316195551,-0.0007566385316195954,-0.0010566385316195953,-1.3964905135850032
long,2025-07-18 04:15:00,1.16376,2025-07-18 09:15:00,1.1661347944718683,TP,0.0010203110915775113,0.0020406221831549384,0.0017406221831549385,1.705972029044346
short,2025-07-18 12:15:00,1.16408,2025-07-20 17:45:00,1.16331,TECH,0.0015038341931000044,0.0006614665658717077,0.0003614665658717077,0.2403633110154121
short,2025-07-20 21:30:00,1.1624,2025-07-21 01:00:00,1.16289,TECH,0.0010550968005798385,-0.000421541637990261,-0.0007215416379902609,-0.683862975978821
short,2025-07-21 15:00:00,1.16936,2025-07-21 18:45:00,1.16939,TECH,0.0012738127141562776,-2.5655059177648022e-05,-0.000325655059177648,-0.2556537986774209
short,2025-07-21 21:00:00,1.16885,2025-07-22 00:15:00,1.16881,TECH,0.0008307954638958984,3.4221670873114605e-05,-0.00026577832912688535,-0.31990825741940776
short,2025-07-22 00:30:00,1.16925,2025-07-22 02:15:00,1.16893,TECH,0.0007837338313436581,0.0002736797092152029,-2.63202907847971e-05,-0.033583200995257224
short,2025-07-22 02:30:00,1.16857,2025-07-22 04:30:00,1.1694965993192832,SL,0.000792934372166886,-0.0007929343721668982,-0.0010929343721668983,-1.3783415255164047
long,2025-07-22 04:45:00,1.16989,2025-07-22 08:45:00,1.1686747591341402,SL,0.0010387650683909722,-0.0010387650683909512,-0.0013387650683909511,-1.2888044747833822
short,2025-07-22 09:00:00,1.16906,2025-07-22 09:45:00,1.17036608331819,SL,0.0011172081143739155,-0.0011172081143738836,-0.0014172081143738835,-1.268526513672959
long,2025-07-22 11:15:00,1.17319,2025-07-22 16:30:00,1.17497,TECH,0.0017185987833824687,0.0015172307980805453,0.0012172307980805454,0.7082693237364258
long,2025-07-22 17:00:00,1.17537,2025-07-22 19:30:00,1.17428,TECH,0.000992366816010424,-0.0009273675523452491,-0.001227367552345249,-1.236808337948653
long,2025-07-23 04:00:00,1.17419,2025-07-23 06:00:00,1.172798874897079,SL,0.001184752981136887,-0.0011847529811368292,-0.001484752981136829,-1.2532173413162147
short,2025-07-23 06:15:00,1.17298,2025-07-23 11:15:00,1.17393,TECH,0.0011231405238924176,-0.0008099029821480387,-0.0011099029821480387,-0.9882138152236711
short,2025-07-23 21:00:00,1.17668,2025-07-23 21:30:00,1.1777773019416757,SL,0.0009325406581872895,-0.0009325406581872624,-0.0012325406581872624,-1.3217017910866482
long,2025-07-23 23:00:00,1.17765,2025-07-24 02:00:00,1.17707,TECH,0.00095927879339104,-0.000492506262471893,-0.0007925062624718931,-0.8261480061186302
long,2025-07-24 10:00:00,1.1771,2025-07-24 14:00:00,1.17695,TECH,0.0018135068275381252,-0.0001274318239742541,-0.0004274318239742541,-0.23569352895930482
long,2025-07-24 15:30:00,1.17674,2025-07-24 16:00:00,1.1758,TECH,0.0014338709550360425,-0.0007988170708907159,-0.0010988170708907158,-0.7663291225974345
long,2025-07-24 20:45:00,1.17578,2025-07-24 21:00:00,1.1746979986236916,SL,0.0009202413515354367,-0.000920241351535515,-0.001220241351535515,-1.3260014337537904
short,2025-07-24 22:15:00,1.17433,2025-07-25 02:15:00,1.17465,TECH,0.0009888162338636004,-0.0002724958061191283,-0.0005724958061191283,-0.5789708810526059
short,2025-07-25 05:45:00,1.17365,2025-07-25 09:00:00,1.1707454644435529,TP,0.001237394264238618,0.00247478852847715,0.00217478852847715,1.7575550423415942
long,2025-07-25 11:30:00,1.17375,2025-07-27 22:45:00,1.17521,TECH,0.001683253978868173,0.001243876464323763,0.000943876464323763,0.5607451259128641
long,2025-07-28 19:30:00,1.15902,2025-07-28 21:30:00,1.15911,TECH,0.0007990744353994209,7.765180928728194e-05,-0.00022234819071271803,-0.2782571696234736
long,2025-07-28 21:45:00,1.15962,2025-07-28 22:15:00,1.15965,TECH,0.0009205864741845547,2.587054379880865e-05,-0.0002741294562011913,-0.2977769757523454
long,2025-07-28 22:30:00,1.1598,2025-07-28 23:30:00,1.158688183498409,SL,0.0009586277820234286,-0.0009586277820235107,-0.0012586277820235106,-1.3129473249428005
short,2025-07-29 00:15:00,1.15801,2025-07-29 02:30:00,1.1558622204420612,TP,0.0009273579493867388,0.0018547158987735574,0.0015547158987735574,1.6765003198621309
long,2025-07-29 06:00:00,1.15765,2025-07-29 07:30:00,1.1555915985008955,SL,0.0017780862083569596,-0.0017780862083570362,-0.0020780862083570363,-1.1687207282695768
short,2025-07-29 08:30:00,1.15342,2025-07-29 12:45:00,1.15461,TECH,0.0018226927247757682,-0.0010317143798443103,-0.0013317143798443102,-0.7306302163509983
short,2025-07-29 18:00:00,1.15479,2025-07-29 20:15:00,1.15565,TECH,0.0009690269429852014,-0.00074472414897954,-0.00104472414897954,-1.0781167196044563
short,2025-07-30 00:45:00,1.1555,2025-07-30 03:00:00,1.1565220904718776,SL,0.000884543896042939,-0.0008845438960429456,-0.0011845438960429455,-1.339157843202666
long,2025-07-30 04:30:00,1.15553,2025-07-30 05:45:00,1.15498,TECH,0.0011960173901410748,-0.0004759720647668606,-0.0007759720647668606,-0.6487966405533048
long,2025-07-30 14:00:00,1.14802,2025-07-30 14:30:00,1.146421435306455,SL,0.0013924536972744204,-0.0013924536972744583,-0.0016924536972744582,-1.2154470203118826
short,2025-07-30 15:00:00,1.14239,2025-07-30 20:00:00,1.14278,TECH,0.0023809724529096424,-0.0003413895429755954,-0.0006413895429755954,-0.2693813371052622
short,2025-07-30 23:45:00,1.14202,2025-07-31 01:15:00,1.1438389454476736,SL,0.0015927439516590332,-0.0015927439516589736,-0.0018927439516589735,-1.1883541919512264
long,2025-07-31 01:45:00,1.14365,2025-07-31 06:00:00,1.14328,TECH,0.0013525977269116267,-0.00032352555414679444,-0.0006235255541467944,-0.4609837365101036
long,2025-07-31 12:15:00,1.14263,2025-07-31 13:30:00,1.1423,TECH,0.001962360163309229,-0.00028880740047079235,-0.0005888074004707924,-0.30005062856446096
long,2025-07-31 20:00:00,1.14217,2025-07-31 21:45:00,1.1408611697634823,SL,0.0011459154386103403,-0.0011459154386103836,-0.0014459154386103836,-1.261799422445914
short,2025-07-31 22:45:00,1.14078,2025-08-01 01:15:00,1.1419,TECH,0.001270297119641058,-0.0009817843931345307,-0.0012817843931345306,-1.0090429816110411
short,2025-08-01 04:45:00,1.14114,2025-08-01 08:30:00,1.142624669805401,SL,0.0013010408936686515,-0.0013010408936685789,-0.0016010408936685788,-1.2305846045730298
long,2025-08-01 08:45:00,1.15293,2025-08-01 13:30:00,1.15263,TECH,0.0030866769412734047,-0.00026020660404358194,-0.0005602066040435819,-0.1814918161835457
long,2025-08-01 16:00:00,1.15687,2025-08-03 20:30:00,1.15644,TECH,0.002862385293943086,-0.0003716925843008743,-0.0006716925843008743,-0.23466183456231446
long,2025-08-03 23:45:00,1.15766,2025-08-04 02:45:00,1.15741,TECH,0.0015154974665965713,-0.00021595287044543429,-0.0005159528704454342,-0.3404511599772816
long,2025-08-04 07:00:00,1.15737,2025-08-04 11:45:00,1.15717,TECH,0.0016697451207890563,-0.00017280558507649064,-0.0004728055850764906,-0.2831603333885241
long,2025-08-04 15:30:00,1.15713,2025-08-04 21:45:00,1.15695,TECH,0.0015085903505491559,-0.0001555572839698815,-0.00045555728396988145,-0.30197547253570184
long,2025-08-05 09:30:00,1.15508,2025-08-05 09:45:00,1.1532824717940011,SL,0.0015561936887480182,-0.0015561936887479554,-0.0018561936887479553,-1.1927780598064832
short,2025-08-05 15:45:00,1.1571,2025-08-05 19:00:00,1.15758,TECH,0.001169227596532928,-0.0004148301788955457,-0.0007148301788955457,-0.6113695751068552
short,2025-08-05 21:45:00,1.15691,2025-08-05 23:15:00,1.157797205826867,SL,0.0007668754067878665,-0.0007668754067878795,-0.0010668754067878795,-1.391197836499403
long,2025-08-06 00:30:00,1.15817,2025-08-06 03:15:00,1.15724737114627,SL,0.0007966264483882533,-0.0007966264483882725,-0.0010966264483882725,-1.3765880490247138
short,2025-08-06 04:30:00,1.15731,2025-08-06 05:45:00,1.158453711096264,SL,0.0009882495582549523,-0.0009882495582549087,-0.0012882495582549087,-1.3035670469002743
long,2025-08-06 06:00:00,1.15848,2025-08-06 06:15:00,1.1608376622072984,TP,0.001017567073794361,0.002035134147588646,0.0017351341475886459,1.7051791398070504
short,2025-08-06 18:15:00,1.16645,2025-08-06 19:00:00,1.16633,TECH,0.0011875902610525358,0.00010287624844605253,-0.00019712375155394744,-0.16598633217086245
short,2025-08-06 19:15:00,1.16596,2025-08-06 19:30:00,1.16607,TECH,0.0010333452540957312,-9.434285910308453e-05,-0.0003943428591030845,-0.38161771928605753
short,2025-08-06 21:15:00,1.16532,2025-08-06 22:00:00,1.166412608509009,SL,0.0009376038418710222,-0.0009376038418709472,-0.0012376038418709472,-1.319964559233529
long,2025-08-06 23:45:00,1.16595,2025-08-07 03:30:00,1.1680480581645942,TP,0.0008997204702577908,0.0017994409405156183,0.0014994409405156184,1.6665631049674725
short,2025-08-07 06:30:00,1.16622,2025-08-07 07:00:00,1.1676136217585957,SL,0.0011949904465672512,-0.0011949904465672837,-0.0014949904465672837,-1.251048032109225
long,2025-08-07 14:00:00,1.16332,2025-08-07 14:45:00,1.16224,TECH,0.0015487005335138926,-0.0009283774026063078,-0.0012283774026063078,-0.7931665134893483
long,2025-08-07 16:15:00,1.16596,2025-08-07 22:00:00,1.16572,TECH,0.0016431897500756984,-0.00020583896531614973,-0.0005058389653161497,-0.30783965472815705
long,2025-08-08 04:30:00,1.16522,2025-08-08 04:45:00,1.1639411790980854,SL,0.0010974930930763992,-0.0010974930930764636,-0.0013974930930764635,-1.2733502396439962
short,2025-08-08 05:30:00,1.16318,2025-08-08 06:00:00,1.1645551640925547,SL,0.0011822453038692804,-0.0011822453038691856,-0.0014822453038691855,-1.2537544442071862
long,2025-08-08 09:00:00,1.16417,2025-08-08 15:30:00,1.16414,TECH,0.001279895794735682,-2.5769432299384536e-05,-0.0003257694322993845,-0.2545280902080476
long,2025-08-10 19:45:00,1.16491,2025-08-10 23:15:00,1.166960645692947,TP,0.0008801734438485137,0.0017603468876970902,0.0014603468876970903,1.6591580874239942
short,2025-08-11 03:00:00,1.16639,2025-08-11 03:45:00,1.1647758396603067,TP,0.0006919470930363208,0.0013838941860726726,0.0010838941860726726,1.566440840608862
long,2025-08-11 14:30:00,1.1614,2025-08-12 02:15:00,1.16133,TECH,0.0011670209639229948,-6.027208541416781e-05,-0.0003602720854141678,-0.30871089427827975
long,2025-08-12 09:00:00,1.1642,2025-08-12 09:15:00,1.162187405907728,SL,0.001728735691695607,-0.001728735691695539,-0.002028735691695539,-1.1735372280684975
short,2025-08-12 15:30:00,1.16727,2025-08-12 17:30:00,1.16712,TECH,0.0017433562196117738,0.00012850497314254158,-0.0001714950268574584,-0.09837061693315233
short,2025-08-13 08:30:00,1.17147,2025-08-13 11:45:00,1.17158,TECH,0.001147861251699053,-9.389911820196376e-05,-0.00039389911820196375,-0.3431591733050647
short,2025-08-13 14:00:00,1.1704,2025-08-13 18:00:00,1.17045,TECH,0.0011794374468462692,-4.2720437457179995e-05,-0.00034272043745718,-0.29057957958990516
short,2025-08-13 23:15:00,1.17015,2025-08-14 02:45:00,1.1685376345383665,TP,0.0006889567412868398,0.0013779134825736609,0.001077913482573661,1.5645590179730648
long,2025-08-14 07:15:00,1.16936,2025-08-14 08:30:00,1.1679856948631373,SL,0.0011752626538129173,-0.0011752626538128997,-0.0014752626538128996,-1.2552620888842925
short,2025-08-14 09:15:00,1.16636,2025-08-14 16:00:00,1.16481,TECH,0.0017629285560591883,0.0013289207448816509,0.001028920744881651,0.5836429056329303
short,2025-08-15 14:15:00,1.17041,2025-08-17 17:15:00,1.17104,TECH,0.0011580533973746753,-0.0005382729129109718,-0.0008382729129109718,-0.7238637828025454
short,2025-08-17 21:00:00,1.17012,2025-08-18 00:45:00,1.17068,TECH,0.0008054458075368818,-0.0004785833931561668,-0.0007785833931561667,-0.9666490108591383
short,2025-08-18 03:00:00,1.16967,2025-08-18 04:00:00,1.1678448694545729,TP,0.00078019037225335,0.001560380744506656,0.0012603807445066562,1.6154784643989104
long,2025-08-18 16:00:00,1.16669,2025-08-18 18:00:00,1.16613,TECH,0.0008881039960580275,-0.00047999040019190524,-0.0007799904001919052,-0.8782647118513153
long,2025-08-18 19:30:00,1.16643,2025-08-18 21:15:00,1.16574,TECH,0.0007862375853373327,-0.000591548571281671,-0.0008915485712816709,-1.1339429555496954
long,2025-08-19 01:15:00,1.16634,2025-08-19 01:45:00,1.1653958893657006,SL,0.0008094643365564636,-0.0008094643365565216,-0.0011094643365565215,-1.3706154631546656
short,2025-08-19 09:30:00,1.16739,2025-08-19 14:30:00,1.1647554680518746,TP,0.0011283855216017828,0.0022567710432035153,0.0019567710432035154,1.7341334196009626
long,2025-08-19 19:15:00,1.16444,2025-08-19 19:30:00,1.16424,TECH,0.0006873728003915176,-0.00017175638074952594,-0.0004717563807495259,-0.6863180802045415
long,2025-08-20 01:00:00,1.16344,2025-08-20 02:00:00,1.1625371876752733,SL,0.0007759852890795906,-0.0007759852890796054,-0.0010759852890796053,-1.3866052671640847
short,2025-08-20 12:30:00,1.16595,2025-08-20 14:15:00,1.16626,TECH,0.0013750961243874562,-0.0002658776105322119,-0.0005658776105322118,-0.4115185844075337
short,2025-08-20 16:00:00,1.16528,2025-08-21 02:45:00,1.1626287145382093,TP,0.0011376173373741773,0.002275234674748413,0.001975234674748413,1.7362909388385426
long,2025-08-21 04:45:00,1.16534,2025-08-21 07:45:00,1.1640756145833397,SL,0.0010849927202878343,-0.0010849927202878956,-0.0013849927202878956,-1.2764995510020336
short,2025-08-21 08:00:00,1.16404,2025-08-21 08:30:00,1.1652576670272359,SL,0.0010460697460877818,-0.0010460697460876892,-0.0013460697460876891,-1.286787760684107
long,2025-08-21 19:00:00,1.16132,2025-08-21 21:45:00,1.1604259534376233,SL,0.0007698537546726931,-0.0007698537546727616,-0.0010698537546727615,-1.3896844019778989
short,2025-08-21 23:00:00,1.16086,2025-08-21 23:45:00,1.1590166699935933,TP,0.0007939501776297927,0.001587900355259622,0.001287900355259622,1.622142536833276
long,2025-08-22 04:00:00,1.15944,2025-08-22 09:00:00,1.1617803556089237,TP,0.0010092611989079756,0.0020185223978158853,0.0017185223978158854,1.702752864843445
short,2025-08-22 16:15:00,1.17203,2025-08-25 00:30:00,1.17045,TECH,0.001385685518473208,0.0013480883595129091,0.0010480883595129092,0.756368126490725
short,2025-08-25 05:00:00,1.17039,2025-08-25 09:15:00,1.16985,TECH,0.0010297641988425714,0.0004613846666495655,0.0001613846666495655,0.1567200207882132
short,2025-08-25 11:45:00,1.16758,2025-08-25 13:30:00,1.1646173112313887,TP,0.0012687305232238892,0.0025374610464476846,0.0022374610464476847,1.7635431681443408
long,2025-08-25 19:30:00,1.16142,2025-08-25 20:00:00,1.163626412655883,TP,0.0009498771572227006,0.0018997543144453964,0.0015997543144453965,1.6841696868707108
short,2025-08-26 00:15:00,1.1624,2025-08-26 01:30:00,1.1639443735877841,SL,0.0013286076976806037,-0.0013286076976806876,-0.0016286076976806875,-1.225800287416522
long,2025-08-26 06:15:00,1.1644,2025-08-26 13:45:00,1.16452,TECH,0.0015671784049719976,0.0001030573686017674,-0.00019694263139823258,-0.125667014536071
long,2025-08-26 18:30:00,1.16455,2025-08-26 20:15:00,1.16407,TECH,0.0009478565870230937,-0.00041217637714141596,-0.0007121763771414159,-0.7513545687097328
long,2025-08-27 09:30:00,1.15935,2025-08-27 12:30:00,1.1624846003811569,TP,0.0013518783720001246,0.0027037567440003104,0.0024037567440003105,1.7780865452000063
short,2025-08-28 00:45:00,1.16416,2025-08-28 05:15:00,1.16467,TECH,0.000716578849583953,-0.00043808411214954165,-0.0007380841121495416,-1.030011020529108
short,2025-08-28 16:45:00,1.16791,2025-08-28 21:45:00,1.165704652046641,TP,0.0009441429362532223,0.0018882858725064663,0.0015882858725064664,1.6822515018853912
long,2025-08-29 02:15:00,1.16634,2025-08-29 04:30:00,1.1681132067291242,TP,0.0007601585854571716,0.0015203171709143887,0.0012203171709143888,1.6053455085039532
short,2025-08-29 07:30:00,1.1663,2025-08-29 10:00:00,1.1675595261267258,SL,0.0010799332304945691,-0.0010799332304946094,-0.0013799332304946094,-1.2777949520662972
long,2025-08-29 10:45:00,1.16956,2025-08-29 15:15:00,1.16948,TECH,0.0015007834122988282,-6.840179212683228e-05,-0.00036840179212683225,-0.24547299037809328
long,2025-08-31 21:15:00,1.16928,2025-08-31 22:45:00,1.1710420418247791,TP,0.0007534730025225163,0.0015069460050449975,0.0012069460050449976,1.6018437303052937
short,2025-09-01 07:15:00,1.17259,2025-09-01 11:30:00,1.1700544131147324,TP,0.0010811907338744821,0.00216238146774889,0.0018623814677488902,1.7225281436467603
long,2025-09-01 15:30:00,1.17106,2025-09-01 20:45:00,1.17061,TECH,0.0005604357222816215,-0.0003842672450600836,-0.0006842672450600836,-1.2209557989528657
long,2025-09-02 03:00:00,1.17031,2025-09-02 03:00:00,1.1694006202814664,SL,0.0007770417398241168,-0.0007770417398241099,-0.00107704173982411,-1.386079646207806
short,2025-09-02 03:30:00,1.1673,2025-09-02 03:45:00,1.1647017839547738,TP,0.0011129170072930283,0.0022258340145860137,0.0019258340145860138,1.7304381206917314
long,2025-09-02 10:00:00,1.165,2025-09-02 13:45:00,1.16444,TECH,0.002015176550322654,-0.0004806866952790695,-0.0007806866952790694,-0.3874036223546131
long,2025-09-02 17:45:00,1.16405,2025-09-02 20:00:00,1.16327,TECH,0.000919093054978518,-0.0006700743095227893,-0.0009700743095227894,-1.0554690890852862
long,2025-09-03 02:15:00,1.16321,2025-09-03 03:15:00,1.1623928018037841,SL,0.0007025371138625475,-0.0007025371138624593,-0.0010025371138624594,-1.427023703204109
short,2025-09-03 08:45:00,1.16457,2025-09-03 10:00:00,1.166148809526577,SL,0.0013557016981177227,-0.0013557016981177283,-0.0016557016981177282,-1.221287618372486
long,2025-09-03 10:15:00,1.1669,2025-09-03 14:45:00,1.16618,TECH,0.001682460080100709,-0.0006170194532522529,-0.0009170194532522528,-0.5450467824457158
long,2025-09-03 19:45:00,1.16593,2025-09-03 20:45:00,1.1656,TECH,0.0007119686246928003,-0.0002830358597857002,-0.0005830358597857002,-0.8189066758907643
long,2025-09-04 03:00:00,1.16517,2025-09-04 04:30:00,1.16521,TECH,0.000771370205638691,3.432975445646558e-05,-0.00026567024554353437,-0.34441341343170057
long,2025-09-04 15:15:00,1.16503,2025-09-05 01:45:00,1.167683674674166,TP,0.0011388868416117967,0.002277773683223509,0.001977773683223509,1.7365848923361755
short,2025-09-05 02:45:00,1.16699,2025-09-05 03:15:00,1.16715,TECH,0.0007239463621433662,-0.00013710485951031113,-0.00043710485951031113,-0.6037807251578527
short,2025-09-05 14:15:00,1.17226,2025-09-07 22:45:00,1.17129,TECH,0.0017602059206235671,0.0008274614846536923,0.0005274614846536923,0.2996589651663226
short,2025-09-08 07:00:00,1.17256,2025-09-08 08:45:00,1.17346,TECH,0.0010531605025667712,-0.0007675513406562571,-0.001067551340656257,-1.0136644301171687
short,2025-09-08 13:45:00,1.17424,2025-09-08 14:45:00,1.1756074582127054,SL,0.0011645474627890646,-0.0011645474627890828,-0.0014645474627890827,-1.2576107969713188
long,2025-09-08 15:00:00,1.1761,2025-09-09 00:15:00,1.17669,TECH,0.0011510038258821654,0.0005016580222770942,0.00020165802227709424,0.1752018696571553
long,2025-09-09 02:00:00,1.17789,2025-09-09 02:15:00,1.1770512809193363,SL,0.0007120521276722808,-0.0007120521276721907,-0.0010120521276721906,-1.4213174686811465
short,2025-09-09 03:45:00,1.17536,2025-09-09 05:00:00,1.1765744070994097,SL,0.0010332213954956277,-0.0010332213954956666,-0.0013332213954956665,-1.2903540338091153
long,2025-09-09 07:00:00,1.17542,2025-09-09 07:45:00,1.17472,TECH,0.0012207062210523169,-0.0005955318099061807,-0.0008955318099061807,-0.7336177980105503
long,2025-09-09 18:30:00,1.1709,2025-09-09 19:15:00,1.1698940249716736,SL,0.000859146834338009,-0.0008591468343380687,-0.0011591468343380687,-1.349183617991465
short,2025-09-09 20:15:00,1.16994,2025-09-09 23:30:00,1.17082,TECH,0.0008527281635951382,-0.0007521753252303468,-0.0010521753252303468,-1.2338930155588281
short,2025-09-10 03:30:00,1.17035,2025-09-10 07:00:00,1.17001,TECH,0.0012321169161193376,0.0002905113854829811,-9.488614517018856e-06,-0.007701066670607929
short,2025-09-10 08:15:00,1.16963,2025-09-10 08:30:00,1.1711508548324536,SL,0.0013002871270860338,-0.0013002871270860678,-0.0016002871270860677,-1.230718272718995
long,2025-09-10 09:45:00,1.17206,2025-09-10 13:30:00,1.17027,TECH,0.0018188364121577113,-0.0015272255686570484,-0.0018272255686570483,-1.0046123754963674
long,2025-09-10 19:30:00,1.17041,2025-09-10 20:45:00,1.1696014085655768,SL,0.0006908616932726456,-0.0006908616932725573,-0.0009908616932725572,-1.4342403160013069
short,2025-09-10 21:45:00,1.17,2025-09-11 02:15:00,1.1683844088330393,TP,0.0006904235756241687,0.0013808471512484098,0.0010808471512484099,1.5654841309138143
long,2025-09-11 09:00:00,1.17147,2025-09-11 14:30:00,1.17329,TECH,0.002141202465830516,0.001553603592068028,0.0012536035920680281,0.5854670971443087
long,2025-09-11 16:00:00,1.17368,2025-09-11 20:30:00,1.17296,TECH,0.001136776148388411,-0.0006134551155340927,-0.0009134551155340926,-0.8035488049508102
long,2025-09-12 02:15:00,1.17275,2025-09-12 03:00:00,1.1743735307903578,TP,0.0006921896356247605,0.0013843792712494726,0.0010843792712494727,1.566592759324874
short,2025-09-12 05:30:00,1.1723,2025-09-12 12:00:00,1.1714,TECH,0.001059255322543286,0.0007677215729761162,0.0004677215729761162,0.4415569721690051
short,2025-09-14 17:30:00,1.1729,2025-09-14 23:30:00,1.17318,TECH,0.0009059446880197965,-0.00023872452894520925,-0.0005387245289452092,-0.5946549895035502
short,2025-09-15 02:45:00,1.17201,2025-09-15 03:00:00,1.1727284283602388,SL,0.0006129882511573446,-0.00061298825115727,-0.0009129882511572699,-1.489405791111843
long,2025-09-15 04:45:00,1.17322,2025-09-15 06:00:00,1.1753964953653167,TP,0.0009275734156068835,0.0018551468312138575,0.0015551468312138576,1.676575465669606
short,2025-09-15 11:15:00,1.176,2025-09-15 12:00:00,1.1772993983570716,SL,0.0011049305757411928,-0.0011049305757412523,-0.0014049305757412522,-1.2715102709496637
long,2025-09-15 12:45:00,1.17616,2025-09-15 17:30:00,1.17641,TECH,0.0011704988835411745,0.00021255611481419315,-8.744388518580682e-05,-0.07470650883600849
long,2025-09-15 22:30:00,1.17733,2025-09-16 02:15:00,1.1789934508171735,TP,0.0007064505351828067,0.0014129010703656255,0.0011129010703656256,1.5753418179202632
short,2025-09-16 17:00:00,1.18657,2025-09-16 19:30:00,1.18717,TECH,0.0011507706326570211,-0.0005056591688650109,-0.000805659168865011,-0.7001040398509473
short,2025-09-16 21:45:00,1.18546,2025-09-17 02:30:00,1.1854,TECH,0.0008136045018084662,5.061326404935551e-05,-0.0002493867359506445,-0.30652084077252756
short,2025-09-17 03:15:00,1.18434,2025-09-17 09:45:00,1.18505,TECH,0.0008141497446761968,-0.0005994900113143088,-0.0008994900113143088,-1.1048213393127742
short,2025-09-17 16:15:00,1.18207,2025-09-17 20:15:00,1.18183,TECH,0.0025842347677444495,0.00020303366128910977,-9.69663387108902e-05,-0.03752226381333131
short,2025-09-17 22:15:00,1.18152,2025-09-18 02:00:00,1.1782599153311455,TP,0.0013796146780649086,0.002759229356129742,0.0024592293561297423,1.7825479789611514
long,2025-09-18 04:15:00,1.18262,2025-09-18 08:15:00,1.18178,TECH,0.001553418535577296,-0.0007102873281357934,-0.0010102873281357934,-0.6503638942098376
long,2025-09-18 13:30:00,1.17912,2025-09-18 17:30:00,1.17877,TECH,0.0018001909691779052,-0.0002968315353821922,-0.0005968315353821922,-0.33153790103432623
long,2025-09-18 19:00:00,1.17866,2025-09-18 20:00:00,1.1776169120152757,SL,0.0008849778432493534,-0.000884977843249368,-0.001184977843249368,-1.3389915377977275
short,2025-09-18 20:30:00,1.17783,2025-09-18 20:45:00,1.1788505814744041,SL,0.0008664930205582773,-0.0008664930205583175,-0.0011664930205583174,-1.3462232157470253
long,2025-09-19 00:30:00,1.17794,2025-09-19 01:45:00,1.17742,TECH,0.0010679910710148012,-0.0004414486306603698,-0.0007414486306603698,-0.6942460951062521
long,2025-09-19 11:00:00,1.1757,2025-09-19 11:30:00,1.1738742969693388,SL,0.001552864702442154,-0.001552864702442126,-0.001852864702442126,-1.1931913318192944
short,2025-09-19 13:15:00,1.17497,2025-09-22 02:30:00,1.17433,TECH,0.0015069217410791326,0.000544694758164016,0.00024469475816401605,0.16238053476405878
short,2025-09-22 11:00:00,1.17695,2025-09-22 12:15:00,1.1784509299078216,SL,0.0012752707488183099,-0.0012752707488182938,-0.0015752707488182938,-1.2352441630751505
long,2025-09-22 13:00:00,1.17882,2025-09-22 21:30:00,1.1817089419497604,TP,0.0012253532981118744,0.002450706596223694,0.002150706596223694,1.7551726506450676
short,2025-09-23 00:15:00,1.18017,2025-09-23 03:15:00,1.178312742141308,TP,0.0007868603077065114,0.0015737206154129932,0.0012737206154129932,1.6187379169315963
long,2025-09-23 05:45:00,1.18029,2025-09-23 08:00:00,1.17918,TECH,0.001234380815250317,-0.0009404468393362363,-0.0012404468393362362,-1.0049142242093976
long,2025-09-23 10:45:00,1.18,2025-09-23 18:45:00,1.18149,TECH,0.001373909407949875,0.0012627118644067724,0.0009627118644067725,0.7007098567316132
long,2025-09-23 19:00:00,1.18143,2025-09-23 19:15:00,1.18137,TECH,0.0007504789372326041,-5.078591198797134e-05,-0.0003507859119879713,-0.4674160653748613
long,2025-09-23 19:30:00,1.18169,2025-09-23 20:00:00,1.1808499904188383,SL,0.0007108544382720226,-0.0007108544382719612,-0.001010854438271961,-1.4220273291522132
short,2025-09-23 20:30:00,1.18062,2025-09-24 02:15:00,1.1795,TECH,0.0007725301954245497,0.0009486540969998897,0.0006486540969998897,0.8396488588299348
short,2025-09-24 02:30:00,1.17928,2025-09-24 04:15:00,1.1771913931259068,TP,0.0008855432442224502,0.0017710864884448905,0.0014710864884448906,1.6612249012599893
long,2025-09-24 17:30:00,1.17385,2025-09-25 02:15:00,1.17425,TECH,0.0007582873800864907,0.0003407590407632627,4.075904076326274e-05,0.05375144283505515
long,2025-09-25 06:30:00,1.17487,2025-09-25 07:30:00,1.1736653327766766,SL,0.001025362145023284,-0.001025362145023248,-0.0013253621450232478,-1.292579554897798
short,2025-09-25 08:30:00,1.1735,2025-09-25 08:30:00,1.1708503978372276,TP,0.0011289314711428956,0.0022578629422858416,0.0019578629422858417,1.7342619922746605
long,2025-09-25 17:30:00,1.16619,2025-09-26 03:45:00,1.16735,TECH,0.0011355850638973956,0.000994692117065015,0.000694692117065015,0.6117481984843921
long,2025-09-26 05:45:00,1.16824,2025-09-26 06:15:00,1.1671380473231248,SL,0.0009432588140066572,-0.0009432588140066974,-0.0012432588140066975,-1.3180463257223516
short,2025-09-26 07:00:00,1.16631,2025-09-26 07:45:00,1.1674547034629452,SL,0.000981474447569829,-0.0009814744475699106,-0.0012814744475699105,-1.3056625679281755
long,2025-09-26 09:30:00,1.16804,2025-09-28 20:00:00,1.1711268940582227,TP,0.0013213991208446258,0.00264279824168925,0.00234279824168925,1.772967913125109
short,2025-09-29 03:00:00,1.17196,2025-09-29 03:00:00,1.1729305490758712,SL,0.000828141810190838,-0.0008281418101909212,-0.0011281418101909211,-1.3622567974571296
long,2025-09-29 09:00:00,1.175,2025-09-29 10:30:00,1.1731849593379562,SL,0.0015447154570586937,-0.0015447154570585992,-0.0018447154570585991,-1.1942105250705124
short,2025-09-29 12:30:00,1.17294,2025-09-29 16:15:00,1.17255,TECH,0.0013857714675945371,0.0003324978259758491,3.2497825975849116e-05,0.02345107164910806
short,2025-09-29 17:15:00,1.17242,2025-09-29 19:45:00,1.17307,TECH,0.0008002887632345856,-0.0005544088296003476,-0.0008544088296003475,-1.0676256731970357
short,2025-09-29 21:45:00,1.17203,2025-09-30 01:00:00,1.17283,TECH,0.0007586682221166271,-0.0006825763845636494,-0.0009825763845636494,-1.2951331766899836
short,2025-09-30 07:30:00,1.1739,2025-09-30 10:45:00,1.1751560769052822,SL,0.0010700033267590074,-0.0010700033267589135,-0.0013700033267589134,-1.2803729600622764
long,2025-09-30 12:00:00,1.1734,2025-09-30 15:45:00,1.17384,TECH,0.001568315184322081,0.0003749786943923606,7.497869439236063e-05,0.047808434900010785
long,2025-09-30 20:00:00,1.17342,2025-09-30 20:15:00,1.17323,TECH,0.0008122304801407182,-0.00016191985819221803,-0.000461919858192218,-0.568705397650419
long,2025-09-30 21:00:00,1.1736,2025-09-30 21:30:00,1.17379,TECH,0.000828317117083347,0.00016189502385813946,-0.00013810497614186052,-0.16672959340518387
long,2025-09-30 23:00:00,1.17378,2025-10-01 00:45:00,1.1756832394324206,TP,0.0008107309003478225,0.001621461800695654,0.001321461800695654,1.6299635305977804
short,2025-10-01 05:15:00,1.17513,2025-10-01 09:15:00,1.17535,TECH,0.0015898388935194948,-0.00018721332958897055,-0.0004872133295889705,-0.30645452918213956
short,2025-10-01 12:00:00,1.17228,2025-10-01 15:30:00,1.17334,TECH,0.00229619808358286,-0.0009042208346129431,-0.001204220834612943,-0.5244411809341569
short,2025-10-01 17:45:00,1.17315,2025-10-01 19:30:00,1.17355,TECH,0.001055587635992935,-0.0003409623662789737,-0.0006409623662789736,-0.607209050602468
short,2025-10-01 21:30:00,1.17345,2025-10-01 22:30:00,1.17384,TECH,0.0008623639892978774,-0.0003323533171416681,-0.0006323533171416681,-0.7332788996169932
short,2025-10-02 01:30:00,1.17313,2025-10-02 02:00:00,1.1739405162150895,SL,0.0006909005950657905,-0.0006909005950657989,-0.0009909005950657988,-1.4342158657012605
long,2025-10-02 03:00:00,1.17427,2025-10-02 08:00:00,1.17502,TECH,0.0008708474871315748,0.0006386946783959638,0.00033869467839596387,0.3889253668418648
long,2025-10-02 14:30:00,1.17182,2025-10-02 17:45:00,1.17185,TECH,0.0012874346296870727,2.5601201549704295e-05,-0.0002743987984502957,-0.21313610192153354
long,2025-10-02 19:45:00,1.17249,2025-10-02 21:15:00,1.1716652428667786,SL,0.0007034235969785574,-0.0007034235969785564,-0.0010034235969785565,-1.4264855505112435
short,2025-10-03 01:00:00,1.17179,2025-10-03 02:15:00,1.172625476358135,SL,0.0007129915412615373,-0.0007129915412615372,-0.001012991541261537,-1.4207623550052115
long,2025-10-03 03:45:00,1.17303,2025-10-03 08:45:00,1.17334,TECH,0.0009414129416585109,0.0002642728659966348,-3.57271340033652e-05,-0.03795054478476131
long,2025-10-03 09:45:00,1.17428,2025-10-03 10:00:00,1.17379,TECH,0.0011486303563358479,-0.0004172769697177006,-0.0007172769697177007,-0.6244628358994686
long,2025-10-03 10:15:00,1.17443,2025-10-03 14:00:00,1.17337,TECH,0.0013761322151919701,-0.0009025654998595581,-0.001202565499859558,-0.8738735178086071
long,2025-10-03 16:45:00,1.17395,2025-10-05 17:00:00,1.1729547315016615,SL,0.0008477946235687537,-0.0008477946235687471,-0.0011477946235687471,-1.3538592857986722
short,2025-10-05 17:30:00,1.17221,2025-10-05 22:30:00,1.1729,TECH,0.0010269297246941484,-0.0005886317298095729,-0.0008886317298095728,-0.8653286670363299
short,2025-10-06 01:45:00,1.17153,2025-10-06 02:45:00,1.1694322867204776,TP,0.0008952879053554927,0.0017905758107110794,0.0014905758107110795,1.6649122609550002
long,2025-10-06 08:30:00,1.16784,2025-10-06 10:45:00,1.1715813049243882,TP,0.0016018054375548402,0.0032036108751097563,0.0029036108751097564,1.8127113362420129
short,2025-10-06 17:45:00,1.171,2025-10-07 01:00:00,1.1690710863491622,TP,0.000823618125891438,0.0016472362517829244,0.0013472362517829245,1.6357535239098235
long,2025-10-07 12:00:00,1.1673,2025-10-07 14:30:00,1.1658558460997805,SL,0.001237174591124259,-0.0012371745911243536,-0.0015371745911243536,-1.2424880062622974
short,2025-10-07 15:00:00,1.16577,2025-10-07 19:00:00,1.16591,TECH,0.001104219253971946,-0.00012009229951021985,-0.00042009229951021985,-0.3804428314387034
short,2025-10-07 20:45:00,1.16485,2025-10-07 21:15:00,1.163186818324468,TP,0.0007139037968544705,0.0014278075937089942,0.0011278075937089943,1.579775312413555
long,2025-10-08 04:15:00,1.16311,2025-10-08 04:45:00,1.1618471977781228,SL,0.0010857117743611874,-0.001085711774361192,-0.001385711774361192,-1.2763164286180086
short,2025-10-08 06:45:00,1.16294,2025-10-08 07:00:00,1.16335,TECH,0.0012462363243706297,-0.00035255473197243317,-0.0006525547319724331,-0.5236203753746178
short,2025-10-08 11:30:00,1.16173,2025-10-08 15:30:00,1.16242,TECH,0.0012931792115348103,-0.0005939417937042854,-0.0008939417937042853,-0.6912744851839291
short,2025-10-09 02:15:00,1.16299,2025-10-09 02:45:00,1.1612304599954324,TP,0.0007564725425702786,0.0015129450851405193,0.0012129450851405194,1.603422486451758
long,2025-10-09 07:00:00,1.16184,2025-10-09 08:30:00,1.1608,TECH,0.0011897663055078977,-0.0008951318598085192,-0.0011951318598085192,-1.004509754794519
long,2025-10-09 17:00:00,1.15634,2025-10-10 03:45:00,1.15746,TECH,0.001238622693787588,0.0009685732570005448,0.0006685732570005448,0.5397715223157366
long,2025-10-10 04:15:00,1.15857,2025-10-10 05:15:00,1.157205789614312,SL,0.0011774950030538336,-0.0011774950030538722,-0.0014774950030538722,-1.2547781512634775
short,2025-10-10 07:00:00,1.15715,2025-10-10 11:00:00,1.1584213853372085,SL,0.0010987212869624807,-0.001098721286962458,-0.0013987212869624578,-1.273044677990499
long,2025-10-10 11:15:00,1.16074,2025-10-10 16:15:00,1.16101,TECH,0.0018176323541904632,0.00023261023140409777,-6.73897685959022e-05,-0.03707557715978061
long,2025-10-10 16:30:00,1.16123,2025-10-12 18:00:00,1.1596878615855204,SL,0.0013280215069190562,-0.0013280215069190323,-0.0016280215069190323,-1.2258999560149904
short,2025-10-12 18:30:00,1.15957,2025-10-12 20:45:00,1.1612573927766172,SL,0.001455188368634312,-0.0014551883686342564,-0.0017551883686342563,-1.2061588770679175
long,2025-10-12 21:30:00,1.16109,2025-10-13 03:00:00,1.1614,TECH,0.0012791485123892971,0.00026699050030577515,-3.300949969422482e-05,-0.02580583831705906
long,2025-10-13 12:45:00,1.15714,2025-10-13 16:15:00,1.15689,TECH,0.0012352027877315006,-0.00021604991617270465,-0.0005160499161727046,-0.4177855824956896
long,2025-10-13 22:45:00,1.15718,2025-10-14 00:45:00,1.1588765018345863,TP,0.0007330328188294746,0.0014660656376590075,0.0011660656376590076,1.5907413797938963
short,2025-10-14 03:15:00,1.15673,2025-10-14 09:30:00,1.15756,TECH,0.001142909822588185,-0.0007175399617887375,-0.0010175399617887374,-0.890306428099865
short,2025-10-14 16:45:00,1.16026,2025-10-14 18:45:00,1.16059,TECH,0.0011093626286274541,-0.00028441900953229574,-0.0005844190095322957,-0.5268061087070882
short,2025-10-14 19:45:00,1.16051,2025-10-14 20:45:00,1.1613208458887716,SL,0.0006986978903858838,-0.0006986978903858407,-0.0009986978903858406,-1.4293701242382022
long,2025-10-14 21:00:00,1.16106,2025-10-15 02:00:00,1.1627584972131393,TP,0.0007314424806380973,0.0014628849612761659,0.001162884961276166,1.5898515495869012
short,2025-10-15 06:45:00,1.16234,2025-10-15 11:30:00,1.1634,TECH,0.001092868202879414,-0.0009119534731662517,-0.0012119534731662516,-1.108965811223238
short,2025-10-16 01:00:00,1.16559,2025-10-16 02:00:00,1.166371590034021,SL,0.0006705531396297427,-0.0006705531396298167,-0.0009705531396298167,-1.4473918355907245
long,2025-10-16 06:00:00,1.16583,2025-10-16 08:00:00,1.1654,TECH,0.001099428865281556,-0.0003688359366287799,-0.0006688359366287799,-0.6083485323604776
long,2025-10-16 10:15:00,1.16636,2025-10-16 13:15:00,1.1692366936943328,TP,0.0012331928796996006,0.002466385759399108,0.002166385759399108,1.7567290527389587
short,2025-10-16 18:00:00,1.16884,2025-10-16 19:00:00,1.16943,TECH,0.0009618556943722972,-0.0005047739639299376,-0.0008047739639299376,-0.8366888802952188
short,2025-10-17 04:15:00,1.17046,2025-10-17 08:15:00,1.1672779591130158,TP,0.0013593121025000062,0.0027186242049999664,0.0024186242049999665,1.7793001331715543
long,2025-10-17 13:30:00,1.16731,2025-10-17 15:45:00,1.16674,TECH,0.0012121325713554312,-0.0004883021648062292,-0.0007883021648062293,-0.6503431913596166
long,2025-10-19 21:15:00,1.16669,2025-10-19 21:30:00,1.1656696473255894,SL,0.0008745705152272735,-0.0008745705152273398,-0.0011745705152273397,-1.3430255134111235
short,2025-10-20 03:15:00,1.16616,2025-10-20 11:15:00,1.16566,TECH,0.0008972583200967878,0.00042875763188599073,0.00012875763188599076,0.14350118466675416
short,2025-10-20 13:30:00,1.16492,2025-10-20 19:15:00,1.16431,TECH,0.000941419316878275,0.0005236411084022933,0.00022364110840229328,0.2375573821279577
short,2025-10-20 20:00:00,1.16438,2025-10-20 20:00:00,1.1649662470235682,SL,0.0005034842779574814,-0.0005034842779575762,-0.0008034842779575762,-1.5958478012801611
long,2025-10-20 20:15:00,1.16513,2025-10-20 21:30:00,1.164457056335258,SL,0.0005775695971624236,-0.0005775695971624708,-0.0008775695971624709,-1.51941792205465
short,2025-10-20 23:00:00,1.1634,2025-10-21 04:45:00,1.1617171092468133,TP,0.000723264033516711,0.0014465280670334603,0.0011465280670334603,1.5852137171244667
long,2025-10-21 12:30:00,1.16159,2025-10-21 14:00:00,1.16038,TECH,0.0013890119026645313,-0.0010416756342598796,-0.0013416756342598795,-0.9659209051313045
long,2025-10-21 20:30:00,1.1607,2025-10-22 03:15:00,1.1599980400148007,SL,0.000604772969069842,-0.0006047729690698684,-0.0009047729690698683,-1.4960539166646862
short,2025-10-22 03:45:00,1.16039,2025-10-22 06:30:00,1.1583889331509576,TP,0.0008622389235698582,0.0017244778471397057,0.0014244778471397058,1.6520685951430436
long,2025-10-22 10:30:00,1.16028,2025-10-22 15:30:00,1.16076,TECH,0.0011646296188046208,0.0004136932464577826,0.00011369324645778262,0.09762180578446708
long,2025-10-22 18:45:00,1.16121,2025-10-22 20:00:00,1.1605451276214516,SL,0.0005725685953001603,-0.0005725685953001686,-0.0008725685953001685,-1.5239546885080868
short,2025-10-22 20:15:00,1.16019,2025-10-23 02:15:00,1.16001,TECH,0.0005530750048163039,0.00015514700178424998,-0.00014485299821575,-0.26190479944733874
short,2025-10-23 06:30:00,1.15918,2025-10-23 08:45:00,1.1601214674057412,SL,0.0008121839625778937,-0.0008121839625779266,-0.0011121839625779265,-1.3693744444889369
long,2025-10-23 09:30:00,1.16037,2025-10-23 14:30:00,1.16119,TECH,0.000915762364154166,0.0007066711479959349,0.00040667114799593495,0.4440793418842369
long,2025-10-23 15:15:00,1.16177,2025-10-23 21:45:00,1.16111,TECH,0.0007788362184024637,-0.0005680986770185862,-0.0008680986770185862,-1.114610050877213
long,2025-10-24 03:45:00,1.16213,2025-10-24 04:15:00,1.161037923002849,SL,0.0009397201665486393,-0.0009397201665486582,-0.0012397201665486583,-1.3192439735563462
short,2025-10-24 13:00:00,1.16254,2025-10-24 16:15:00,1.1635,TECH,0.0013547703811883573,-0.0008257780377449997,-0.0011257780377449996,-0.8309733172329221
short,2025-10-26 19:00:00,1.16308,2025-10-26 20:00:00,1.16348,TECH,0.0008735157185117646,-0.00034391443408895176,-0.0006439144340889517,-0.7371526584387152
short,2025-10-26 22:45:00,1.16304,2025-10-27 04:15:00,1.16293,TECH,0.0007135068539274585,9.457972210762699e-05,-0.00020542027789237298,-0.28790231903400587
short,2025-10-27 09:30:00,1.16396,2025-10-27 13:45:00,1.16433,TECH,0.0009703880457184316,-0.0003178803395305521,-0.000617880339530552,-0.6367353166156341
short,2025-10-28 02:45:00,1.16602,2025-10-28 06:30:00,1.16556,TECH,0.00073113838904456,0.00039450438242922674,9.450438242922677e-05,0.12925649076192483
short,2025-10-28 07:45:00,1.16437,2025-10-28 09:15:00,1.1655323439447065,SL,0.0009982599557757164,-0.0009982599557757422,-0.0012982599557757421,-1.3005229231767643
long,2025-10-28 10:45:00,1.16597,2025-10-28 15:00:00,1.16523,TECH,0.0011980362018024222,-0.0006346646997778356,-0.0009346646997778355,-0.7801639870077804
long,2025-10-28 20:00:00,1.16544,2025-10-28 21:00:00,1.164581629173463,SL,0.0007365208217814534,-0.000736520821781523,-0.001036520821781523,-1.407320460098395
short,2025-10-28 21:30:00,1.16427,2025-10-29 01:00:00,1.1626335446830014,TP,0.0007027817074211569,0.0014055634148423645,0.0011055634148423646,1.5731249165536862
long,2025-10-29 05:15:00,1.16416,2025-10-29 07:45:00,1.1629187631362565,SL,0.0010662081361182928,-0.0010662081361183648,-0.0013662081361183647,-1.2813709536041167
short,2025-10-29 09:15:00,1.1638,2025-10-29 10:00:00,1.16504,TECH,0.0011428475614097494,-0.0010654751675546743,-0.0013654751675546742,-1.1948007885411285
short,2025-10-29 13:45:00,1.15986,2025-10-29 18:15:00,1.16036,TECH,0.0018928405544939078,-0.0004310865104410593,-0.0007310865104410593,-0.3862377677323863
short,2025-10-30 02:45:00,1.16119,2025-10-30 04:30:00,1.1625570251436845,SL,0.0011772622427720517,-0.001177262242772144,-0.001477262242772144,-1.2548285242663473
long,2025-10-30 15:30:00,1.15672,2025-10-30 16:15:00,1.1565,TECH,0.0009812761157174182,-0.00019019295940235059,-0.0004901929594023505,-0.49954640854981663
long,2025-10-30 17:00:00,1.15678,2025-10-30 22:45:00,1.15688,TECH,0.0008606643280047656,8.644686111446342e-05,-0.00021355313888553654,-0.24812593241851436
long,2025-10-31 01:45:00,1.1569,2025-10-31 01:45:00,1.1561617674161997,SL,0.0006381127010115567,-0.000638112701011623,-0.0009381127010116229,-1.4701363873881474
short,2025-10-31 02:00:00,1.15611,2025-10-31 03:45:00,1.1569240731135289,SL,0.0007041484923829117,-0.0007041484923829733,-0.0010041484923829732,-1.4260464990627622
long,2025-10-31 05:00:00,1.15757,2025-10-31 06:30:00,1.1564414070062685,SL,0.0009749673831660477,-0.0009749673831660028,-0.0012749673831660027,-1.3077026013175477
short,2025-10-31 07:30:00,1.15603,2025-10-31 08:30:00,1.1535181008091124,TP,0.0010864333931158749,0.0021728667862317215,0.0018728667862317216,1.723867103219616
long,2025-11-02 17:00:00,1.15294,2025-11-02 20:15:00,1.15242,TECH,0.001045194891074131,-0.0004510208683887071,-0.0007510208683887071,-0.7185462489363053
long,2025-11-02 22:30:00,1.15307,2025-11-03 03:30:00,1.1522068261286067,SL,0.0007485875717807847,-0.000748587571780847,-0.001048587571780847,-1.400754716360578
short,2025-11-03 03:45:00,1.15169,2025-11-03 11:00:00,1.1527351632081473,SL,0.0009075039360828496,-0.0009075039360827841,-0.0012075039360827842,-1.3305770785908155
long,2025-11-03 11:30:00,1.15285,2025-11-03 15:00:00,1.15195,TECH,0.0012611274397726822,-0.0007806739818709294,-0.0010806739818709293,-0.8569110050176376
long,2025-11-03 23:15:00,1.15119,2025-11-04 02:00:00,1.1528263212875893,TP,0.0007107086091737377,0.0014214172183474431,0.0011214172183474432,1.577886075773292
short,2025-11-04 05:00:00,1.15007,2025-11-04 09:30:00,1.1476030795717431,TP,0.0010725088160967724,0.002145017632193521,0.001845017632193521,1.7202820195997766
long,2025-11-04 12:00:00,1.14898,2025-11-04 13:45:00,1.1486,TECH,0.001121243367447007,-0.0003307281240751144,-0.0006307281240751144,-0.5625256232384576
long,2025-11-04 18:30:00,1.14847,2025-11-05 03:00:00,1.1487,TECH,0.0005923395733223428,0.00020026644143943895,-9.973355856056102e-05,-0.16837226998218371
long,2025-11-05 08:00:00,1.14909,2025-11-05 08:30:00,1.148163672599499,SL,0.0008061399894706736,-0.0008061399894707245,-0.0011061399894707244,-1.372143801223701
short,2025-11-05 09:30:00,1.14832,2025-11-05 13:30:00,1.14815,TECH,0.0009905116631823497,0.00014804235753100483,-0.00015195764246899514,-0.1534132793356319
short,2025-11-06 18:00:00,1.15434,2025-11-07 04:30:00,1.15361,TECH,0.0008395690078864965,0.0006323960011780736,0.00033239600117807364,0.39591266239666995
short,2025-11-07 14:00:00,1.1568,2025-11-09 18:30:00,1.1543710669691745,TP,0.0010498500306127198,0.0020997000612254374,0.0017997000612254375,1.7142449004598168
long,2025-11-09 21:30:00,1.15581,2025-11-10 03:30:00,1.157974845485895,TP,0.0009365057777208121,0.0018730115554415573,0.0015730115554415574,1.6796602785193901
short,2025-11-10 06:15:00,1.15562,2025-11-10 07:15:00,1.1567913617918422,SL,0.0010136219447934188,-0.0010136219447933349,-0.0013136219447933348,-1.2959683356708083
long,2025-11-10 08:45:00,1.15695,2025-11-10 10:30:00,1.1557321653631716,SL,0.0010526251236685873,-0.0010526251236685606,-0.0013526251236685605,-1.285001747777423
short,2025-11-10 10:45:00,1.15517,2025-11-10 13:00:00,1.1564367431698983,SL,0.0010965859309871114,-0.0010965859309870207,-0.0013965859309870206,-1.2735763714658084
long,2025-11-10 14:15:00,1.15619,2025-11-10 17:45:00,1.15566,TECH,0.0009720579315548553,-0.000458402165734128,-0.000758402165734128,-0.7802026413395194
long,2025-11-10 23:00:00,1.15563,2025-11-11 02:00:00,1.1549837224602535,SL,0.0005592426120352983,-0.000559242612035377,-0.0008592426120353769,-1.5364398090271834
short,2025-11-11 03:00:00,1.156,2025-11-11 03:15:00,1.156790140806263,SL,0.0006835128081861412,-0.0006835128081861264,-0.0009835128081861263,-1.438909112465799
long,2025-11-11 04:30:00,1.15636,2025-11-11 08:15:00,1.1584316396853507,TP,0.0008957589701090867,0.0017915179402181185,0.0014915179402181186,1.6650884780271635
short,2025-11-11 13:00:00,1.15946,2025-11-11 23:45:00,1.1570053888158875,TP,0.0010585148190159544,0.0021170296380318317,0.0018170296380318317,1.7165840339590415
long,2025-11-12 02:00:00,1.15819,2025-11-12 04:00:00,1.157480808737213,SL,0.0006123272198750777,-0.0006123272198749879,-0.0009123272198749879,-1.4899341238841446
short,2025-11-12 05:00:00,1.15699,2025-11-12 07:00:00,1.1579429980141838,SL,0.0008236873388566064,-0.0008236873388566915,-0.0011236873388566916,-1.3642158691142774
long,2025-11-12 08:30:00,1.15702,2025-11-12 09:30:00,1.15645,TECH,0.0008983398513831862,-0.0004926448981002571,-0.000792644898100257,-0.8823441338818608
long,2025-11-12 11:00:00,1.15938,2025-11-12 15:15:00,1.15876,TECH,0.0011232299449301035,-0.0005347685832083225,-0.0008347685832083224,-0.7431858338323312
long,2025-11-12 18:00:00,1.15894,2025-11-12 19:30:00,1.1581744506569647,SL,0.0006605599453254543,-0.000660559945325392,-0.0009605599453253919,-1.4541601441669751
short,2025-11-12 20:00:00,1.15804,2025-11-12 20:45:00,1.15880781492968,SL,0.0006630297137233431,-0.0006630297137233118,-0.0009630297137233118,-1.452468409470329
long,2025-11-12 22:45:00,1.15878,2025-11-13 00:45:00,1.1580611139662045,SL,0.0006203818100031661,-0.0006203818100031417,-0.0009203818100031417,-1.4835731724604313
short,2025-11-13 01:15:00,1.15822,2025-11-13 02:15:00,1.1588988509082652,SL,0.000586115684641219,-0.0005861156846412067,-0.0008861156846412066,-1.5118443472189753
long,2025-11-13 03:00:00,1.16113,2025-11-13 04:00:00,1.1629615271595135,TP,0.0007886830757596037,0.001577366151519221,0.001277366151519221,1.6196190723237627
short,2025-11-13 07:30:00,1.1614,2025-11-13 09:15:00,1.16186,TECH,0.0011940283060907586,-0.00039607370415008176,-0.0006960737041500817,-0.5829624813745184
short,2025-11-13 15:15:00,1.16335,2025-11-13 21:15:00,1.16327,TECH,0.0010375159131900174,6.876692311005286e-05,-0.00023123307688994711,-0.22287183642223093
short,2025-11-14 03:00:00,1.16327,2025-11-14 06:00:00,1.1610368143212737,TP,0.0009598741817145936,0.0019197483634292329,0.001619748363429233,1.6874590381584456
long,2025-11-14 08:15:00,1.16467,2025-11-14 09:00:00,1.1631855319125284,SL,0.0012745825748682114,-0.0012745825748681713,-0.0015745825748681712,-1.235371176348444
short,2025-11-14 11:00:00,1.1613,2025-11-14 15:15:00,1.16201,TECH,0.0014288593615166371,-0.0006113837940239287,-0.0009113837940239286,-0.6378400971923204
short,2025-11-16 19:15:00,1.16064,2025-11-17 02:00:00,1.16073,TECH,0.0008770763394272294,-7.754342431774325e-05,-0.0003775434243177432,-0.43045674286949315
short,2025-11-17 05:00:00,1.16014,2025-11-17 09:30:00,1.1583122752218955,TP,0.0007877173350218192,0.0015754346700436541,0.0012754346700436542,1.6191527256516778
long,2025-11-17 12:30:00,1.15982,2025-11-17 14:30:00,1.1587511118437317,SL,0.0009215983137627652,-0.0009215983137628055,-0.0012215983137628054,-1.3255214289348898
short,2025-11-17 14:45:00,1.15864,2025-11-17 18:15:00,1.15927,TECH,0.0008477324285964806,-0.0005437409376511518,-0.0008437409376511518,-0.9952915674678894
short,2025-11-17 20:15:00,1.1586,2025-11-17 20:30:00,1.1592748800565937,SL,0.0005824961648485712,-0.0005824961648486647,-0.0008824961648486646,-1.51502485012598
long,2025-11-17 22:00:00,1.1593,2025-11-18 04:00:00,1.15917,TECH,0.0005792437379601135,-0.00011213663417576424,-0.0004121366341757642,-0.711508139263033
long,2025-11-18 08:45:00,1.15997,2025-11-18 10:45:00,1.1586923588411977,SL,0.0011014432776729813,-0.0011014432776729097,-0.0014014432776729097,-1.2723699041803933
short,2025-11-18 11:45:00,1.15771,2025-11-18 15:15:00,1.15865,TECH,0.0012947870323080347,-0.0008119477243868853,-0.0011119477243868852,-0.8587881224024714
short,2025-11-18 17:30:00,1.15798,2025-11-18 20:15:00,1.15844,TECH,0.0007205819129403946,-0.0003972434757076158,-0.0006972434757076158,-0.9676116804853673
short,2025-11-18 22:00:00,1.15787,2025-11-18 23:45:00,1.15801,TECH,0.0006698745668660165,-0.00012091167402215188,-0.00042091167402215184,-0.6283440137030006
short,2025-11-19 04:00:00,1.15734,2025-11-19 06:30:00,1.1584943715451552,SL,0.0009974351056346192,-0.000997435105634633,-0.001297435105634633,-1.300771446989665
long,2025-11-19 07:30:00,1.15831,2025-11-19 09:00:00,1.156986332908394,SL,0.0011427571993732095,-0.001142757199373154,-0.0014427571993731539,-1.2625229577765875
short,2025-11-19 09:30:00,1.15593,2025-11-19 12:15:00,1.1530109861670639,TP,0.0012626256922720217,0.0025252513845440677,0.0022252513845440677,1.7623998926711661
long,2025-11-19 17:15:00,1.15379,2025-11-19 20:30:00,1.1526963467118645,SL,0.0009478789798278722,-0.0009478789798278704,-0.0012478789798278703,-1.3164960995911903
short,2025-11-19 20:45:00,1.15262,2025-11-20 01:45:00,1.15182,TECH,0.0007785887151867584,0.0006940708993422914,0.0003940708993422914,0.5061348715383917
short,2025-11-20 04:15:00,1.15184,2025-11-20 04:45:00,1.15238,TECH,0.0008659232331042363,-0.000468815113210155,-0.000768815113210155,-0.8878559713128844
short,2025-11-20 07:30:00,1.1513,2025-11-20 08:30:00,1.1522767249402623,SL,0.0008483670114326315,-0.0008483670114326,-0.0011483670114326,-1.3536205391736775
long,2025-11-20 09:45:00,1.15422,2025-11-20 10:15:00,1.1524771011928063,SL,0.0015100230520989286,-0.0015100230520989875,-0.0018100230520989875,-1.1986724636971995
short,2025-11-20 13:45:00,1.15323,2025-11-20 15:00:00,1.1538,TECH,0.001250617720926848,-0.0004942639369422921,-0.0007942639369422921,-0.6350972992399735
short,2025-11-20 16:30:00,1.1526,2025-11-20 20:00:00,1.1535,TECH,0.0008910458016656493,-0.0007808433107755516,-0.0010808433107755515,-1.2130053345800071
short,2025-11-21 05:00:00,1.1525,2025-11-21 07:15:00,1.1497893069407423,TP,0.001176005665621586,0.002352011331243168,0.002052011331243168,1.7448991881842366
long,2025-11-21 09:45:00,1.15108,2025-11-21 10:30:00,1.15108,TECH,0.0014578509073780712,0.0,-0.0003,-0.20578235982961157
long,2025-11-21 14:30:00,1.15101,2025-11-23 18:45:00,1.15071,TECH,0.001219001179278741,-0.00026064065472948886,-0.0005606406547294888,-0.45991805771772
long,2025-11-23 21:45:00,1.1517,2025-11-24 03:15:00,1.1533076256331305,TP,0.0006979359351959936,0.0013958718703920721,0.0010958718703920722,1.570161120997919
short,2025-11-24 10:00:00,1.15268,2025-11-24 15:00:00,1.15276,TECH,0.001094644189110254,-6.940347711427284e-05,-0.0003694034771142728,-0.3374644298020989
short,2025-11-24 17:30:00,1.15214,2025-11-24 20:30:00,1.15265,TECH,0.0007251016595370735,-0.00044265453851095394,-0.0007426545385109539,-1.024207473177053
short,2025-11-24 23:15:00,1.15154,2025-11-25 02:00:00,1.1522713833460656,SL,0.0006351349897229624,-0.0006351349897229753,-0.0009351349897229752,-1.4723405336728006
long,2025-11-25 02:45:00,1.15283,2025-11-25 02:45:00,1.1520673830856816,SL,0.0006615172352545364,-0.0006615172352545024,-0.0009615172352545024,-1.4535029232980348
short,2025-11-25 16:30:00,1.15711,2025-11-25 20:45:00,1.15785,TECH,0.0013432425563447454,-0.0006395243321723629,-0.0009395243321723629,-0.6994450315280456
short,2025-11-26 03:15:00,1.15773,2025-11-26 08:30:00,1.15801,TECH,0.000981263775400559,-0.00024185259084592953,-0.0005418525908459295,-0.5521987098981018
short,2025-11-26 08:45:00,1.15607,2025-11-26 09:45:00,1.1577893092747409,SL,0.0014872017046899783,-0.001487201704689988,-0.001787201704689988,-1.2017211243464434
long,2025-11-26 11:00:00,1.15894,2025-11-26 23:45:00,1.1601,TECH,0.0016053039859011515,0.001000914628884867,0.0007009146288848671,0.4366242375529906
long,2025-11-27 08:15:00,1.15885,2025-11-27 13:45:00,1.15939,TECH,0.0007940114377703849,0.00046597920352071877,0.0001659792035207188,0.20903880677940218
long,2025-11-27 16:30:00,1.15961,2025-11-27 20:15:00,1.1591201271564584,SL,0.0004224462047943699,-0.00042244620479439443,-0.0007224462047943944,-1.7101495920552834
short,2025-11-27 20:45:00,1.15867,2025-11-28 01:00:00,1.1589,TECH,0.0005951938683249951,-0.00019850345654927844,-0.0004985034565492784,-0.8375480378387894
short,2025-11-28 02:15:00,1.15846,2025-11-28 05:15:00,1.1563148303145705,TP,0.0009258712797289186,0.0018517425594578567,0.0015517425594578568,1.6759808770741695
long,2025-11-28 09:00:00,1.15744,2025-11-28 10:45:00,1.1601737515696093,TP,0.0011809474225918228,0.002361894845183604,0.002061894845183604,1.7459666753481435
short,2025-11-30 17:15:00,1.1593,2025-11-30 18:00:00,1.1601966120525171,SL,0.0007734081363901976,-0.000773408136390167,-0.001073408136390167,-1.3878935142836593
long,2025-11-30 19:45:00,1.16039,2025-11-30 21:45:00,1.1594227285040428,SL,0.0008335744844037207,-0.0008335744844037017,-0.0011335744844037017,-1.3598958528757983
short,2025-11-30 22:30:00,1.15964,2025-12-01 02:15:00,1.1607292500434265,SL,0.0009393001650740152,-0.0009393001650740973,-0.0012393001650740972,-1.3193867212579937
long,2025-12-01 02:30:00,1.16085,2025-12-01 06:15:00,1.1629171257574504,TP,0.0008903500699704783,0.0017807001399409866,0.0014807001399409867,1.6630538817052969
short,2025-12-01 11:00:00,1.16289,2025-12-01 21:45:00,1.16097,TECH,0.0012149183345872602,0.0016510589995613703,0.0013510589995613703,1.112057461887231
short,2025-12-02 01:30:00,1.16061,2025-12-02 02:00:00,1.1611578579191637,SL,0.0004720430800731926,-0.00047204308007322497,-0.000772043080073225,-1.6355352141874762
long,2025-12-02 03:15:00,1.16115,2025-12-02 04:45:00,1.1604470597648073,SL,0.0006053827973927479,-0.0006053827973927339,-0.0009053827973927338,-1.4955542200604655
short,2025-12-02 05:30:00,1.16023,2025-12-02 07:15:00,1.1612802893472776,SL,0.0009052423633912635,-0.0009052423633912815,-0.0012052423633912815,-1.3314029613861014
long,2025-12-02 08:00:00,1.16177,2025-12-02 10:00:00,1.1608347363313882,SL,0.0008050334133362965,-0.000805033413336324,-0.001105033413336324,-1.372655339555086
short,2025-12-02 11:15:00,1.16056,2025-12-02 14:30:00,1.16149,TECH,0.0012447990208426809,-0.0008013372854482968,-0.0011013372854482967,-0.8847510859244844
short,2025-12-03 04:30:00,1.16421,2025-12-03 05:00:00,1.1651143490135212,SL,0.0007767919993139217,-0.0007767919993138787,-0.0010767919993138787,-1.3862037717496098
long,2025-12-03 05:15:00,1.16547,2025-12-03 08:15:00,1.167429792115675,TP,0.0008407732999026674,0.0016815465998053114,0.0013815465998053115,1.6431856244308032
short,2025-12-03 10:45:00,1.16564,2025-12-03 13:00:00,1.167119804536505,SL,0.0012695210669717543,-0.0012695210669717756,-0.0015695210669717755,-1.2363095877688937
long,2025-12-03 13:15:00,1.16731,2025-12-03 17:00:00,1.16705,TECH,0.0010630523852078366,-0.0002227343207889498,-0.0005227343207889498,-0.4917295968314397
long,2025-12-04 03:00:00,1.16652,2025-12-04 03:30:00,1.1679418252088651,TP,0.0006094302750338978,0.0012188605500678385,0.0009188605500678386,1.5077369597641497
short,2025-12-04 08:30:00,1.16674,2025-12-04 15:30:00,1.164519294765934,TP,0.0009516709952801189,0.0019033419905601459,0.001603341990560146,1.6847650065117425
long,2025-12-04 20:15:00,1.16521,2025-12-05 02:00:00,1.1664320350438186,TP,0.0005243840354179217,0.0010487680708357893,0.0007487680708357894,1.4279002034053896
short,2025-12-05 04:45:00,1.1649,2025-12-05 09:00:00,1.1657601062497844,SL,0.00073835200427883,-0.000738352004278811,-0.001038352004278811,-1.4063102670019836
long,2025-12-05 09:15:00,1.16527,2025-12-05 11:00:00,1.1641792913289044,SL,0.00093601368875501,-0.000936013688755069,-0.001236013688755069,-1.3205081331653263
short,2025-12-05 11:30:00,1.16339,2025-12-05 15:00:00,1.16429,TECH,0.0012691036665173655,-0.0007736012858973542,-0.0010736012858973542,-0.845952394766534
short,2025-12-07 17:15:00,1.16399,2025-12-07 19:30:00,1.16467,TECH,0.0008199455219561637,-0.0005841974587410664,-0.0008841974587410664,-1.0783612265258982
short,2025-12-08 04:15:00,1.16524,2025-12-08 09:45:00,1.16492,TECH,0.0008530402210098732,0.0002746215371941385,-2.537846280586145e-05,-0.02975060516585855
short,2025-12-08 10:00:00,1.16399,2025-12-08 10:30:00,1.1617350979455796,TP,0.0009686088602223385,0.0019372177204447383,0.0016372177204447384,1.690277456339729
long,2025-12-08 14:15:00,1.16379,2025-12-08 17:45:00,1.16356,TECH,0.0010502053645045214,-0.0001976301566435306,-0.0004976301566435306,-0.4738408062486984
long,2025-12-08 19:30:00,1.1641,2025-12-09 02:15:00,1.16408,TECH,0.0005967391205821388,-1.718065458286142e-05,-0.0003171806545828614,-0.5315231457817633
long,2025-12-09 04:45:00,1.16541,2025-12-09 05:15:00,1.1644294538713251,SL,0.0008413743907079232,-0.0008413743907079316,-0.0011413743907079316,-1.3565594618913843
short,2025-12-09 07:15:00,1.16356,2025-12-09 16:45:00,1.16284,TECH,0.0009593649629447808,0.0006187906081335143,0.0003187906081335143,0.3322933611781935
short,2025-12-09 19:00:00,1.1628,2025-12-10 00:15:00,1.16273,TECH,0.0006136491171191841,6.019951840386523e-05,-0.00023980048159613474,-0.3907778482952828
short,2025-12-10 06:00:00,1.16342,2025-12-10 09:15:00,1.16393,TECH,0.0009248069929854442,-0.00043836275807533864,-0.0007383627580753386,-0.7983965991560792
short,2025-12-10 22:45:00,1.16934,2025-12-11 03:15:00,1.17,TECH,0.0009260044732050078,-0.0005644209554106443,-0.0008644209554106443,-0.9334954424342943
short,2025-12-11 15:00:00,1.17409,2025-12-11 20:00:00,1.17405,TECH,0.0011328088387715697,3.406893849708285e-05,-0.00026593106150291714,-0.23475369577032582
short,2025-12-11 21:30:00,1.17333,2025-12-12 01:30:00,1.17382,TECH,0.0007451449719469482,-0.0004176148227694693,-0.0007176148227694693,-0.9630539690745724
short,2025-12-12 04:30:00,1.17299,2025-12-12 09:30:00,1.17321,TECH,0.0007814587166414834,-0.00018755488111587396,-0.0004875548811158739,-0.6239035674350968
short,2025-12-14 17:00:00,1.17358,2025-12-14 21:45:00,1.17419,TECH,0.0008660535400146132,-0.0005197770923158195,-0.0008197770923158195,-0.946566296931235
short,2025-12-15 00:15:00,1.1734,2025-12-15 04:00:00,1.1741846048217446,SL,0.0006686592992539136,-0.0006686592992539486,-0.0009686592992539486,-1.4486589812401822
long,2025-12-15 04:30:00,1.17423,2025-12-15 09:45:00,1.1763095584563938,TP,0.0008854987763869614,0.0017709975527739348,0.0014709975527739348,1.6612078887064565
short,2025-12-15 13:00:00,1.17456,2025-12-15 16:30:00,1.17505,TECH,0.0009591935276011934,-0.00041717749625381367,-0.0007171774962538137,-0.7476880062435082
short,2025-12-15 21:30:00,1.17548,2025-12-15 22:15:00,1.17541,TECH,0.0006597063395133323,5.955014121891864e-05,-0.00024044985878108132,-0.3644801396913391
short,2025-12-16 00:00:00,1.17509,2025-12-16 03:00:00,1.1757577309676346,SL,0.0005682381499583441,-0.0005682381499584003,-0.0008682381499584002,-1.5279476571962798
long,2025-12-16 03:30:00,1.1757,2025-12-16 03:30:00,1.17479934944475,SL,0.0007660547378157853,-0.0007660547378157825,-0.0010660547378157825,-1.3916169239490284
short,2025-12-16 12:15:00,1.17756,2025-12-16 14:15:00,1.1737555202364065,TP,0.0016154080316898459,0.003230816063379733,0.002930816063379733,1.814288406325345
long,2025-12-16 20:45:00,1.1747,2025-12-16 21:15:00,1.17404,TECH,0.0007426094826143705,-0.0005618455775943687,-0.0008618455775943686,-1.1605636579810765
long,2025-12-17 06:00:00,1.17252,2025-12-17 06:30:00,1.171286771377876,SL,0.0010517761932623754,-0.0010517761932623227,-0.0013517761932623227,-1.2852317840256624
short,2025-12-17 08:30:00,1.17241,2025-12-17 08:45:00,1.17241,TECH,0.0012125129757556289,0.0,-0.0003,-0.24742003260875806
short,2025-12-17 14:45:00,1.17418,2025-12-17 19:30:00,1.17432,TECH,0.00096059265689041,-0.000119232144986313,-0.00041923214498631295,-0.4364307201175507
short,2025-12-17 21:30:00,1.17417,2025-12-18 00:30:00,1.1743,TECH,0.000668534219987488,-0.00011071650612770168,-0.00041071650612770164,-0.6143537516080904
short,2025-12-18 03:30:00,1.17328,2025-12-18 07:15:00,1.1714421611998687,TP,0.0007832055434898541,0.001566411086979614,0.001266411086979614,1.616958788795932
long,2025-12-18 09:00:00,1.17467,2025-12-18 10:15:00,1.1728697393869558,SL,0.0015325671150572908,-0.001532567115057233,-0.0018325671150572328,-1.1957499916659293
short,2025-12-18 12:30:00,1.17194,2025-12-18 16:30:00,1.17236,TECH,0.0017198005251983519,-0.0003583801218493156,-0.0006583801218493157,-0.38282353808060493
short,2025-12-18 18:45:00,1.17242,2025-12-18 20:00:00,1.17266,TECH,0.0007838277623849937,-0.0002047047986216697,-0.0005047047986216697,-0.6438975790880104
short,2025-12-18 22:30:00,1.17225,2025-12-19 02:45:00,1.1705751046272594,TP,0.0007143934198083219,0.0014287868396166093,0.0011287868396166094,1.5800633212991702
long,2025-12-19 06:15:00,1.17102,2025-12-19 07:45:00,1.17124,TECH,0.0009441064668338327,0.00018787040357987823,-0.00011212959642012174,-0.11876795717347532
long,2025-12-19 09:15:00,1.17336,2025-12-19 10:15:00,1.1720637630136042,SL,0.001104722324261842,-0.001104722324261782,-0.0014047223242617819,-1.271561453418075
short,2025-12-19 12:15:00,1.17146,2025-12-19 14:30:00,1.17206,TECH,0.0011984842101179908,-0.0005121813804996807,-0.0008121813804996807,-0.6776738263574799
short,2025-12-19 16:15:00,1.17114,2025-12-21 20:30:00,1.17169,TECH,0.0009331225187276862,-0.0004696278839419953,-0.0007696278839419953,-0.8247876013016854
short,2025-12-22 02:30:00,1.17201,2025-12-22 02:45:00,1.1727048723257787,SL,0.0005928894171370169,-0.0005928894171369655,-0.0008928894171369654,-1.5059965506697828
long,2025-12-22 03:00:00,1.17288,2025-12-22 08:00:00,1.1744583002352713,TP,0.0006728310804479112,0.0013456621608957358,0.001045662160895736,1.5541228568092111
short,2025-12-22 13:15:00,1.17535,2025-12-22 16:30:00,1.17594,TECH,0.0010387682077169003,-0.0005019781341728766,-0.0008019781341728767,-0.7720472461662429
short,2025-12-23 01:45:00,1.17723,2025-12-23 02:45:00,1.177920583347217,SL,0.0005866171837424849,-0.0005866171837423913,-0.0008866171837423912,-1.5114067714245503
long,2025-12-23 03:45:00,1.17823,2025-12-23 07:30:00,1.1800879546007639,TP,0.0007884515759927224,0.0015769031519854077,0.0012769031519854078,1.619507387473589
short,2025-12-23 09:00:00,1.17748,2025-12-23 14:00:00,1.17828,TECH,0.0010564631229386466,-0.0006794170601623058,-0.0009794170601623057,-0.9270716969637044
short,2025-12-23 23:15:00,1.17868,2025-12-24 00:30:00,1.1794718679116332,SL,0.0006718260355933304,-0.0006718260355933884,-0.0009718260355933883,-1.446544170821111
long,2025-12-24 01:45:00,1.18022,2025-12-24 02:15:00,1.17944568041603,SL,0.0006560807171290262,-0.0006560807171290155,-0.0009560807171290155,-1.457260809786901
short,2025-12-24 03:45:00,1.17901,2025-12-24 04:00:00,1.1800189222304385,SL,0.0008557367880157966,-0.0008557367880158611,-0.001155736788015861,-1.3505750882764742
long,2025-12-24 05:30:00,1.17986,2025-12-24 07:30:00,1.1788385277187223,SL,0.0008657571926140686,-0.0008657571926140222,-0.001165757192614022,-1.3465174792185475
short,2025-12-24 07:45:00,1.17878,2025-12-24 15:15:00,1.17798,TECH,0.0008170412615044373,0.0006786677751572914,0.00037866777515729145,0.4634622423597574
short,2025-12-24 17:15:00,1.17717,2025-12-24 19:45:00,1.1777932621707812,SL,0.0005294580823339344,-0.0005294580823340084,-0.0008294580823340085,-1.5666170939871706
long,2025-12-24 21:15:00,1.17744,2025-12-25 01:00:00,1.17752,TECH,0.0005695395532262127,6.794401413223431e-05,-0.00023205598586776568,-0.40744489922299826
long,2025-12-25 02:00:00,1.17759,2025-12-25 02:30:00,1.17715202955588,SL,0.0003719209946756029,-0.0003719209946755431,-0.000671920994675543,-1.8066229234023379
short,2025-12-25 02:45:00,1.17701,2025-12-25 02:45:00,1.1775992933913015,SL,0.0005006698254914238,-0.0005006698254914134,-0.0008006698254914135,-1.5991972847685194
long,2025-12-25 17:15:00,1.1782,2025-12-26 00:00:00,1.17831,TECH,0.0006942039877934793,9.336275674762732e-05,-0.00020663724325237264,-0.2976606975554363
long,2025-12-26 06:45:00,1.17791,2025-12-26 11:15:00,1.1769032648647972,SL,0.0008546791649639906,-0.0008546791649640247,-0.0011546791649640247,-1.3510089075503247
short,2025-12-26 11:30:00,1.17639,2025-12-26 15:00:00,1.177735014707123,SL,0.0011433408199007541,-0.001143340819900717,-0.001443340819900717,-1.26238895242628
long,2025-12-26 15:15:00,1.17764,2025-12-26 16:30:00,1.176692270712398,SL,0.0008047699531284315,-0.0008047699531283899,-0.0011047699531283898,-1.3727773369690928
short,2025-12-28 17:45:00,1.1768,2025-12-28 18:15:00,1.1777382712909024,SL,0.0007973073512086052,-0.0007973073512086104,-0.0010973073512086104,-1.3762664417244461
long,2025-12-28 19:45:00,1.17807,2025-12-28 23:00:00,1.17734,TECH,0.0008581411284019418,-0.0006196575755259853,-0.0009196575755259853,-1.0716856995755482
long,2025-12-29 03:15:00,1.17739,2025-12-29 06:00:00,1.1763535116104553,SL,0.000880327155440874,-0.0008803271554409507,-0.0011803271554409506,-1.340782399072802
short,2025-12-29 06:30:00,1.17629,2025-12-29 09:15:00,1.1776639826943287,SL,0.0011680645880936303,-0.0011680645880936215,-0.0014680645880936214,-1.2568351125939137
long,2025-12-29 10:00:00,1.17827,2025-12-29 10:45:00,1.1768833883429406,SL,0.0011768199623679418,-0.0011768199623679917,-0.0014768199623679916,-1.2549242956385647
short,2025-12-29 12:15:00,1.17543,2025-12-29 15:30:00,1.17676,TECH,0.0013195028155249297,-0.0011315008124686738,-0.0014315008124686738,-1.0848789374497763
short,2025-12-30 03:00:00,1.17703,2025-12-30 06:15:00,1.17743,TECH,0.0006618087825558281,-0.0003398384068375113,-0.0006398384068375113,-0.9668025322458402
short,2025-12-30 07:30:00,1.17643,2025-12-30 13:00:00,1.17559,TECH,0.0008259142389715521,0.0007140246338500156,0.00041402463385001564,0.5012925244702996
short,2025-12-30 14:00:00,1.17496,2025-12-30 20:15:00,1.17475,TECH,0.0008997726952076228,0.00017872948866348086,-0.00012127051133651912,-0.1347790525122969
short,2025-12-30 20:30:00,1.17467,2025-12-30 23:45:00,1.1733886537217058,TP,0.000545406913556325,0.001090813827112592,0.000790813827112592,1.449951966974697
long,2025-12-31 06:15:00,1.1741,2025-12-31 09:45:00,1.1730364916641483,SL,0.0009058072871575389,-0.0009058072871575425,-0.0012058072871575425,-1.331196275690623
short,2025-12-31 10:15:00,1.17211,2025-12-31 10:30:00,1.1734269461727278,SL,0.0011235687544067989,-0.001123568754406854,-0.0014235687544068539,-1.2670063570417134
long,2025-12-31 14:15:00,1.17408,2026-01-02 00:45:00,1.17562,TECH,0.0011603096441398068,0.0013116653038976022,0.0010116653038976023,0.8718925236957746
long,2026-01-02 09:00:00,1.17214,2026-01-02 10:45:00,1.174338008785343,TP,0.0009376050579892705,0.0018752101159785026,0.0015752101159785027,1.6800358557755655
short,2026-01-02 13:45:00,1.17171,2026-01-04 21:15:00,1.1692020988894263,TP,0.001070188489717515,0.002140376979434972,0.0018403769794349723,1.7196755497910046
long,2026-01-05 02:00:00,1.1691,2026-01-05 03:45:00,1.1681569869192348,SL,0.0008066145588617984,-0.0008066145588617534,-0.0011066145588617534,-1.3719248514721585
short,2026-01-05 04:45:00,1.16756,2026-01-05 05:15:00,1.1688288525362172,SL,0.0010867557437881635,-0.0010867557437880917,-0.0013867557437880916,-1.2760509909560744
long,2026-01-05 10:45:00,1.16966,2026-01-05 14:00:00,1.1726921664320376,TP,0.0012961742865609143,0.0025923485731217883,0.0022923485731217884,1.7685496440482416
short,2026-01-05 18:00:00,1.17185,2026-01-05 21:00:00,1.1726830367749046,SL,0.0007108732132136916,-0.0007108732132137548,-0.0010108732132137548,-1.4220161829474955
long,2026-01-05 21:45:00,1.17277,2026-01-06 02:45:00,1.17358,TECH,0.0007341352159390166,0.0006906725103813854,0.00039067251038138543,0.5321533443695173
long,2026-01-06 03:15:00,1.17337,2026-01-06 03:45:00,1.17268,TECH,0.0008535960744180872,-0.0005880498052618351,-0.000888049805261835,-1.0403630380648548
long,2026-01-06 19:45:00,1.16906,2026-01-07 00:45:00,1.16914,TECH,0.0006782244647435561,6.84310471661677e-05,-0.00023156895283383226,-0.34143408985016627
long,2026-01-07 06:30:00,1.16896,2026-01-07 08:45:00,1.16914,TECH,0.0008847840544434713,0.0001539830276485671,-0.00014601697235143288,-0.1650311978590951
long,2026-01-07 09:30:00,1.16895,2026-01-07 12:15:00,1.16879,TECH,0.0009474961691870477,-0.00013687497326655374,-0.0004368749732665537,-0.46108363017593273
long,2026-01-07 22:15:00,1.16804,2026-01-08 03:00:00,1.16779,TECH,0.0004911646035234647,-0.00021403376596680032,-0.0005140337659668003,-1.0465610963804786
long,2026-01-08 06:30:00,1.1676,2026-01-08 08:15:00,1.16739,TECH,0.0007188418440735302,-0.00017985611510795092,-0.0004798561151079509,-0.6675405989010103
long,2026-01-08 16:30:00,1.1654,2026-01-08 20:30:00,1.16518,TECH,0.0007209703389942685,-0.0001887763857901896,-0.0004887763857901895,-0.677942433071543
long,2026-01-08 23:30:00,1.16545,2026-01-09 01:30:00,1.16508,TECH,0.0006028967144753861,-0.00031747393710601353,-0.0006174739371060136,-1.0241786400234607
long,2026-01-09 08:45:00,1.16562,2026-01-09 08:45:00,1.1643213223151954,SL,0.0011141518546394437,-0.0011141518546393667,-0.0014141518546393666,-1.2692631159304648
short,2026-01-09 09:30:00,1.1638,2026-01-09 14:30:00,1.16376,TECH,0.0013534677523903134,3.437016669534285e-05,-0.00026562983330465713,-0.1962587086656016
short,2026-01-11 17:30:00,1.16344,2026-01-11 19:00:00,1.1644342498268079,SL,0.0008545776548921671,-0.0008545776548922566,-0.0011545776548922565,-1.351050601759467
long,2026-01-11 19:45:00,1.16589,2026-01-12 00:15:00,1.16605,TECH,0.0011941057793897936,0.00013723421592083126,-0.00016276578407916872,-0.13630767632859506
long,2026-01-12 01:00:00,1.1669,2026-01-12 03:00:00,1.1688979711004712,TP,0.0008561021083516825,0.00171220421670338,0.00141220421670338,1.6495745109451985
short,2026-01-12 07:15:00,1.1684,2026-01-12 08:15:00,1.16923,TECH,0.0011183701148416607,-0.0007103731598766572,-0.0010103731598766572,-0.9034336186815097
short,2026-01-12 08:30:00,1.16891,2026-01-12 09:00:00,1.16927,TECH,0.0012238279294296195,-0.00030797922851215066,-0.0006079792285121506,-0.49678489425838407
short,2026-01-12 10:30:00,1.16763,2026-01-13 00:15:00,1.16643,TECH,0.0011685156262324203,0.001027722823154482,0.0007277228231544822,0.6227754313400483
short,2026-01-13 02:15:00,1.16572,2026-01-13 03:00:00,1.1665060055136707,SL,0.0006742661305206238,-0.0006742661305206949,-0.0009742661305206948,-1.444928176606514
long,2026-01-13 04:00:00,1.16688,2026-01-13 07:30:00,1.1659591112774634,SL,0.0007891888819213815,-0.0007891888819214348,-0.0010891888819214348,-1.380137134306384
short,2026-01-13 08:00:00,1.1655,2026-01-13 08:30:00,1.1664587568648075,SL,0.0008226142126190673,-0.0008226142126190549,-0.0011226142126190548,-1.3646910002257768
long,2026-01-13 14:45:00,1.16481,2026-01-13 16:45:00,1.16447,TECH,0.0010008355757718192,-0.000291893098445246,-0.0005918930984452459,-0.5913989398196531
long,2026-01-13 22:45:00,1.16475,2026-01-14 03:15:00,1.1641223231709124,SL,0.0005388940365637381,-0.0005388940365637242,-0.0008388940365637242,-1.5566957131552956
short,2026-01-14 08:15:00,1.16509,2026-01-14 09:15:00,1.1653,TECH,0.0009122769593540851,-0.00018024358633242368,-0.0004802435863324237,-0.52642301376596
short,2026-01-14 13:15:00,1.16439,2026-01-14 17:15:00,1.16455,TECH,0.0008863627842610987,-0.00013741100490380196,-0.00043741100490380194,-0.4934898132805093
short,2026-01-14 20:00:00,1.16376,2026-01-15 05:15:00,1.16362,TECH,0.0006487944502036719,0.00012029971815478016,-0.00017970028184521983,-0.27697567663966244
short,2026-01-15 08:00:00,1.16226,2026-01-15 08:30:00,1.1604297366581715,TP,0.0007873725938381312,0.0015747451876762205,0.0012747451876762206,1.6189859764642556
long,2026-01-15 13:15:00,1.16128,2026-01-15 16:30:00,1.16077,TECH,0.0011216498114250788,-0.00043917057040507925,-0.0007391705704050792,-0.6590029819253017
long,2026-01-15 20:15:00,1.16059,2026-01-15 21:00:00,1.1607,TECH,0.0005855945363735512,9.477937945360075e-05,-0.00020522062054639922,-0.3504483184171801
long,2026-01-15 22:00:00,1.16097,2026-01-16 01:45:00,1.16048,TECH,0.0006008012984066027,-0.00042206086289921484,-0.0007220608628992148,-1.2018297310844819
long,2026-01-16 03:15:00,1.16105,2026-01-16 10:15:00,1.1603156066866511,SL,0.0006325251396140012,-0.0006325251396139626,-0.0009325251396139626,-1.4742894490850378
short,2026-01-16 10:30:00,1.16023,2026-01-16 16:30:00,1.16012,TECH,0.0010640445301113004,9.48087879127884e-05,-0.00020519121208721158,-0.1928408128424365
short,2026-01-18 17:30:00,1.15784,2026-01-18 18:00:00,1.1589339351591712,SL,0.0009448068465169894,-0.0009448068465169817,-0.0012448068465169817,-1.317525218097155
long,2026-01-18 19:00:00,1.1624,2026-01-18 19:15:00,1.1606908032909726,SL,0.0014704032252473359,-0.0014704032252473088,-0.0017704032252473087,-1.2040256678228585
short,2026-01-18 23:15:00,1.16257,2026-01-19 00:00:00,1.16332,TECH,0.0011725862001597642,-0.0006451224442397502,-0.0009451224442397501,-0.8060153224649733
short,2026-01-19 03:30:00,1.16192,2026-01-19 07:15:00,1.16293,TECH,0.0011629912014895815,-0.0008692508950701902,-0.0011692508950701902,-1.0053824083729879
short,2026-01-19 16:00:00,1.1645,2026-01-19 17:45:00,1.16464,TECH,0.0005686320500952142,-0.00012022327179030222,-0.0004202232717903022,-0.7390073628806856
short,2026-01-19 18:30:00,1.164,2026-01-19 21:30:00,1.164591475488126,SL,0.000508140453716465,-0.000508140453716488,-0.0008081404537164879,-1.5903879484616246
long,2026-01-19 22:00:00,1.16443,2026-01-19 22:30:00,1.1657655303577543,TP,0.0005734695764255103,0.0011469391528509609,0.000846939152850961,1.4768684995113643
short,2026-01-20 09:45:00,1.172,2026-01-20 12:15:00,1.17391,TECH,0.0020178631145641277,-0.001629692832764572,-0.001929692832764572,-0.9563051224024177
short,2026-01-20 14:45:00,1.17165,2026-01-20 18:15:00,1.17221,TECH,0.0013537533825942328,-0.0004779584346860358,-0.0007779584346860358,-0.5746677679173837
short,2026-01-20 23:00:00,1.17188,2026-01-21 02:30:00,1.17233,TECH,0.0009567464716382288,-0.0003839983616070429,-0.0006839983616070428,-0.7149212271834546
short,2026-01-21 03:45:00,1.17092,2026-01-21 07:00:00,1.1721687463177095,SL,0.001066465956435565,-0.0010664659564355791,-0.001366465956435579,-1.281302931602899
long,2026-01-21 07:30:00,1.17245,2026-01-21 10:15:00,1.171181665518947,SL,0.0010817812964756363,-0.0010817812964756721,-0.001381781296475672,-1.2773203798008097
short,2026-01-21 11:00:00,1.17018,2026-01-21 21:15:00,1.16917,TECH,0.0016159235088975261,0.0008631150763130077,0.0005631150763130077,0.3484787944555596
short,2026-01-22 02:00:00,1.16885,2026-01-22 04:30:00,1.16929,TECH,0.0007746169458724666,-0.0003764383796038807,-0.0006764383796038807,-0.8732553337598296
short,2026-01-22 20:30:00,1.17512,2026-01-23 01:00:00,1.17507,TECH,0.0006433133275446395,4.2548846075195276e-05,-0.0002574511539248047,-0.40019558573025243
short,2026-01-23 02:30:00,1.17368,2026-01-23 02:30:00,1.1744351620811115,SL,0.0006434139468265769,-0.0006434139468266327,-0.0009434139468266327,-1.4662628180189519
long,2026-01-23 08:00:00,1.17424,2026-01-23 09:00:00,1.1732353332500576,SL,0.0008555889340699808,-0.0008555889340700142,-0.0011555889340700142,-1.3506356710026075
short,2026-01-26 00:15:00,1.1859,2026-01-26 05:30:00,1.18625,TECH,0.0015682561096629659,-0.0002951344970065541,-0.0005951344970065541,-0.37948807808850465
short,2026-01-26 08:00:00,1.1842,2026-01-26 09:15:00,1.1858328285897184,SL,0.0013788452877204487,-0.0013788452877203778,-0.0016788452877203777,-1.2175733584265271
long,2026-01-26 10:00:00,1.18789,2026-01-26 14:30:00,1.18728,TECH,0.0014510413782895836,-0.0005135155612051616,-0.0008135155612051617,-0.5606425656614245
long,2026-01-26 21:00:00,1.18784,2026-01-26 21:30:00,1.1898530093811561,TP,0.0008473402904247177,0.0016946805808493708,0.001394680580849371,1.6459509793288671
short,2026-01-27 00:15:00,1.18739,2026-01-27 03:30:00,1.1852597809340988,TP,0.0008970174356787738,0.0017940348713574835,0.0014940348713574836,1.6655583402645302
long,2026-01-27 05:45:00,1.18843,2026-01-27 07:15:00,1.1917140687458276,TP,0.0013816837112103936,0.00276336742242079,0.00246336742242079,1.7828736073488274
short,2026-01-27 20:15:00,1.20087,2026-01-28 02:15:00,1.20211,TECH,0.0021199955311748658,-0.0010325847094189277,-0.0013325847094189276,-0.6285790181267182
short,2026-01-28 04:15:00,1.19767,2026-01-28 10:00:00,1.192793779103768,TP,0.0020357113796922338,0.004071422759384534,0.0037714227593845344,1.852631368575791
long,2026-01-28 16:30:00,1.19419,2026-01-28 22:15:00,1.19785,TECH,0.0024082532481252664,0.0030648389284787148,0.002764838928478715,1.148068182044823
long,2026-01-28 22:30:00,1.19782,2026-01-29 03:00:00,1.19738,TECH,0.001426778774760505,-0.0003673339900819789,-0.0006673339900819788,-0.46772071598415504
long,2026-01-29 09:00:00,1.19563,2026-01-29 10:15:00,1.1935471157011686,SL,0.001742080993979194,-0.0017420809939792505,-0.0020420809939792504,-1.1722078370850073
short,2026-01-29 10:45:00,1.19133,2026-01-29 11:30:00,1.194333443339425,SL,0.0025210842834689213,-0.0025210842834689283,-0.002821084283468928,-1.118996418313797
long,2026-01-29 13:30:00,1.19519,2026-01-29 20:00:00,1.1932,TECH,0.002151211167830552,-0.0016650072373429632,-0.0019650072373429634,-0.9134422815983374
long,2026-01-30 00:45:00,1.19156,2026-01-30 05:15:00,1.19156,TECH,0.001776469720596357,0.0,-0.0003,-0.16887425466463377
long,2026-01-30 07:15:00,1.19518,2026-01-30 07:30:00,1.1930512927573353,SL,0.0017810766936063645,-0.001781076693606455,-0.002081076693606455,-1.1684374407216815
short,2026-01-30 09:30:00,1.19077,2026-01-30 13:15:00,1.1859326013528362,TP,0.002031206130135894,0.004062412260271863,0.003762412260271863,1.8523045024584215
long,2026-02-01 20:00:00,1.18666,2026-02-02 00:00:00,1.1863,TECH,0.0015830403822121458,-0.0003033724908568065,-0.0006033724908568064,-0.38114788329887817
long,2026-02-02 04:00:00,1.18507,2026-02-02 08:15:00,1.18377,TECH,0.0016317226494552504,-0.0010969816129005703,-0.0013969816129005702,-0.856139132080413
long,2026-02-02 17:30:00,1.17885,2026-02-03 02:00:00,1.1816614309480336,TP,0.0011924464300095586,0.002384892860019171,0.002084892860019171,1.7484163712096137
short,2026-02-03 04:45:00,1.18006,2026-02-03 09:15:00,1.17839,TECH,0.001189629935323164,0.0014151822788672273,0.0011151822788672274,0.9374194829455827
short,2026-02-03 15:30:00,1.1812,2026-02-03 16:15:00,1.1825,TECH,0.001167171716530204,-0.0011005756857433787,-0.0014005756857433786,-1.1999739763289017
short,2026-02-03 19:00:00,1.18155,2026-02-03 20:15:00,1.1826151551554855,SL,0.0009014897003812359,-0.0009014897003812298,-0.0012014897003812298,-1.332782504196249
long,2026-02-03 21:00:00,1.18259,2026-02-04 03:30:00,1.18299,TECH,0.0009904207501282205,0.0003382406413042187,3.82406413042187e-05,0.03861050094040138
long,2026-02-04 09:00:00,1.18225,2026-02-04 09:00:00,1.1808513961607667,SL,0.0011830017671671678,-0.00118300176716709,-0.00148300176716709,-1.253592182468422
short,2026-02-04 10:45:00,1.18031,2026-02-04 15:30:00,1.18023,TECH,0.0015593131788267825,6.777880387362642e-05,-0.00023222119612637356,-0.14892530844964405
short,2026-02-04 19:15:00,1.18011,2026-02-05 02:30:00,1.17998,TECH,0.0008263091450516143,0.00011015922244533432,-0.00018984077755466566,-0.22974546353690362
short,2026-02-05 05:30:00,1.17908,2026-02-05 08:15:00,1.17934,TECH,0.0011083006656970396,-0.0002205109068088247,-0.0005205109068088247,-0.4696477435402979
short,2026-02-05 11:30:00,1.17873,2026-02-05 13:45:00,1.17999,TECH,0.0017438445637409394,-0.0010689470871192205,-0.0013689470871192204,-0.7850166898949529
short,2026-02-05 15:15:00,1.17883,2026-02-05 20:45:00,1.17831,TECH,0.0011902663433245634,0.0004411153431793184,0.00014111534317931844,0.11855778664224476
short,2026-02-06 03:30:00,1.17872,2026-02-06 04:30:00,1.1796956916752597,SL,0.0008277552559213549,-0.0008277552559214082,-0.0011277552559214082,-1.362425968127657
long,2026-02-06 06:15:00,1.17898,2026-02-06 07:30:00,1.17918,TECH,0.0009265316605318351,0.00016963816180086007,-0.0001303618381991399,-0.14069874107087865
long,2026-02-06 08:45:00,1.18031,2026-02-06 09:30:00,1.1824052780899332,TP,0.0008875965169884645,0.0017751930339768886,0.0014751930339768887,1.662008588071173
short,2026-02-08 17:30:00,1.18139,2026-02-08 18:45:00,1.1822744870666637,SL,0.0007486833870812002,-0.0007486833870811291,-0.001048683387081129,-1.4007034284138478
long,2026-02-08 19:30:00,1.18303,2026-02-08 21:00:00,1.181923918999068,SL,0.0009349560035941054,-0.000934956003594172,-0.001234956003594172,-1.3208707135382023
short,2026-02-08 22:45:00,1.18226,2026-02-09 00:15:00,1.18327926006487,SL,0.0008621285206892417,-0.0008621285206891584,-0.0011621285206891584,-1.34797596042882
long,2026-02-09 00:45:00,1.18357,2026-02-09 01:30:00,1.1854112486548525,TP,0.0007778368220098771,0.00155567364401976,0.0012556736440197602,1.6143149931822274
short,2026-02-09 13:00:00,1.19085,2026-02-09 14:15:00,1.1916,TECH,0.0014414606062767344,-0.0006298022420960057,-0.0009298022420960058,-0.6450417292343961
short,2026-02-09 17:45:00,1.19111,2026-02-09 22:15:00,1.1915,TECH,0.0008553936760750985,-0.00032742567856882445,-0.0006274256785688244,-0.7334934733767428
short,2026-02-10 01:00:00,1.19072,2026-02-10 04:00:00,1.1916121329853588,SL,0.0007492382637049552,-0.0007492382637050188,-0.0010492382637050188,-1.4004066723936053
long,2026-02-10 04:15:00,1.19148,2026-02-10 06:15:00,1.1901952062885786,SL,0.0010783174802947695,-0.0010783174802947082,-0.001378317480294708,-1.2782111998387806
short,2026-02-10 07:00:00,1.19039,2026-02-10 09:15:00,1.1915632926989026,SL,0.0009856372272133227,-0.0009856372272133832,-0.0012856372272133832,-1.3043716204269657
long,2026-02-10 10:15:00,1.19044,2026-02-10 12:15:00,1.19009,TECH,0.0013760316979982833,-0.0002940089378715857,-0.0005940089378715857,-0.4316825976724896
long,2026-02-10 16:30:00,1.1896,2026-02-10 17:30:00,1.18923,TECH,0.0009695057582578808,-0.0003110289172831048,-0.0006110289172831047,-0.6302478475022898
long,2026-02-10 20:45:00,1.18953,2026-02-10 23:15:00,1.1914068035045016,TP,0.0007888844772732329,0.0015777689545464087,0.0012777689545464088,1.6197161832401592
short,2026-02-11 07:15:00,1.19067,2026-02-11 08:30:00,1.1884096514176148,TP,0.0009491918761642666,0.0018983837523286115,0.0015983837523286116,1.6839416691889135
long,2026-02-11 13:00:00,1.18856,2026-02-11 16:00:00,1.18706,TECH,0.0017452174018827262,-0.0012620313656862563,-0.0015620313656862562,-0.8950354059048171
long,2026-02-11 20:00:00,1.18766,2026-02-11 22:45:00,1.1865521421698597,SL,0.0009328072260918869,-0.0009328072260918313,-0.0012328072260918313,-1.3216098585093858
short,2026-02-11 23:15:00,1.18679,2026-02-12 03:00:00,1.1879053963566275,SL,0.0009398430696478939,-0.0009398430696479546,-0.0012398430696479545,-1.3192022260827583
long,2026-02-12 03:15:00,1.18783,2026-02-12 07:45:00,1.18722,TECH,0.0010411519057463015,-0.0005135415000463025,-0.0008135415000463024,-0.7813859779310042
long,2026-02-12 10:15:00,1.18852,2026-02-12 11:00:00,1.1871011899939405,SL,0.0011937619947997287,-0.0011937619947998172,-0.001493761994799817,-1.2513063753972313
short,2026-02-12 12:00:00,1.18704,2026-02-12 16:15:00,1.18706,TECH,0.001494797304890668,-1.6848631891013762e-05,-0.00031684863189101374,-0.21196762320506632
short,2026-02-12 20:30:00,1.18651,2026-02-12 23:30:00,1.18664,TECH,0.0008279895295247181,-0.0001095650268434008,-0.0004095650268434008,-0.49465000732376285
short,2026-02-12 23:45:00,1.18639,2026-02-13 02:00:00,1.1847880641975401,TP,0.0006751303544618281,0.0013502607089236512,0.0010502607089236512,1.5556413690817588
long,2026-02-13 04:45:00,1.18646,2026-02-13 05:15:00,1.1855161526041769,SL,0.0007955155637975677,-0.0007955155637975196,-0.0010955155637975196,-1.3771139291955976
short,2026-02-13 07:00:00,1.18587,2026-02-13 08:30:00,1.1868107031057529,SL,0.0007932598899988956,-0.0007932598899988141,-0.001093259889998814,-1.3781862713370472
long,2026-02-13 08:45:00,1.18645,2026-02-13 10:45:00,1.185128244577248,SL,0.001114042245987641,-0.0011140422459876402,-0.00141404224598764,-1.2692896082536238
short,2026-02-13 12:00:00,1.18687,2026-02-13 12:15:00,1.18822,TECH,0.0014897278731408864,-0.0011374455500602107,-0.0014374455500602106,-0.9649047829316332
short,2026-02-13 16:00:00,1.18741,2026-02-15 23:00:00,1.18671,TECH,0.0010570476405439026,0.000589518363497145,0.000289518363497145,0.27389339173792926
short,2026-02-16 01:00:00,1.18645,2026-02-16 02:30:00,1.1866,TECH,0.0005993152618801048,-0.0001264275780691091,-0.0004264275780691091,-0.7115246435262939
short,2026-02-16 03:45:00,1.18628,2026-02-16 06:00:00,1.1867,TECH,0.0007959071860437639,-0.00035404794820791634,-0.0006540479482079163,-0.8217640947043198
short,2026-02-16 06:30:00,1.1864,2026-02-16 11:45:00,1.1847143028802674,TP,0.0007104252864685621,0.001420850572937073,0.001120850572937073,1.5777177337094592
long,2026-02-16 15:45:00,1.1854,2026-02-16 17:00:00,1.1848212604355552,SL,0.00048822301707837965,-0.0004882230170784237,-0.0007882230170784237,-1.6144732827126869
short,2026-02-16 18:00:00,1.18497,2026-02-16 21:45:00,1.1840269445045768,TP,0.00039792378516893107,0.0007958475703378852,0.0004958475703378852,1.246086785506884
long,2026-02-17 02:15:00,1.18394,2026-02-17 02:30:00,1.1832722377079468,SL,0.0005640170042850655,-0.0005640170042850407,-0.0008640170042850408,-1.5318988571634435
short,2026-02-17 02:45:00,1.1832,2026-02-17 03:30:00,1.1839003664661072,SL,0.0005919256812940704,-0.0005919256812940844,-0.0008919256812940843,-1.506820382153639
long,2026-02-17 05:15:00,1.18413,2026-02-17 06:45:00,1.1832768616665985,SL,0.0007204769184138421,-0.0007204769184138508,-0.0010204769184138508,-1.4163908549082604
short,2026-02-17 07:30:00,1.18301,2026-02-17 10:15:00,1.1808688571517325,TP,0.0009049555152818982,0.0018099110305638884,0.0015099110305638885,1.6684919922207928
long,2026-02-17 12:30:00,1.18395,2026-02-17 20:15:00,1.18444,TECH,0.0012386866677440295,0.00041386882892003837,0.00011386882892003839,0.09192706427318148
long,2026-02-18 07:15:00,1.18369,2026-02-18 08:45:00,1.1827823663164312,SL,0.000766783265524491,-0.0007667832655245211,-0.0010667832655245212,-1.3912448451712438
short,2026-02-18 09:30:00,1.18177,2026-02-18 13:30:00,1.1792565947592544,TP,0.0010634071099899463,0.0021268142199798727,0.0018268142199798728,1.7178879121817643
long,2026-02-18 19:00:00,1.17884,2026-02-18 23:45:00,1.17855,TECH,0.0006506905795176367,-0.00024600454684276364,-0.0005460045468427637,-0.839115493646031
long,2026-02-19 01:45:00,1.17979,2026-02-19 05:15:00,1.1790450063269147,SL,0.0006314629494106356,-0.0006314629494106798,-0.0009314629494106797,-1.4750872561565864
short,2026-02-19 06:15:00,1.17887,2026-02-19 07:45:00,1.1768173371550585,TP,0.0008706061079430112,0.0017412122158860129,0.001441212215886013,1.6554124795783685
long,2026-02-19 12:15:00,1.17601,2026-02-19 20:15:00,1.17663,TECH,0.001525187576352032,0.0005272064013061666,0.0002272064013061666,0.148969480756985
long,2026-02-20 02:45:00,1.17573,2026-02-20 03:00:00,1.1748332650225637,SL,0.0007627048535261676,-0.0007627048535261099,-0.0010627048535261099,-1.3933369489035898
short,2026-02-20 03:15:00,1.17474,2026-02-20 03:30:00,1.1757733071999321,SL,0.0008796050189253133,-0.0008796050189252267,-0.0011796050189252266,-1.3410621739817359
long,2026-02-20 03:45:00,1.17573,2026-02-20 08:30:00,1.178038458334577,TP,0.0009817127803905701,0.001963425560781095,0.0016634255607810952,1.6944116385235493
short,2026-02-20 15:15:00,1.17796,2026-02-20 15:30:00,1.17826,TECH,0.001636489958161019,-0.00025467757818617697,-0.0005546775781861769,-0.3389434658123338
short,2026-02-22 23:15:00,1.182,2026-02-23 02:30:00,1.18225,TECH,0.0011897954563195074,-0.0002115059221658913,-0.0005115059221658913,-0.4299108047934347
short,2026-02-23 04:00:00,1.18101,2026-02-23 06:30:00,1.1785539245409526,TP,0.0010398199249147932,0.0020796398498295924,0.0017796398498295925,1.7114885060270633
long,2026-02-23 10:00:00,1.18053,2026-02-23 11:00:00,1.1791640193618222,SL,0.00115709099995585,-0.0011570909999558102,-0.00145709099995581,-1.2592708784455213
short,2026-02-23 13:30:00,1.17962,2026-02-23 19:30:00,1.17908,TECH,0.001188740895837145,0.0004577745375629313,0.0001577745375629313,0.13272407647069467
short,2026-02-23 20:45:00,1.17798,2026-02-24 02:30:00,1.17757,TECH,0.0009459989443763859,0.0003480534474269694,4.805344742696944e-05,0.05079651273675243
short,2026-02-24 07:15:00,1.17757,2026-02-24 11:15:00,1.178601348575446,SL,0.0008758278280239307,-0.0008758278280238688,-0.0011758278280238688,-1.3425330760234089
long,2026-02-24 11:45:00,1.17877,2026-02-24 15:15:00,1.17778,TECH,0.0011348942048296905,-0.0008398584965684963,-0.0011398584965684963,-1.0043742330498115
long,2026-02-24 20:15:00,1.17776,2026-02-24 21:45:00,1.1792035471251818,TP,0.0006128358600996054,0.001225671720199285,0.0009256717201992851,1.5104725106145613
short,2026-02-25 04:15:00,1.17886,2026-02-25 09:15:00,1.17762,TECH,0.0008314631597472979,0.001051863664896705,0.0007518636648967052,0.9042657585998338
short,2026-02-25 16:00:00,1.18058,2026-02-25 17:45:00,1.18091,TECH,0.0008316589509510322,-0.0002795236239813833,-0.0005795236239813832,-0.696828457528987
short,2026-02-25 23:30:00,1.18133,2026-02-26 00:45:00,1.1821725628864945,SL,0.0007132324468984803,-0.0007132324468984413,-0.0010132324468984412,-1.4206202358074465
long,2026-02-26 02:00:00,1.18185,2026-02-26 02:00:00,1.1809920619828667,SL,0.0007259280087434662,-0.0007259280087434178,-0.0010259280087434178,-1.4132641203901637
short,2026-02-26 02:45:00,1.18135,2026-02-26 05:30:00,1.1794708528982198,TP,0.0007953388503745556,0.0015906777007491891,0.0012906777007491892,1.6228022812432203
long,2026-02-26 08:00:00,1.1809,2026-02-26 10:15:00,1.1799653934029886,SL,0.0007914358514789122,-0.000791435851478957,-0.001091435851478957,-1.3790578850319346
short,2026-02-26 10:45:00,1.17927,2026-02-26 15:30:00,1.17993,TECH,0.0013013113621794827,-0.0005596682693529751,-0.0008596682693529751,-0.6606168933414768
short,2026-02-26 21:00:00,1.17902,2026-02-26 21:45:00,1.1800295505962493,SL,0.0008562624860046826,-0.000856262486004731,-0.001156262486004731,-1.3503598544879003
long,2026-02-26 23:15:00,1.18052,2026-02-27 03:30:00,1.18147,TECH,0.0007236184751318243,0.0008047301189306462,0.0005047301189306463,0.6975086130003766
long,2026-02-27 03:45:00,1.18126,2026-02-27 04:30:00,1.1802185060530697,SL,0.0008816805334392258,-0.0008816805334391382,-0.0011816805334391382,-1.3402592987163773
short,2026-02-27 05:15:00,1.17966,2026-02-27 07:15:00,1.1807967236064068,SL,0.0009636027384219019,-0.0009636027384219351,-0.001263602738421935,-1.3113316183506754
long,2026-02-27 09:45:00,1.18132,2026-02-27 09:45:00,1.1799479398290726,SL,0.001161463592360392,-0.0011614635923604788,-0.0014614635923604787,-1.2582947945793201
short,2026-02-27 10:00:00,1.17968,2026-02-27 10:30:00,1.181209770158718,SL,0.0012967670543860097,-0.001296767054385956,-0.0015967670543859558,-1.2313445572088424
long,2026-02-27 10:45:00,1.18128,2026-03-01 17:00:00,1.17751,TECH,0.0013868144063867737,-0.003191453338751228,-0.003491453338751228,-2.5176067703593525
long,2026-03-01 21:30:00,1.17833,2026-03-02 00:45:00,1.17733,TECH,0.00165033045021701,-0.0008486586949327539,-0.0011486586949327538,-0.6960173914149806
long,2026-03-02 05:45:00,1.17455,2026-03-02 07:15:00,1.172447545675118,SL,0.0017900083648052995,-0.0017900083648052327,-0.002090008364805233,-1.1675969821697256
short,2026-03-02 08:00:00,1.17041,2026-03-02 14:15:00,1.17021,TECH,0.0016914736111617232,0.0001708802898129527,-0.00012911971018704727,-0.07633563381362266
short,2026-03-02 16:45:00,1.16923,2026-03-02 19:45:00,1.16903,TECH,0.0016568647842556065,0.0001710527441136286,-0.00012894725588637136,-0.07782605865710676
short,2026-03-02 23:00:00,1.16902,2026-03-03 01:00:00,1.1663613800783357,TP,0.0011371148148295919,0.002274229629659265,0.001974229629659265,1.736174398497414
long,2026-03-03 12:45:00,1.1594,2026-03-03 18:15:00,1.1619,TECH,0.002536434257677568,0.002156287735035317,0.0018562877350353172,0.731849339054026
long,2026-03-03 23:30:00,1.1604,2026-03-04 00:30:00,1.1589112253373108,SL,0.001282984025068382,-0.0012829840250683064,-0.0015829840250683063,-1.2338298795138423
short,2026-03-04 01:15:00,1.15948,2026-03-04 01:30:00,1.1609923967087836,SL,0.0013043749860139713,-0.0013043749860140396,-0.0016043749860140395,-1.2299952108993102
long,2026-03-04 02:15:00,1.16163,2026-03-04 03:15:00,1.160002117284476,SL,0.0014013779908610248,-0.0014013779908609728,-0.0017013779908609727,-1.2140750047141984
short,2026-03-04 10:00:00,1.16245,2026-03-04 12:15:00,1.16343,TECH,0.002082224908706457,-0.0008430470127747266,-0.0011430470127747265,-0.5489546340528713
short,2026-03-04 13:15:00,1.16282,2026-03-04 15:45:00,1.16431,TECH,0.0017310876798917888,-0.0012813677095337124,-0.0015813677095337124,-0.913511041585464
short,2026-03-04 18:45:00,1.16349,2026-03-04 19:30:00,1.1645169305649836,SL,0.0008826294725212268,-0.0008826294725212147,-0.0011826294725212146,-1.3398934766397945
long,2026-03-04 20:00:00,1.16449,2026-03-04 20:30:00,1.1634751712265268,SL,0.0008714791655345525,-0.0008714791655344855,-0.0011714791655344854,-1.3442423087830417
short,2026-03-04 22:00:00,1.16256,2026-03-05 00:45:00,1.1600867602110245,TP,0.001063704148162482,0.002127408296324931,0.0018274082963249312,1.7179666916611407
long,2026-03-05 04:15:00,1.16409,2026-03-05 04:30:00,1.1616480938718052,SL,0.002097695305513128,-0.0020976953055131795,-0.0023976953055131795,-1.1430140970481253
short,2026-03-05 07:45:00,1.16194,2026-03-05 08:00:00,1.16202,TECH,0.0018388137927814248,-6.885037093144225e-05,-0.00036885037093144224,-0.2005914749929693
short,2026-03-05 08:45:00,1.15981,2026-03-05 14:30:00,1.1578,TECH,0.0019232854263852024,0.0017330424810960995,0.0014330424810960996,0.7451013050046815
short,2026-03-06 01:00:00,1.16064,2026-03-06 02:15:00,1.16171985400015,SL,0.0009303952992746485,-0.0009303952992747144,-0.0012303952992747144,-1.3224435895516142
long,2026-03-06 10:30:00,1.15756,2026-03-08 16:00:00,1.15472117282169,SL,0.00245242335456474,-0.002452423354564745,-0.002752423354564745,-1.122327982010777
short,2026-03-08 16:30:00,1.15536,2026-03-08 23:30:00,1.15223,TECH,0.002426452045581842,0.002709112311314097,0.002409112311314097,0.9928538730862958
short,2026-03-09 04:30:00,1.15495,2026-03-09 06:00:00,1.156,TECH,0.002447832688399587,-0.0009091302653794497,-0.0012091302653794496,-0.4939595222784564
short,2026-03-09 14:15:00,1.1582,2026-03-09 14:15:00,1.1600075177360474,SL,0.0015606266068446729,-0.0015606266068446568,-0.0018606266068446568,-1.1922304788885625
long,2026-03-09 14:30:00,1.16176,2026-03-09 19:30:00,1.16277,TECH,0.0019169025916723416,0.0008693706101089532,0.0005693706101089532,0.2970263656497139
long,2026-03-10 01:30:00,1.16283,2026-03-10 02:45:00,1.1653597613801792,TP,0.0010877606271678568,0.002175521254335655,0.0018755212543356552,1.7242040275155461
short,2026-03-10 06:45:00,1.16431,2026-03-10 10:00:00,1.16483,TECH,0.0016693847082732097,-0.00044661645094526024,-0.0007466164509452602,-0.447240499595537
short,2026-03-10 14:00:00,1.16243,2026-03-10 19:45:00,1.16227,TECH,0.0020242265627894557,0.000137642696764674,-0.00016235730323532597,-0.08020708067954205
short,2026-03-11 03:00:00,1.16168,2026-03-11 07:45:00,1.1586537891033282,TP,0.001302514847751504,0.0026050296955029586,0.0023050296955029587,1.7696763299720297
long,2026-03-11 15:30:00,1.157,2026-03-11 15:45:00,1.15659,TECH,0.0011468466008736741,-0.00035436473638722683,-0.0006543647363872267,-0.5705773866258382
long,2026-03-12 02:00:00,1.15477,2026-03-12 07:30:00,1.153531337554678,SL,0.0010726486186185098,-0.0010726486186184287,-0.0013726486186184286,-1.2796815236533807
short,2026-03-12 08:00:00,1.15394,2026-03-12 15:45:00,1.1509930548238843,TP,0.001276905721318112,0.0025538114426362827,0.0022538114426362828,1.765057047680654
long,2026-03-12 18:15:00,1.15194,2026-03-12 22:00:00,1.15136,TECH,0.000832490836854284,-0.0005034984460996449,-0.0008034984460996448,-0.9651739220767978
long,2026-03-13 07:00:00,1.14683,2026-03-13 10:15:00,1.1449006550112149,SL,0.001682328670147338,-0.0016823286701474188,-0.0019823286701474187,-1.1783242509763605
short,2026-03-13 10:45:00,1.14369,2026-03-15 18:30:00,1.14284,TECH,0.0019772212754701497,0.0007432083868880705,0.0004432083868880705,0.22415720101063705
short,2026-03-16 00:15:00,1.14416,2026-03-16 02:30:00,1.1421084892414783,TP,0.0008965139309719589,0.0017930278619438923,0.0014930278619438924,1.6653705094411873
long,2026-03-16 04:45:00,1.14476,2026-03-16 05:15:00,1.1475501370187968,TP,0.0012186558836772856,0.002437311767354575,0.002137311767354575,1.7538271434797919
short,2026-03-16 17:00:00,1.15057,2026-03-16 22:45:00,1.14978,TECH,0.0011687008161199415,0.0006866161989275475,0.00038661619892754756,0.3308085299461876
short,2026-03-17 01:00:00,1.14794,2026-03-17 02:00:00,1.1489830044727876,SL,0.0009085879686984151,-0.0009085879686983649,-0.001208587968698365,-1.3301826684208802
long,2026-03-17 03:45:00,1.15103,2026-03-17 12:15:00,1.15282,TECH,0.001460442989149357,0.0015551288845642235,0.0012551288845642236,0.859416556407505
long,2026-03-17 13:00:00,1.15396,2026-03-17 17:00:00,1.1535,TECH,0.0014613226619773583,-0.00039862733543634697,-0.0006986273354363469,-0.478078766321884
long,2026-03-17 18:30:00,1.15389,2026-03-17 20:15:00,1.15349,TECH,0.0007814502912180795,-0.0003466534938340552,-0.0006466534938340551,-0.8275043225412189
long,2026-03-18 00:00:00,1.15414,2026-03-18 02:30:00,1.1534381510332345,SL,0.0006081142381040959,-0.0006081142381040384,-0.0009081142381040385,-1.4933283603673642
short,2026-03-18 03:15:00,1.15282,2026-03-18 04:30:00,1.1537907986591285,SL,0.0008421077524058194,-0.0008421077524058608,-0.0011421077524058608,-1.3562489469346062
long,2026-03-18 06:00:00,1.15397,2026-03-18 07:15:00,1.1527557760385356,SL,0.0010522144955798858,-0.0010522144955798776,-0.0013522144955798775,-1.2851129700837838
short,2026-03-18 08:15:00,1.14951,2026-03-18 09:00:00,1.151576591810858,SL,0.0017978023774113153,-0.0017978023774112434,-0.0020978023774112435,-1.1668703989767235
long,2026-03-18 12:00:00,1.15107,2026-03-18 13:15:00,1.15132,TECH,0.001753719506558032,0.00021718922393934464,-8.281077606065533e-05,-0.04722008037829569
long,2026-03-18 19:45:00,1.14668,2026-03-19 00:00:00,1.14687,TECH,0.0013276873496362023,0.00016569574772398098,-0.000134304252276019,-0.10115653531896611
long,2026-03-19 05:45:00,1.14728,2026-03-19 08:45:00,1.1515519679105588,TP,0.0018617808689068123,0.0037235617378135475,0.0034235617378135475,1.838863958154093
short,2026-03-19 18:30:00,1.15766,2026-03-20 02:15:00,1.15721,TECH,0.001559325076522909,0.00038871516680185844,8.871516680185847e-05,0.05689331117516669
short,2026-03-20 05:30:00,1.15444,2026-03-20 05:45:00,1.1558965922922522,SL,0.001261730615928251,-0.0012617306159282914,-0.0015617306159282913,-1.2377686617197057
long,2026-03-20 07:30:00,1.15762,2026-03-20 08:00:00,1.155877523845629,SL,0.0015052229180310978,-0.0015052229180311115,-0.0018052229180311114,-1.1993060273042
short,2026-03-20 09:15:00,1.15368,2026-03-20 10:15:00,1.1556130704583605,SL,0.0016755690125167763,-0.001675569012516852,-0.001975569012516852,-1.1790436548772545
long,2026-03-20 12:15:00,1.15621,2026-03-20 15:45:00,1.15624,TECH,0.001976022569977994,2.5946843566458076e-05,-0.0002740531564335419,-0.13868928452400922
long,2026-03-22 19:00:00,1.1562,2026-03-22 19:30:00,1.1543957459433907,SL,0.0015605034220802787,-0.0015605034220802824,-0.0018605034220802823,-1.1922456533931076
short,2026-03-22 21:30:00,1.15508,2026-03-23 04:15:00,1.1515118075796975,TP,0.0015445650605596826,0.0030891301211193995,0.0027891301211193996,1.8057705643741166
long,2026-03-23 07:15:00,1.15555,2026-03-23 12:15:00,1.15953,TECH,0.004191434777106904,0.0034442473281120437,0.003144247328112044,0.7501601468989884
long,2026-03-23 14:00:00,1.1635,2026-03-23 17:30:00,1.16148,TECH,0.0029192075099752778,-0.0017361409540179724,-0.0020361409540179723,-0.6974978472959656
long,2026-03-24 02:15:00,1.16148,2026-03-24 02:30:00,1.1598044530015466,SL,0.0014425965134600028,-0.0014425965134599943,-0.0017425965134599943,-1.2079583564779697
short,2026-03-24 05:15:00,1.15926,2026-03-24 11:00:00,1.15776,TECH,0.0016307790988051422,0.0012939288856684927,0.0009939288856684928,0.6094810059785142
short,2026-03-24 12:30:00,1.15707,2026-03-24 15:00:00,1.15854,TECH,0.0020724330017686914,-0.001270450361689319,-0.0015704503616893188,-0.7577810044276645
short,2026-03-24 22:00:00,1.16039,2026-03-25 03:30:00,1.16135,TECH,0.0014091338378460674,-0.0008273080602211945,-0.0011273080602211944,-0.8000007025197422
short,2026-03-25 06:30:00,1.16057,2026-03-25 07:00:00,1.16053,TECH,0.0013861161018770204,3.446582282847222e-05,-0.00026553417717152777,-0.19156705330235504
short,2026-03-25 08:00:00,1.15914,2026-03-25 11:00:00,1.1555726721331159,TP,0.0015387821431768903,0.0030775642863538353,0.0027775642863538353,1.8050406281810751
long,2026-03-25 14:00:00,1.15663,2026-03-25 14:15:00,1.15605,TECH,0.0015806485871637185,-0.0005014568185158823,-0.0008014568185158823,-0.5070430107137217
long,2026-03-25 19:30:00,1.15604,2026-03-26 01:30:00,1.1551758752514754,SL,0.0007474868936409333,-0.0007474868936408752,-0.001047486893640875,-1.4013448296580453
short,2026-03-26 01:45:00,1.15547,2026-03-26 01:45:00,1.1564314893638026,SL,0.0008321197121539581,-0.0008321197121539989,-0.001132119712153999,-1.3605250490022465
long,2026-03-26 05:30:00,1.15613,2026-03-26 06:15:00,1.154846300289358,SL,0.0011103420122668608,-0.001110342012266801,-0.0014103420122668008,-1.2701870204726053
short,2026-03-26 06:30:00,1.15437,2026-03-26 10:15:00,1.15471,TECH,0.0011540388469122912,-0.0002945329487079593,-0.0005945329487079592,-0.5151758541739494
short,2026-03-26 12:15:00,1.15336,2026-03-26 15:00:00,1.155010655862881,SL,0.0014311714147197344,-0.0014311714147196412,-0.001731171414719641,-1.2096184963690428
long,2026-03-26 16:45:00,1.15332,2026-03-26 20:15:00,1.15334,TECH,0.0015205765611202042,1.7341240939315217e-05,-0.0002826587590606848,-0.18588919906305207
long,2026-03-26 21:45:00,1.15404,2026-03-27 02:00:00,1.1529610194923317,SL,0.0009349593668054988,-0.000934959366805573,-0.001234959366805573,-1.3208695593104676
short,2026-03-27 02:30:00,1.1523,2026-03-27 07:00:00,1.1503118984635223,TP,0.0008626666391034139,0.0017253332782068652,0.0014253332782068653,1.6522411017171612
long,2026-03-27 09:15:00,1.15304,2026-03-27 11:30:00,1.151546212633495,SL,0.0012955208548750153,-0.0012955208548750023,-0.0015955208548750022,-1.231567094324336
short,2026-03-27 12:30:00,1.15092,2026-03-29 22:15:00,1.15083,TECH,0.0015593277568790292,7.819831091641772e-05,-0.00022180168908358225,-0.14224186551229934
short,2026-03-30 03:15:00,1.15055,2026-03-30 08:00:00,1.1482620755052646,TP,0.0009942742578485484,0.001988548515697154,0.001688548515697154,1.6982723854793393
long,2026-03-30 14:45:00,1.14641,2026-03-30 17:15:00,1.14572,TECH,0.0012938152654756892,-0.0006018789089417027,-0.0009018789089417028,-0.6970693058024126
long,2026-03-30 17:45:00,1.14652,2026-03-30 19:00:00,1.145247470423534,SL,0.001109906130260276,-0.0011099061302602246,-0.0014099061302602245,-1.2702931282392302
short,2026-03-30 19:15:00,1.14524,2026-03-30 19:45:00,1.14568,TECH,0.0009577535357511787,-0.000384198945199256,-0.0006841989451992559,-0.7143789290870429
short,2026-03-30 20:00:00,1.14565,2026-03-30 20:45:00,1.1466458732789528,SL,0.0008692648530988706,-0.000869264853098927,-0.001169264853098927,-1.3451192107107246
long,2026-03-30 21:30:00,1.14893,2026-03-30 21:45:00,1.147585129531792,SL,0.001170541693756736,-0.001170541693756774,-0.001470541693756774,-1.2562915969590267
short,2026-03-31 01:15:00,1.14628,2026-03-31 02:45:00,1.1472680368933328,SL,0.0008619507392023735,-0.0008619507392023084,-0.0011619507392023084,-1.3480477321448174
long,2026-03-31 04:30:00,1.14678,2026-03-31 07:00:00,1.14586,TECH,0.0009929989285463964,-0.0008022462896107448,-0.0011022462896107448,-1.1100176021582122
long,2026-03-31 08:00:00,1.14911,2026-03-31 09:45:00,1.1523447445965116,TP,0.001407499976726165,0.002814999953452253,0.002514999953452253,1.78685612436181
short,2026-03-31 23:15:00,1.15671,2026-04-01 02:00:00,1.15679,TECH,0.0011028174557684287,-6.916167405838975e-05,-0.00036916167405838974,-0.33474413387949387
short,2026-04-01 13:30:00,1.16075,2026-04-01 18:30:00,1.15931,TECH,0.0017083376779468754,0.0012405772130087323,0.0009405772130087323,0.5505803829949724
short,2026-04-01 21:30:00,1.15631,2026-04-02 01:45:00,1.1527066786788727,TP,0.0015581121503434312,0.0031162243006869128,0.002816224300686913,1.807459302635035
long,2026-04-02 09:30:00,1.15273,2026-04-02 10:30:00,1.1558078471386133,TP,0.0013350251744177809,0.002670050348835594,0.002370050348835594,1.7752851363789441
short,2026-04-02 14:45:00,1.1537,2026-04-02 18:45:00,1.15397,TECH,0.0013812463223473645,-0.0002340296437548691,-0.0005340296437548691,-0.3866288258037207
short,2026-04-02 22:15:00,1.15367,2026-04-03 02:45:00,1.15389,TECH,0.0006087488503853134,-0.00019069577955577332,-0.0004906957795557733,-0.8060726180348148
short,2026-04-03 08:45:00,1.15318,2026-04-03 16:30:00,1.1512671452066656,TP,0.0008293825739843055,0.001658765147968637,0.0013587651479686372,1.6382851419715856
long,2026-04-05 19:15:00,1.15125,2026-04-05 19:30:00,1.15093,TECH,0.0008735838358166002,-0.0002779587404995422,-0.0005779587404995422,-0.6615950488132413
long,2026-04-05 22:45:00,1.15208,2026-04-06 03:30:00,1.1543880862318672,TP,0.001001703975360769,0.0020034079507214595,0.0017034079507214596,1.7005103230302827
short,2026-04-06 07:45:00,1.15438,2026-04-06 09:15:00,1.1557042714665733,SL,0.0011471711798309591,-0.0011471711798310118,-0.0014471711798310118,-1.261512845924406
long,2026-04-06 10:00:00,1.15601,2026-04-06 10:45:00,1.1548575738200662,SL,0.0009968998364493008,-0.0009968998364493645,-0.0012968998364493644,-1.3009329413359982
short,2026-04-06 12:15:00,1.15468,2026-04-06 15:45:00,1.15438,TECH,0.0012655082949340772,0.00025981224235283105,-4.018775764716892e-05,-0.03175621827849211
short,2026-04-06 16:45:00,1.15432,2026-04-07 01:15:00,1.15372,TECH,0.0009319057374787688,0.0005197865409937746,0.0002197865409937746,0.2358463223849203
short,2026-04-07 08:00:00,1.156,2026-04-07 10:00:00,1.15635,TECH,0.00138705053656528,-0.0003027681660900281,-0.0006027681660900281,-0.43456828010221493
short,2026-04-08 00:00:00,1.16707,2026-04-08 01:30:00,1.16854,TECH,0.0016817640740562966,-0.0012595645505409788,-0.0015595645505409787,-0.9273384861762559
short,2026-04-08 05:15:00,1.16843,2026-04-08 07:15:00,1.17064412156123,SL,0.0018949543928432836,-0.0018949543928433103,-0.0021949543928433102,-1.1583151558333242
long,2026-04-08 07:45:00,1.16996,2026-04-08 11:15:00,1.16866,TECH,0.0017616767905819768,-0.001111149099114567,-0.0014111490991145668,-0.8010261057298644
long,2026-04-08 18:45:00,1.16627,2026-04-08 20:15:00,1.16552,TECH,0.0011983626914422107,-0.0006430757886252998,-0.0009430757886252999,-0.7869702514606183
long,2026-04-08 23:15:00,1.16643,2026-04-09 02:15:00,1.165459797813834,SL,0.0008317706044651447,-0.0008317706044650507,-0.0011317706044650508,-1.3606763672452884
short,2026-04-09 02:45:00,1.16594,2026-04-09 03:00:00,1.1668257853251338,SL,0.0007597177600337439,-0.0007597177600338239,-0.0010597177600338238,-1.3948834893457738
long,2026-04-09 05:00:00,1.16719,2026-04-09 09:30:00,1.1693740508470873,TP,0.000935602107235031,0.001871204214470132,0.001571204214470132,1.6793508718289287
short,2026-04-09 16:00:00,1.17007,2026-04-09 23:45:00,1.16937,TECH,0.0012530790834703,0.0005982548052679951,0.0002982548052679951,0.23801754350731227
short,2026-04-10 02:15:00,1.16882,2026-04-10 05:15:00,1.169550735692396,SL,0.0006251909553189895,-0.0006251909553190499,-0.0009251909553190498,-1.479853391108309
long,2026-04-10 05:45:00,1.17023,2026-04-10 09:15:00,1.172732784932374,TP,0.0010693559951351584,0.0021387119902702813,0.0018387119902702814,1.719457316960085
short,2026-04-10 13:15:00,1.17233,2026-04-10 15:30:00,1.17282,TECH,0.0012273019692121496,-0.0004179710491072304,-0.0007179710491072304,-0.5849995087746193
short,2026-04-12 17:15:00,1.16684,2026-04-12 20:30:00,1.168607870871311,SL,0.0015150927901948204,-0.001515092790194814,-0.001815092790194814,-1.1980076744747876
long,2026-04-12 21:45:00,1.16819,2026-04-13 02:45:00,1.16791,TECH,0.001131970308417725,-0.00023968703721146214,-0.0005396870372114621,-0.4767678385185207
long,2026-04-13 03:30:00,1.16967,2026-04-13 04:30:00,1.1685677917197161,SL,0.0009423241429494972,-0.0009423241429495884,-0.0012423241429495883,-1.3183617890348047
short,2026-04-13 06:15:00,1.16856,2026-04-13 07:00:00,1.1696009625070882,SL,0.0008908079235025414,-0.0008908079235025872,-0.0011908079235025872,-1.336772936213325
long,2026-04-13 07:30:00,1.16973,2026-04-13 07:45:00,1.168703925313589,SL,0.0008771893397715514,-0.0008771893397715944,-0.0011771893397715945,-1.3420014202158144
short,2026-04-13 08:00:00,1.16816,2026-04-13 08:30:00,1.16855,TECH,0.0010044866565116683,-0.0003338583755648973,-0.0006338583755648973,-0.6310271733883747
short,2026-04-13 23:00:00,1.17607,2026-04-14 00:15:00,1.1768819102422698,SL,0.0006903587730915614,-0.0006903587730916507,-0.0009903587730916506,-1.4345566561812932
long,2026-04-14 01:00:00,1.17664,2026-04-14 02:15:00,1.1759123128820153,SL,0.0006184449942078297,-0.0006184449942077904,-0.0009184449942077903,-1.4850876032786597
short,2026-04-14 12:00:00,1.17903,2026-04-14 19:30:00,1.17974,TECH,0.0013068734278191291,-0.0006021899357946688,-0.0009021899357946688,-0.6903422447728669
short,2026-04-14 22:00:00,1.17907,2026-04-15 01:45:00,1.17912,TECH,0.000710027873117971,-4.240630327281965e-05,-0.00034240630327281963,-0.48224346710390187
short,2026-04-15 04:15:00,1.17901,2026-04-15 09:30:00,1.17962,TECH,0.0007770474184566885,-0.0005173832283017103,-0.0008173832283017103,-1.0519090712959753
short,2026-04-15 15:15:00,1.17994,2026-04-15 17:00:00,1.17988,TECH,0.0009199090563271304,5.0850043222493506e-05,-0.00024914995677750645,-0.27084194362894265
short,2026-04-15 17:15:00,1.17971,2026-04-15 18:30:00,1.1801,TECH,0.0007669882542213251,-0.0003305897212025756,-0.0006305897212025755,-0.8221634656488626
short,2026-04-16 02:00:00,1.18044,2026-04-16 04:00:00,1.1788040471612824,TP,0.0006929419702473537,0.0013858839404946766,0.0010858839404946767,1.5670633142729942
long,2026-04-16 09:00:00,1.17814,2026-04-16 09:45:00,1.176980567295859,SL,0.000984121330352003,-0.0009841213303519723,-0.0012841213303519722,-1.3048404609751365
short,2026-04-16 10:00:00,1.17726,2026-04-16 12:00:00,1.1784835463729428,SL,0.0010393170352706968,-0.0010393170352707669,-0.0013393170352707668,-1.2886510947277343
long,2026-04-16 15:30:00,1.17835,2026-04-16 21:15:00,1.1777,TECH,0.00095355600080146,-0.0005516187889846306,-0.0008516187889846306,-0.8930978235875485
long,2026-04-17 00:45:00,1.17831,2026-04-17 02:15:00,1.1776700759260053,SL,0.0005430863473913937,-0.0005430863473913598,-0.0008430863473913599,-1.552398345936988
short,2026-04-17 03:15:00,1.17778,2026-04-17 04:30:00,1.1785225295461261,SL,0.0006304484251100427,-0.000630448425110021,-0.0009304484251100209,-1.4758517716141717
long,2026-04-17 05:00:00,1.17938,2026-04-17 08:30:00,1.181104839434388,TP,0.000731248382365221,0.001462496764730483,0.001162496764730483,1.5897426821928689
short,2026-04-17 12:15:00,1.17994,2026-04-19 17:00:00,1.1758349649917095,TP,0.0017395100633466598,0.0034790201266933184,0.0031790201266933184,1.8275376461905437
long,2026-04-19 21:15:00,1.17537,2026-04-20 02:00:00,1.1753,TECH,0.001157802982100731,-5.955571437080621e-05,-0.00035955571437080617,-0.3105499985139304
long,2026-04-20 03:45:00,1.17623,2026-04-20 11:15:00,1.1785331631513487,TP,0.0009790445539343891,0.0019580891078688667,0.0016580891078688668,1.6935788072214577
short,2026-04-20 16:30:00,1.17854,2026-04-20 17:00:00,1.17879,TECH,0.0008686345953677068,-0.0002121268688377853,-0.0005121268688377853,-0.5895768733698591
short,2026-04-20 20:15:00,1.17841,2026-04-21 03:15:00,1.1774,TECH,0.0006118352637342335,0.0008570870919289173,0.0005570870919289173,0.9105181164760431
short,2026-04-21 03:30:00,1.17749,2026-04-21 04:00:00,1.1759818458036781,TP,0.0006404106176365521,0.0012808212352731455,0.0009808212352731456,1.5315505525078354
long,2026-04-21 08:45:00,1.17584,2026-04-21 11:15:00,1.1747766857712476,SL,0.0009043018002044611,-0.0009043018002044392,-0.0012043018002044392,-1.3317476531973602
short,2026-04-21 11:45:00,1.17475,2026-04-21 13:30:00,1.1762733722333993,SL,0.0012967629141514357,-0.0012967629141514179,-0.0015967629141514178,-1.2313452958332738
long,2026-04-21 17:15:00,1.17432,2026-04-21 17:30:00,1.17345,TECH,0.0019504182610892396,-0.0007408542816267511,-0.0010408542816267511,-0.5336569608641127
long,2026-04-21 18:00:00,1.17408,2026-04-21 18:45:00,1.17391,TECH,0.0018523846044185054,-0.0001447942218588201,-0.00044479422185882004,-0.24011980060612112
long,2026-04-21 19:00:00,1.17387,2026-04-21 19:30:00,1.1741,TECH,0.001481779972307094,0.0001959331101399239,-0.00010406688986007608,-0.0702310004217742
long,2026-04-21 19:45:00,1.17406,2026-04-21 20:00:00,1.17436,TECH,0.00126411509215882,0.00025552356779037436,-4.447643220962562e-05,-0.03518384717143913
long,2026-04-21 20:15:00,1.17491,2026-04-22 00:00:00,1.17384,TECH,0.001223458180217944,-0.00091070805423386,-0.00121070805423386,-0.9895786172423051
long,2026-04-22 01:45:00,1.17526,2026-04-22 06:30:00,1.17495,TECH,0.0009568360544170078,-0.0002637714207920226,-0.0005637714207920226,-0.5892037807203281
long,2026-04-22 20:45:00,1.17108,2026-04-22 22:45:00,1.1701558917354717,SL,0.0007891077164054648,-0.0007891077164055029,-0.0010891077164055028,-1.3801762341985386
short,2026-04-22 23:15:00,1.16968,2026-04-23 01:45:00,1.170661728501869,SL,0.0008393137455278005,-0.0008393137455277942,-0.001139313745527794,-1.3574348705695738
long,2026-04-23 02:30:00,1.17045,2026-04-23 03:30:00,1.1697045072828178,SL,0.0006369282901295571,-0.0006369282901295751,-0.0009369282901295752,-1.4710106375381682
short,2026-04-23 05:00:00,1.17015,2026-04-23 06:45:00,1.1681255969710114,TP,0.0008650185997473207,0.0017300371994946398,0.0014300371994946399,1.6531866481395499
long,2026-04-23 09:45:00,1.16922,2026-04-23 13:30:00,1.167746889544109,SL,0.0012599087048553617,-0.0012599087048553188,-0.0015599087048553187,-1.2381124908843273
short,2026-04-23 13:45:00,1.16715,2026-04-23 13:45:00,1.1689407385139778,SL,0.0015342830946989464,-0.0015342830946989932,-0.0018342830946989931,-1.1955310601000346
long,2026-04-23 20:00:00,1.16836,2026-04-23 22:45:00,1.16804,TECH,0.0007831781583656695,-0.00027388818514849703,-0.0005738881851484971,-0.7327683733495362
long,2026-04-24 02:45:00,1.16823,2026-04-24 06:30:00,1.1696825542218479,TP,0.0006216901731027936,0.0012433803462055905,0.0009433803462055906,1.5174445198277358
short,2026-04-24 11:15:00,1.17051,2026-04-24 11:45:00,1.1718910211246114,SL,0.001179845643874376,-0.0011798456438744396,-0.0014798456438744395,-1.2542705493363724
long,2026-04-24 12:15:00,1.17156,2026-04-26 17:00:00,1.170103131915347,SL,0.0012435283593268188,-0.001243528359326839,-0.0015435283593268389,-1.2412490215843766
short,2026-04-26 17:30:00,1.17008,2026-04-26 20:30:00,1.1713102919898413,SL,0.0010514597205672689,-0.001051459720567191,-0.001351459720567191,-1.2853176342675974
long,2026-04-26 21:15:00,1.17199,2026-04-27 02:30:00,1.17187,TECH,0.0008275602704757069,-0.00010238995213279977,-0.00040238995213279975,-0.4862364307333093
long,2026-04-27 04:15:00,1.17432,2026-04-27 11:00:00,1.1736,TECH,0.0009075898988559517,-0.0006131207847946505,-0.0009131207847946504,-1.006094036464785
long,2026-04-27 19:45:00,1.17223,2026-04-27 21:00:00,1.1716623414175373,SL,0.00048425529329810786,-0.00048425529329804823,-0.0007842552932980482,-1.6195079416824467
short,2026-04-27 21:15:00,1.17148,2026-04-28 02:00:00,1.170149801699664,TP,0.0005677426419298271,0.0011354852838597184,0.0008354852838597185,1.4715915665939785
long,2026-04-28 10:15:00,1.16973,2026-04-28 17:00:00,1.17096,TECH,0.0012092864972593873,0.0010515247108307596,0.0007515247108307596,0.6214612604489873
long,2026-04-28 18:15:00,1.17172,2026-04-28 21:00:00,1.1708200585055895,SL,0.0007680516628637614,-0.0007680516628636864,-0.0010680516628636864,-1.3905987246760765
short,2026-04-28 22:15:00,1.17146,2026-04-29 01:30:00,1.16981733618908,TP,0.0007011181819780527,0.00140223636395603,0.0011022363639560302,1.5721120807997158
long,2026-04-29 07:00:00,1.17093,2026-04-29 08:30:00,1.1699641702134473,SL,0.0008248399020886018,-0.0008248399020886692,-0.0011248399020886693,-1.3637069439056337
short,2026-04-29 09:30:00,1.16906,2026-04-29 10:45:00,1.1702260428151883,SL,0.0009974191360479332,-0.0009974191360480078,-0.0012974191360480077,-1.3007762626138921
long,2026-04-29 19:15:00,1.16773,2026-04-29 22:30:00,1.1665075619029417,SL,0.0010468499542344498,-0.0010468499542344914,-0.0013468499542344913,-1.2865740202658063
short,2026-04-29 22:45:00,1.16647,2026-04-30 03:00:00,1.1675429049950197,SL,0.0009197879028348951,-0.0009197879028348561,-0.001219787902834856,-1.326162150073213
long,2026-04-30 03:30:00,1.1681,2026-04-30 06:15:00,1.1702068726116814,TP,0.0009018374333026238,0.0018036748666051886,0.0015036748666051886,1.6673458109834416
short,2026-04-30 10:00:00,1.16901,2026-04-30 10:15:00,1.1711363362713716,SL,0.0018189205151123687,-0.001818920515112349,-0.002118920515112349,-1.164932990478392
long,2026-04-30 11:15:00,1.17345,2026-04-30 18:15:00,1.17309,TECH,0.0020212394934002995,-0.00030678767736174356,-0.0006067876773617435,-0.30020572987170074
long,2026-04-30 22:45:00,1.17321,2026-05-01 01:15:00,1.17251,TECH,0.0006443925431352166,-0.0005966536255232608,-0.0008966536255232609,-1.3914711383230747
long,2026-05-01 04:00:00,1.17346,2026-05-01 07:15:00,1.1756824521838067,TP,0.0009469654627370002,0.0018939309254740588,0.0015939309254740588,1.6831985834701342
short,2026-05-01 12:45:00,1.17449,2026-05-03 18:00:00,1.17407,TECH,0.001531666704171571,0.0003576020230058042,5.7602023005804207e-05,0.03760741344636024
short,2026-05-03 20:45:00,1.17246,2026-05-03 23:45:00,1.1736566005686833,SL,0.0010205896735779323,-0.0010205896735779503,-0.0013205896735779502,-1.293947712549641
long,2026-05-04 00:00:00,1.17376,2026-05-04 01:15:00,1.1726745311640203,SL,0.0009247792018637326,-0.0009247792018637518,-0.0012247792018637517,-1.3244017592474193
short,2026-05-04 03:45:00,1.17185,2026-05-04 06:00:00,1.1696242614611096,TP,0.0009496687028588847,0.0018993374057178045,0.0015993374057178046,1.6841003614241006
long,2026-05-04 10:15:00,1.17095,2026-05-04 12:00:00,1.169392983661949,SL,0.0013297035211162018,-0.001329703521116139,-0.0016297035211161389,-1.225614202892466
short,2026-05-04 12:15:00,1.16852,2026-05-04 16:00:00,1.16949,TECH,0.001540339047400879,-0.0008301098825864473,-0.0011301098825864473,-0.733676059497005
short,2026-05-04 17:45:00,1.16891,2026-05-05 03:45:00,1.16919,TECH,0.0009038731259833702,-0.00023953939995385274,-0.0005395393999538527,-0.5969193954813735
short,2026-05-05 14:00:00,1.16987,2026-05-05 19:00:00,1.171035847440516,SL,0.0009965615329191177,-0.0009965615329190986,-0.0012965615329190985,-1.301035099279042
long,2026-05-05 19:15:00,1.17232,2026-05-05 20:00:00,1.1713077735258541,SL,0.0008634387148099524,-0.0008634387148098592,-0.0011634387148098592,-1.3474479367837222
short,2026-05-06 09:30:00,1.17505,2026-05-06 17:00:00,1.17468,TECH,0.0016317987458464146,0.0003148802178630539,1.4880217863053925e-05,0.009118905073882471
short,2026-05-06 17:30:00,1.17474,2026-05-06 18:45:00,1.17511,TECH,0.000826472847320196,-0.00031496331103069916,-0.0006149633110306991,-0.7440816876497421
short,2026-05-07 00:45:00,1.17518,2026-05-07 03:00:00,1.1759080044088652,SL,0.0006194833207383557,-0.0006194833207383846,-0.0009194833207383847,-1.4842745396961812
long,2026-05-07 03:30:00,1.17648,2026-05-07 08:30:00,1.17697,TECH,0.0009810612900986973,0.00041649666802674203,0.00011649666802674205,0.11874555565740667
long,2026-05-07 09:30:00,1.17754,2026-05-07 10:00:00,1.1764072535354302,SL,0.0009619600731778728,-0.0009619600731778494,-0.0012619600731778493,-1.3118632554144527
short,2026-05-07 12:00:00,1.17637,2026-05-07 13:30:00,1.1737961856667731,TP,0.001093964625596875,0.0021879292511937463,0.0018879292511937464,1.7257680979983046
long,2026-05-07 21:15:00,1.17308,2026-05-08 00:15:00,1.17288,TECH,0.0008365800707973119,-0.00017049135608822755,-0.00047049135608822755,-0.56239847506745
long,2026-05-08 01:00:00,1.17352,2026-05-08 04:15:00,1.1751602772559935,TP,0.0006988706012652357,0.001397741202530492,0.0010977412025304921,1.5707359853786107
short,2026-05-08 13:30:00,1.17743,2026-05-08 14:15:00,1.17803,TECH,0.0010788364981781625,-0.0005095844338941031,-0.0008095844338941031,-0.7504236603611882
short,2026-05-10 17:45:00,1.17677,2026-05-10 21:30:00,1.17688,TECH,0.0013695458888055797,-9.347621030433513e-05,-0.0003934762103043351,-0.28730414476837796
short,2026-05-10 23:00:00,1.1759,2026-05-11 03:00:00,1.17687137189647,SL,0.0008260667543754171,-0.0008260667543754733,-0.0011260667543754733,-1.3631667760638593
long,2026-05-11 03:30:00,1.17711,2026-05-11 07:30:00,1.17741,TECH,0.000752744479408516,0.00025486148278407877,-4.51385172159212e-05,-0.059965258398692864
long,2026-05-11 09:15:00,1.17836,2026-05-11 12:30:00,1.1772429911888855,SL,0.0009479351056677078,-0.0009479351056676561,-0.001247935105667656,-1.316477360323768
short,2026-05-11 13:00:00,1.1773,2026-05-11 17:00:00,1.17824,TECH,0.0008848808946800062,-0.0007984371018431503,-0.0010984371018431503,-1.2413389287157919
short,2026-05-11 20:45:00,1.17719,2026-05-11 21:30:00,1.1758653522845848,TP,0.0005626312300542534,0.0011252624601085497,0.0008252624601085498,1.466791063178223
long,2026-05-12 16:00:00,1.17403,2026-05-12 20:30:00,1.17353,TECH,0.0008889470013562999,-0.00042588349531097583,-0.0007258834953109758,-0.8165655480062006
long,2026-05-12 23:00:00,1.17369,2026-05-12 23:15:00,1.17347,TECH,0.0005944333118942712,-0.0001874430215814116,-0.00048744302158141157,-0.8200129633180965
long,2026-05-12 23:30:00,1.17353,2026-05-13 00:00:00,1.17345,TECH,0.0005959170166275143,-6.817039189441937e-05,-0.00036817039189441933,-0.6178215785446333
long,2026-05-13 08:00:00,1.17121,2026-05-13 08:30:00,1.1702597659948275,SL,0.000811326751968097,-0.0008113267519681173,-0.0011113267519681173,-1.3697647085743043
short,2026-05-13 10:15:00,1.17105,2026-05-13 11:45:00,1.17144,TECH,0.000963482425190712,-0.00033303445625730116,-0.0006330344562573011,-0.6570275074109402
short,2026-05-13 14:30:00,1.17065,2026-05-13 16:45:00,1.17131,TECH,0.0008019949114393201,-0.0005637893477983214,-0.0008637893477983214,-1.07705090827584
short,2026-05-13 22:15:00,1.17131,2026-05-14 02:45:00,1.1718845352658518,SL,0.0004905065831007984,-0.0004905065831007305,-0.0007905065831007305,-1.6116125865293078
long,2026-05-15 07:30:00,1.16398,2026-05-15 08:30:00,1.1625363636054824,SL,0.0012402587626227969,-0.001240258762622735,-0.001540258762622735,-1.2418850074201635
short,2026-05-15 09:15:00,1.16285,2026-05-15 13:15:00,1.16339,TECH,0.0012372743826097087,-0.0004643763168078299,-0.0007643763168078298,-0.617790465519521
short,2026-05-15 15:00:00,1.16221,2026-05-17 23:45:00,1.16215,TECH,0.0009428732412567488,5.16257819154447e-05,-0.0002483742180845553,-0.2634227033036796
short,2026-05-18 07:30:00,1.16305,2026-05-18 07:30:00,1.1640145348165727,SL,0.0008293150050063907,-0.0008293150050064664,-0.0011293150050064665,-1.3617443289811981
long,2026-05-18 08:15:00,1.16474,2026-05-18 11:00:00,1.163470727772591,SL,0.0010897472632595685,-0.001089747263259632,-0.001389747263259632,-1.2752931896362156
short,2026-05-18 12:15:00,1.1654,2026-05-18 13:15:00,1.16497,TECH,0.0012519371121939682,0.0003689720267718641,6.897202677186412e-05,0.055092245529005435
short,2026-05-18 15:00:00,1.16294,2026-05-18 15:00:00,1.1641860268555961,SL,0.0010714455222076262,-0.0010714455222075512,-0.001371445522207551,-1.2799955702664185
long,2026-05-18 17:00:00,1.16555,2026-05-18 20:45:00,1.16456,TECH,0.0011255319947243592,-0.0008493844107932275,-0.0011493844107932274,-1.0211921261951418
long,2026-05-19 13:45:00,1.16102,2026-05-19 16:45:00,1.16052,TECH,0.001032636478021471,-0.0004306558026562376,-0.0007306558026562376,-0.7075634245036282
long,2026-05-19 19:15:00,1.1609,2026-05-19 20:45:00,1.1601807071533299,SL,0.0006195993166251366,-0.0006195993166251709,-0.0009195993166251709,-1.484183878113502
short,2026-05-19 21:30:00,1.15958,2026-05-19 23:30:00,1.160418260982531,SL,0.0007229005178867395,-0.0007229005178866797,-0.0010229005178866797,-1.4149948610867404
long,2026-05-20 01:00:00,1.1597,2026-05-20 02:00:00,1.15954,TECH,0.0007279659769596751,-0.00013796671552982493,-0.00043796671552982487,-0.6016307484025254
long,2026-05-20 07:30:00,1.16021,2026-05-20 09:00:00,1.1592050712208388,SL,0.0008661611080417817,-0.0008661611080417688,-0.0011661611080417689,-1.346355888315313
short,2026-05-20 10:15:00,1.15885,2026-05-20 10:15:00,1.1599312296775919,SL,0.0009330195259023433,-0.0009330195259023549,-0.0012330195259023548,-1.3215366792135192
long,2026-05-20 10:45:00,1.1617,2026-05-20 17:45:00,1.16246,TECH,0.001318211591356433,0.0006542136524060377,0.0003542136524060377,0.2687077360938343
long,2026-05-20 21:00:00,1.16285,2026-05-20 22:30:00,1.1620573909902001,SL,0.0006816089863696284,-0.0006816089863695467,-0.0009816089863695467,-1.440135042229669
short,2026-05-20 23:15:00,1.16189,2026-05-21 03:00:00,1.16201,TECH,0.0007410421937034501,-0.00010328000068844552,-0.0004032800006884455,-0.5442065298239008
short,2026-05-21 03:30:00,1.15974,2026-05-21 04:00:00,1.160895249133364,SL,0.000996127695314396,-0.000996127695314429,-0.0012961276953144289,-1.3011662073157673
long,2026-05-21 05:45:00,1.16271,2026-05-21 06:15:00,1.1612472942707124,SL,0.0012580142333751623,-0.0012580142333750704,-0.0015580142333750703,-1.238471069754934
short,2026-05-21 07:30:00,1.16128,2026-05-21 09:30:00,1.1581269893424624,TP,0.0013575583225138624,0.0027151166450276438,0.002415116645027644,1.779015019078845
long,2026-05-21 13:30:00,1.1618,2026-05-21 18:15:00,1.16162,TECH,0.001492259228851066,-0.0001549320020656283,-0.0004549320020656283,-0.30486124211534865
long,2026-05-22 01:30:00,1.16144,2026-05-22 01:45:00,1.1608807269860137,SL,0.0004815341420876865,-0.0004815341420876527,-0.0007815341420876527,-1.6230087833425875
short,2026-05-22 04:15:00,1.16063,2026-05-22 04:15:00,1.161414100176442,SL,0.0006755815173155437,-0.0006755815173155324,-0.0009755815173155323,-1.4440618819651156
long,2026-05-22 10:45:00,1.16007,2026-05-22 11:45:00,1.16011,TECH,0.0012038165299370755,3.4480677890161805e-05,-0.0002655193221098382,-0.22056460889743482
long,2026-05-22 15:30:00,1.16083,2026-05-24 17:00:00,1.1635616976297791,TP,0.0011766139873104332,0.0023532279746208275,0.0020532279746208275,1.745031077961435
short,2026-05-24 23:00:00,1.16375,2026-05-25 02:00:00,1.1639,TECH,0.00090838746486674,-0.00012889366272813958,-0.0004288936627281396,-0.47214837205075044
short,2026-05-25 03:45:00,1.16355,2026-05-25 05:00:00,1.1644339260311174,SL,0.0007596803155148857,-0.0007596803155148556,-0.0010596803155148555,-1.3949029530884183
long,2026-05-25 05:45:00,1.16447,2026-05-25 11:00:00,1.16419,TECH,0.0007038509994052133,-0.00024045273815541488,-0.0005404527381554149,-0.7678510630973352
long,2026-05-25 14:45:00,1.16418,2026-05-25 17:00:00,1.1635607036602662,SL,0.0005319592672385863,-0.0005319592672385611,-0.0008319592672385611,-1.5639529536862515
short,2026-05-25 17:30:00,1.16395,2026-05-26 01:45:00,1.1627944868415632,TP,0.0004963757714837154,0.0009927515429673712,0.0006927515429673713,1.3956191715334325
long,2026-05-26 04:00:00,1.16371,2026-05-26 08:45:00,1.16337,TECH,0.0007290411934048147,-0.00029216901117976724,-0.0005921690111797672,-0.8122572723417476
long,2026-05-26 14:15:00,1.16258,2026-05-26 23:30:00,1.1639,TECH,0.0007991162493769275,0.0011354057355192656,0.0008354057355192657,1.0454120238083422
long,2026-05-27 00:15:00,1.16397,2026-05-27 06:45:00,1.16383,TECH,0.0004851461534168225,-0.0001202780140381874,-0.0004202780140381874,-0.8662915516864824
long,2026-05-27 09:15:00,1.16454,2026-05-27 10:45:00,1.163267580799428,SL,0.0010926367497655462,-0.0010926367497655493,-0.0013926367497655492,-1.2745651746240239
short,2026-05-27 11:15:00,1.16334,2026-05-27 16:30:00,1.16279,TECH,0.0015219290560519888,0.00047277666030571495,0.00017277666030571497,0.11352477937040777
short,2026-05-27 17:45:00,1.16285,2026-05-27 18:00:00,1.1628,TECH,0.0007351652928682865,4.2997807111737086e-05,-0.00025700219288826286,-0.3495842300791366
short,2026-05-27 18:30:00,1.16278,2026-05-27 21:45:00,1.1610858697865132,TP,0.0007284826938400487,0.0014569653876801668,0.0011569653876801669,1.5881851380455705
long,2026-05-28 03:15:00,1.16171,2026-05-28 04:15:00,1.16071499739636,SL,0.000856498268621355,-0.0008564982686212992,-0.0011564982686212992,-1.3502634050654103
short,2026-05-28 07:30:00,1.16106,2026-05-28 07:45:00,1.1620805870599895,SL,0.0008790131948302682,-0.0008790131948301816,-0.0011790131948301815,-1.3412918051336435
long,2026-05-28 08:45:00,1.16324,2026-05-28 10:15:00,1.1656058138397123,TP,0.0010169070182044603,0.0020338140364088565,0.0017338140364088566,1.704987777024324
short,2026-05-28 15:15:00,1.16472,2026-05-28 18:30:00,1.16513,TECH,0.001003784976996591,-0.0003520159351604003,-0.0006520159351604002,-0.6495573754364073
short,2026-05-28 22:15:00,1.16471,2026-05-29 02:45:00,1.16492,TECH,0.0006373946703789119,-0.00018030239287036558,-0.0004803023928703655,-0.7535400203218522
short,2026-05-29 05:00:00,1.16281,2026-05-29 05:45:00,1.1638600483254486,SL,0.0009030265696448649,-0.0009030265696448682,-0.0012030265696448682,-1.3322161385771683
long,2026-05-29 07:45:00,1.16456,2026-05-29 10:45:00,1.1666078811845249,TP,0.0008792510409617175,0.0017585020819234848,0.001458502081923485,1.6588005176862657
short,2026-05-29 15:15:00,1.16677,2026-05-31 21:00:00,1.1644484851335448,TP,0.0009948468277617903,0.0019896936555235953,0.0016896936555235954,1.6984460405076365
long,2026-06-01 01:15:00,1.16515,2026-06-01 06:15:00,1.16492,TECH,0.0005745808837363496,-0.0001973994764622173,-0.0004973994764622173,-0.865673555353527
long,2026-06-01 13:45:00,1.16352,2026-06-01 18:00:00,1.16322,TECH,0.0011374799528781124,-0.0002578382838285453,-0.0005578382838285453,-0.49041592550011376
long,2026-06-01 19:15:00,1.1635,2026-06-01 21:45:00,1.16284056174665,SL,0.000566771167468912,-0.000566771167468861,-0.000866771167468861,-1.529314152199537
short,2026-06-01 22:15:00,1.16317,2026-06-02 00:45:00,1.16366,TECH,0.0005712487803013695,-0.0004212625841449482,-0.0007212625841449482,-1.2626067818725792
short,2026-06-02 06:15:00,1.16436,2026-06-02 07:30:00,1.1650240791536206,SL,0.0005703383434853347,-0.0005703383434853007,-0.0008703383434853008,-1.526003561616895
long,2026-06-02 08:15:00,1.16486,2026-06-02 09:45:00,1.1641942175709263,SL,0.0005715557483935237,-0.0005715557483935143,-0.0008715557483935142,-1.5248831821623752
short,2026-06-02 10:45:00,1.16464,2026-06-02 12:30:00,1.1626914859274833,TP,0.0008365306328636089,0.0016730612657272774,0.0013730612657272775,1.6413759541919208
long,2026-06-02 16:45:00,1.16313,2026-06-02 17:00:00,1.1623503643844466,SL,0.0006702910384508144,-0.0006702910384508927,-0.0009702910384508927,-1.4475667774008172
short,2026-06-02 19:15:00,1.1625,2026-06-02 21:30:00,1.1631482421798955,SL,0.000557627681630498,-0.0005576276816304972,-0.0008576276816304972,-1.5379933778086519
long,2026-06-02 22:00:00,1.16294,2026-06-03 00:45:00,1.16256,TECH,0.0006134093074978406,-0.0003267580442671565,-0.0006267580442671564,-1.0217615491094627
long,2026-06-03 07:15:00,1.16181,2026-06-03 08:15:00,1.1608534550961753,SL,0.0008233230079141043,-0.0008233230079141042,-0.0011233230079141041,-1.3643770392862606
short,2026-06-03 09:15:00,1.16015,2026-06-03 11:00:00,1.1612419011559778,SL,0.0009411723966537217,-0.0009411723966537021,-0.001241172396653702,-1.3187513797329917
long,2026-06-03 17:45:00,1.15995,2026-06-03 18:00:00,1.15974,TECH,0.0006034019063009193,-0.00018104228630548167,-0.00048104228630548165,-0.7972170476796333
long,2026-06-03 19:00:00,1.16056,2026-06-04 00:00:00,1.1606,TECH,0.0007331545234309162,3.446611980426691e-05,-0.00026553388019573307,-0.36217996576373007
long,2026-06-04 02:00:00,1.16099,2026-06-04 03:30:00,1.1602720969129474,SL,0.0006183542382384849,-0.0006183542382385306,-0.0009183542382385306,-1.4851587996787412
short,2026-06-04 04:45:00,1.16073,2026-06-04 05:00:00,1.161691813259624,SL,0.0008286278976367635,-0.0008286278976367079,-0.001128627897636708,-1.3620442913586914
long,2026-06-04 05:30:00,1.16207,2026-06-04 07:15:00,1.164070906509762,TP,0.0008609233995207635,0.0017218467990414916,0.0014218467990414917,1.6515369425816147
short,2026-06-04 11:00:00,1.16304,2026-06-04 16:15:00,1.1609641293595925,TP,0.0008924330377319522,0.0017848660754639525,0.0014848660754639526,1.6638403249140372
long,2026-06-04 19:30:00,1.1613,2026-06-05 03:00:00,1.1623477292032802,TP,0.00045110187000783794,0.0009022037400156921,0.0006022037400156921,1.3349617460136638
short,2026-06-05 08:45:00,1.16069,2026-06-05 09:30:00,1.158246314262848,TP,0.001052686650678489,0.002105373301356886,0.001805373301356886,1.7150149098910559
long,2026-06-07 20:30:00,1.15224,2026-06-07 21:30:00,1.1512180624250485,SL,0.0008869138156559748,-0.0008869138156559333,-0.0011869138156559334,-1.3382515805981374
short,2026-06-08 02:45:00,1.15188,2026-06-08 06:30:00,1.1530524420350008,SL,0.0010178508481792328,-0.0010178508481793033,-0.0013178508481793032,-1.294738664841436
long,2026-06-08 07:30:00,1.15407,2026-06-08 13:30:00,1.15395,TECH,0.001428407054954598,-0.00010397982791329639,-0.00040397982791329635,-0.2828184210600506
long,2026-06-08 19:00:00,1.15334,2026-06-08 20:15:00,1.15282,TECH,0.0006286090843535602,-0.00045086444587032096,-0.0007508644458703209,-1.1944855150200127
long,2026-06-08 22:15:00,1.15394,2026-06-09 02:15:00,1.1551734740251085,TP,0.0005344619413091512,0.0010689238826182804,0.0007689238826182805,1.4386878151413747
short,2026-06-09 04:45:00,1.15461,2026-06-09 05:00:00,1.1555038695315907,SL,0.0007741744239100844,-0.0007741744239100329,-0.001074174423910033,-1.3875095724355675
long,2026-06-09 05:30:00,1.1556,2026-06-09 09:00:00,1.1575257225662574,TP,0.0008332132945038697,0.00166642658900783,0.0013664265890078302,1.6399481357549126
short,2026-06-09 11:00:00,1.15623,2026-06-09 12:30:00,1.1537962758299143,TP,0.0010524394670981825,0.002104878934196314,0.0018048789341963143,1.7149479762221198
long,2026-06-09 22:00:00,1.15378,2026-06-10 02:00:00,1.1556262569205031,TP,0.0008000905374088213,0.0016001810748176503,0.0013001810748176504,1.6250424346079955
short,2026-06-10 07:30:00,1.15431,2026-06-10 08:30:00,1.1554092441662671,SL,0.0009522954546588434,-0.0009522954546587711,-0.001252295454658771,-1.3150282809103626
long,2026-06-10 10:00:00,1.15623,2026-06-10 11:45:00,1.1546200269550309,SL,0.0013924332053044414,-0.0013924332053045132,-0.001692433205304513,-1.2154501909730597
short,2026-06-10 13:00:00,1.15538,2026-06-10 21:00:00,1.15425,TECH,0.0013540402650452036,0.0009780332011979395,0.0006780332011979396,0.5007481820899203
short,2026-06-11 01:00:00,1.15484,2026-06-11 04:45:00,1.1533043387552746,TP,0.0006648805222911634,0.0013297610445823522,0.0010297610445823523,1.5487911136783172
long,2026-06-11 09:00:00,1.15398,2026-06-11 09:15:00,1.1524534549190566,SL,0.001322852285952505,-0.0013228522859524505,-0.0016228522859524505,-1.2267826900899474
short,2026-06-11 10:00:00,1.15296,2026-06-11 13:30:00,1.1547055251472518,SL,0.0015139511754543114,-0.0015139511754543018,-0.0018139511754543018,-1.1981569847587492
long,2026-06-11 14:15:00,1.15521,2026-06-11 20:15:00,1.15711,TECH,0.0019053515504312694,0.0016447226045481018,0.001344722604548102,0.7057608892404811
long,2026-06-12 00:30:00,1.15716,2026-06-12 01:45:00,1.1562208717723246,SL,0.000811580272110485,-0.0008115802721105032,-0.0011115802721105032,-1.3696492020683044
short,2026-06-12 02:30:00,1.15674,2026-06-12 04:15:00,1.157763647042273,SL,0.0008849413370963927,-0.0008849413370963814,-0.0011849413370963813,-1.3390055220884218
long,2026-06-12 04:45:00,1.15802,2026-06-12 08:15:00,1.1566398322527502,SL,0.0011918341196609568,-0.0011918341196609776,-0.0014918341196609776,-1.2517128810554292
short,2026-06-12 08:30:00,1.15614,2026-06-12 09:15:00,1.1575081613626954,SL,0.0011833872737692134,-0.0011833872737691488,-0.0014833872737691487,-1.2535095709153636
long,2026-06-12 11:30:00,1.15823,2026-06-12 16:00:00,1.15712,TECH,0.001339260084368482,-0.0009583588751803755,-0.0012583588751803754,-0.9395926077896551
long,2026-06-14 17:45:00,1.15967,2026-06-14 22:15:00,1.15948,TECH,0.0010657061913660676,-0.00016383971302173244,-0.00046383971302173244,-0.4352416423772137
long,2026-06-15 00:30:00,1.1609,2026-06-15 04:15:00,1.16055,TECH,0.0007538680073604548,-0.0003014902231028275,-0.0006014902231028275,-0.7978720641148401
long,2026-06-15 07:00:00,1.16105,2026-06-15 11:30:00,1.1600067963219958,SL,0.0008985002179097515,-0.000898500217909776,-0.001198500217909776,-1.333889735383634
short,2026-06-15 11:45:00,1.15977,2026-06-15 20:30:00,1.15882,TECH,0.0009601017216925001,0.000819127930537957,0.0005191279305379571,0.540700968250344
short,2026-06-15 22:30:00,1.15862,2026-06-16 03:45:00,1.15929,TECH,0.0006509725464847091,-0.0005782741537345708,-0.0008782741537345707,-1.3491723398740914
short,2026-06-16 09:00:00,1.15993,2026-06-16 11:45:00,1.1609719550128852,SL,0.0008982912873062909,-0.0008982912873063783,-0.0011982912873063783,-1.33396739369442
long,2026-06-16 12:15:00,1.16172,2026-06-16 16:00:00,1.1608,TECH,0.0011912640040199311,-0.0007919292084151361,-0.001091929208415136,-0.9166139535236615
long,2026-06-16 19:00:00,1.1612,2026-06-16 23:15:00,1.16109,TECH,0.0005733685946305852,-9.472959007927531e-05,-0.0003947295900792753,-0.6884395025744217
long,2026-06-17 02:15:00,1.16113,2026-06-17 02:30:00,1.1606,TECH,0.0005030536198084027,-0.00045645190461009486,-0.0007564519046100948,-1.5037202294622263
long,2026-06-17 10:30:00,1.15927,2026-06-17 10:45:00,1.15829256387475,SL,0.0008431479510812163,-0.0008431479510812147,-0.0011431479510812146,-1.3558094396307212
short,2026-06-17 11:15:00,1.159,2026-06-17 14:00:00,1.1568488577498732,TP,0.0009280165013489559,0.0018560330026978454,0.0015560330026978455,1.6767298861992335
long,2026-06-17 20:00:00,1.15067,2026-06-18 03:15:00,1.15124,TECH,0.0011556606396394685,0.0004953635707891571,0.00019536357078915714,0.1690492555410598
long,2026-06-18 10:15:00,1.14719,2026-06-18 13:15:00,1.14712,TECH,0.0015557204708940898,-6.101866299393692e-05,-0.0003610186629939369,-0.232058824029265
long,2026-06-18 19:00:00,1.14632,2026-06-18 21:45:00,1.1453272341195682,SL,0.000866046025919285,-0.000866046025919329,-0.001166046025919329,-1.3464019128563078
short,2026-06-18 22:00:00,1.14531,2026-06-19 00:30:00,1.1436449507973403,TP,0.0007268989193579454,0.0014537978387159387,0.0011537978387159387,1.5872878717924965
long,2026-06-19 04:00:00,1.14463,2026-06-19 08:45:00,1.1469863913017124,TP,0.00102932445493844,0.002058648909876895,0.001758648909876895,1.708546708901493
short,2026-06-21 17:30:00,1.14548,2026-06-21 17:30:00,1.1465035039218574,SL,0.0008935153139795364,-0.0008935153139795975,-0.0011935153139795976,-1.3357524994887013
long,2026-06-21 21:30:00,1.14681,2026-06-21 23:45:00,1.1459,TECH,0.0009304599461949903,-0.0007935054629800825,-0.0010935054629800825,-1.175231096676271
long,2026-06-22 06:30:00,1.14601,2026-06-22 07:45:00,1.1447624637379403,SL,0.0010885910786638945,-0.0010885910786639255,-0.0013885910786639254,-1.275585576512571
short,2026-06-22 09:15:00,1.14445,2026-06-22 18:00:00,1.1427,TECH,0.0012526377611650717,0.0015291187906854107,0.0012291187906854108,0.9812244439623262
short,2026-06-22 20:45:00,1.14258,2026-06-22 22:30:00,1.14299,TECH,0.0005361785160466076,-0.0003588370179768782,-0.0006588370179768782,-1.2287642981943137
short,2026-06-23 01:00:00,1.14208,2026-06-23 02:15:00,1.1428040446189032,SL,0.0006339701412362866,-0.0006339701412363282,-0.0009339701412363281,-1.47320840602212
long,2026-06-23 03:30:00,1.14373,2026-06-23 03:30:00,1.142682566190674,SL,0.000915805136986621,-0.0009158051369867146,-0.0012158051369867146,-1.327580604087042
short,2026-06-23 03:45:00,1.14158,2026-06-23 07:45:00,1.1389119086398238,TP,0.0011685958759685227,0.0023371917519369695,0.0020371917519369695,1.743281654360248
long,2026-06-23 17:00:00,1.13812,2026-06-23 20:00:00,1.13789,TECH,0.0006495890731620474,-0.00020208765332298216,-0.0005020876533229821,-0.7729311869101139
long,2026-06-24 11:15:00,1.13511,2026-06-24 20:15:00,1.13513,TECH,0.0014887215214604956,1.7619437763660772e-05,-0.0002823805622363392,-0.18967990867715306
long,2026-06-24 22:15:00,1.13604,2026-06-25 02:45:00,1.13568,TECH,0.0007912443903388051,-0.0003168902503432238,-0.0006168902503432237,-0.7796456542068827
long,2026-06-25 05:30:00,1.13697,2026-06-25 06:00:00,1.135908546251098,SL,0.0009335811401373301,-0.0009335811401373703,-0.0012335811401373703,-1.3213432524524973
short,2026-06-25 07:15:00,1.13441,2026-06-25 08:30:00,1.1355147244907795,SL,0.0009738317634537281,-0.0009738317634537646,-0.0012738317634537646,-1.3080614242198019
long,2026-06-25 10:15:00,1.13739,2026-06-25 14:45:00,1.13746,TECH,0.0015559569616705436,6.154441308611339e-05,-0.00023845558691388657,-0.15325333077199654
long,2026-06-26 00:30:00,1.13738,2026-06-26 04:00:00,1.1390966274680394,TP,0.0007546411349062106,0.0015092822698125126,0.0012092822698125127,1.602460048726083
short,2026-06-26 12:15:00,1.13993,2026-06-26 16:45:00,1.13854,EOD,0.001602349291861802,0.0012193731194020704,0.0009193731194020705,0.5737657351436979
